[2025-11-13 23:13:09Z INFO HostContext] No proxy settings were found based on environmental variables (http_proxy/https_proxy/HTTP_PROXY/HTTPS_PROXY)
[2025-11-13 23:13:09Z INFO HostContext] Well known directory 'Bin': 'C:\Trabalho\actions-runner\bin'
[2025-11-13 23:13:09Z INFO HostContext] Well known directory 'Root': 'C:\Trabalho\actions-runner'
[2025-11-13 23:13:09Z INFO HostContext] Well known config file 'Credentials': 'C:\Trabalho\actions-runner\.credentials'
[2025-11-13 23:13:09Z INFO HostContext] Well known directory 'Bin': 'C:\Trabalho\actions-runner\bin'
[2025-11-13 23:13:09Z INFO HostContext] Well known directory 'Root': 'C:\Trabalho\actions-runner'
[2025-11-13 23:13:09Z INFO HostContext] Well known config file 'Runner': 'C:\Trabalho\actions-runner\.runner'
[2025-11-13 23:13:09Z INFO Worker] Version: 2.329.0
[2025-11-13 23:13:09Z INFO Worker] Commit: c76c59996c8fa32e989164a5a695efb12608ae5a
[2025-11-13 23:13:09Z INFO Worker] Culture: pt-BR
[2025-11-13 23:13:09Z INFO Worker] UI Culture: pt-BR
[2025-11-13 23:13:09Z INFO Worker] Waiting to receive the job message from the channel.
[2025-11-13 23:13:09Z INFO ProcessChannel] Receiving message of length 39970, with hash '1f3bb8837be3077367d19e10c495c9628664c7f9746ee947fc2b1e68e178ced7'
[2025-11-13 23:13:09Z INFO Worker] Message received.
[2025-11-13 23:13:09Z INFO Worker] Job message:
 {
  "fileTable": [
    ".github/workflows/cd.yml"
  ],
  "mask": [
    {
      "type": "regex",
      "value": "***"
    },
    {
      "type": "regex",
      "value": "***"
    },
    {
      "type": "regex",
      "value": "***"
    },
    {
      "type": "regex",
      "value": "***"
    },
    {
      "type": "regex",
      "value": "***"
    },
    {
      "type": "regex",
      "value": "***"
    },
    {
      "type": "regex",
      "value": "***"
    },
    {
      "type": "regex",
      "value": "***"
    },
    {
      "type": "regex",
      "value": "***"
    },
    {
      "type": "regex",
      "value": "***"
    },
    {
      "type": "regex",
      "value": "***"
    },
    {
      "type": "regex",
      "value": "***"
    },
    {
      "type": "regex",
      "value": "***"
    },
    {
      "type": "regex",
      "value": "***"
    },
    {
      "type": "regex",
      "value": "***"
    },
    {
      "type": "regex",
      "value": "***"
    },
    {
      "type": "regex",
      "value": "***"
    },
    {
      "type": "regex",
      "value": "***"
    }
  ],
  "steps": [
    {
      "type": "action",
      "reference": {
        "type": "repository",
        "name": "actions/checkout",
        "ref": "v4",
        "repositoryType": "GitHub"
      },
      "displayNameToken": {
        "type": 0,
        "file": 1,
        "line": 23,
        "col": 15,
        "lit": "Checkout"
      },
      "contextName": "__actions_checkout",
      "condition": "success()",
      "id": "3191aa21-ac6b-4989-b0ed-5df5293c0814",
      "name": "__actions_checkout"
    },
    {
      "type": "action",
      "reference": {
        "type": "script"
      },
      "displayNameToken": {
        "type": 0,
        "file": 1,
        "line": 26,
        "col": 15,
        "lit": "Set vars"
      },
      "contextName": "vars",
      "inputs": {
        "type": 2,
        "map": [
          {
            "key": "script",
            "value": {
              "type": 3,
              "file": 1,
              "line": 29,
              "col": 14,
              "expr": "format('\"IMAGE=jacksonugv/trabalho\" >> $env:GITHUB_OUTPUT\n\"TAG_SHA=$($env:GITHUB_SHA.Substring(0,7))\" >> $env:GITHUB_OUTPUT\n$ns = \"{0}\"\nif ([string]::IsNullOrWhiteSpace($ns)) {{ $ns = \"***\" }}\n\"NAMESPACE=$ns\" >> $env:GITHUB_OUTPUT\n', secrets.K8S_NAMESPACE)"
            }
          },
          {
            "key": "shell",
            "value": {
              "type": 0,
              "file": 1,
              "line": 28,
              "col": 16,
              "lit": "powershell"
            }
          }
        ]
      },
      "condition": "success()",
      "id": "9203c26c-f991-48ca-a894-5853ceb5aa01",
      "name": "vars"
    },
    {
      "type": "action",
      "reference": {
        "type": "script"
      },
      "displayNameToken": {
        "type": 0,
        "file": 1,
        "line": 37,
        "col": 15,
        "lit": "Ensure kubectl"
      },
      "contextName": "__run",
      "inputs": {
        "type": 2,
        "map": [
          {
            "key": "script",
            "value": {
              "type": 0,
              "file": 1,
              "line": 39,
              "col": 14,
              "lit": "$ErrorActionPreference = 'Stop'\nif (-not (Get-Command kubectl -ErrorAction SilentlyContinue)) {\n  Write-Host \"kubectl não encontrado. Instalando...\"\n  Invoke-WebRequest -UseBasicParsing -Uri https://dl.k8s.io/release/stable.txt -OutFile stable.txt\n  $ver = Get-Content stable.txt\n  $url = \"https://dl.k8s.io/release/$ver/bin/windows/amd64/kubectl.exe\"\n  $bin = Join-Path $env:RUNNER_TEMP \"bin\"\n  New-Item -ItemType Directory -Force -Path $bin | Out-Null\n  Invoke-WebRequest -UseBasicParsing -Uri $url -OutFile (Join-Path $bin \"kubectl.exe\")\n  \"$bin\" | Out-File -FilePath $env:GITHUB_PATH -Encoding ascii -Append\n}\nkubectl version --client=true\n"
            }
          },
          {
            "key": "shell",
            "value": {
              "type": 0,
              "file": 1,
              "line": 38,
              "col": 16,
              "lit": "powershell"
            }
          }
        ]
      },
      "condition": "success()",
      "id": "b396365a-b5c0-488c-934b-728ff733979e",
      "name": "__run"
    },
    {
      "type": "action",
      "reference": {
        "type": "script"
      },
      "displayNameToken": {
        "type": 0,
        "file": 1,
        "line": 54,
        "col": 15,
        "lit": "Ensure Minikube running"
      },
      "contextName": "__run_2",
      "inputs": {
        "type": 2,
        "map": [
          {
            "key": "script",
            "value": {
              "type": 0,
              "file": 1,
              "line": 56,
              "col": 14,
              "lit": "$ErrorActionPreference = 'Stop'\n\nif (-not (Get-Command minikube -ErrorAction SilentlyContinue)) {\n  throw \"Minikube não está instalado no runner. Instale no mesmo host.\"\n}\n\n# Detecta driver preferível\n$driver = \"docker\"\nif (-not (Get-Command docker -ErrorAction SilentlyContinue)) {\n  $driver = \"hyperv\"\n}\n\n\n# Sobe se necessário\n$ok = $false\ntry {\n  $st = minikube status --output=json | ConvertFrom-Json\n  if ($st.Host -eq 'Running' -and $st.Kubelet -eq 'Running' -and $st.APIServer -eq 'Running') { $ok = $true }\n} catch { }\n\nif (-not $ok) {\n  Write-Host \"Iniciando Minikube (--driver=$driver)...\"\n  minikube start --driver=$driver\n}\n\n# Garante kubeconfig do minikube e contexto\nminikube update-context\n$env:KUBECONFIG = \"$env:USERPROFILE\\.kube\\config\"\n\n$ctx = kubectl config current-context\nWrite-Host \"Contexto atual: $ctx\"\n$server = kubectl config view --minify -o jsonpath='{.clusters[0].cluster.server}'\nWrite-Host \"API Server: $server\"\n"
            }
          },
          {
            "key": "shell",
            "value": {
              "type": 0,
              "file": 1,
              "line": 55,
              "col": 16,
              "lit": "powershell"
            }
          }
        ]
      },
      "condition": "success()",
      "id": "9aca0d64-4e6a-4103-a71c-2bbfe4abf2e3",
      "name": "__run_2"
    },
    {
      "type": "action",
      "reference": {
        "type": "script"
      },
      "displayNameToken": {
        "type": 0,
        "file": 1,
        "line": 92,
        "col": 15,
        "lit": "Wait for API server (healthz)"
      },
      "contextName": "__run_3",
      "inputs": {
        "type": 2,
        "map": [
          {
            "key": "script",
            "value": {
              "type": 0,
              "file": 1,
              "line": 94,
              "col": 14,
              "lit": "$ErrorActionPreference = 'Stop'\n$max = 20\nfor ($i=1; $i -le $max; $i++) {\n  try {\n    $h = kubectl get --raw=/healthz 2>$null\n    if ($LASTEXITCODE -eq 0 -and $h -match \"ok\") {\n      Write-Host \"API Server OK\"; break\n    }\n  } catch { }\n  Write-Host \"Aguardando API Server ($i/$max)...\"\n  Start-Sleep -Seconds 3\n  if ($i -eq $max) { throw \"API Server indisponível (timeout).\" }\n}\nkubectl cluster-info\nkubectl get nodes -o wide\n"
            }
          },
          {
            "key": "shell",
            "value": {
              "type": 0,
              "file": 1,
              "line": 93,
              "col": 16,
              "lit": "powershell"
            }
          }
        ]
      },
      "condition": "success()",
      "id": "d82e3d04-ca25-49d2-970d-864be52dbfa7",
      "name": "__run_3"
    },
    {
      "type": "action",
      "reference": {
        "type": "script"
      },
      "displayNameToken": {
        "type": 0,
        "file": 1,
        "line": 112,
        "col": 15,
        "lit": "Create namespace if not exists"
      },
      "contextName": "__run_4",
      "environment": {
        "type": 2,
        "file": 1,
        "line": 115,
        "col": 11,
        "map": [
          {
            "key": {
              "type": 0,
              "file": 1,
              "line": 115,
              "col": 11,
              "lit": "NS"
            },
            "value": {
              "type": 3,
              "file": 1,
              "line": 115,
              "col": 15,
              "expr": "steps.vars.outputs.NAMESPACE"
            }
          }
        ]
      },
      "inputs": {
        "type": 2,
        "map": [
          {
            "key": "script",
            "value": {
              "type": 0,
              "file": 1,
              "line": 116,
              "col": 14,
              "lit": "kubectl get ns $env:NS *> $null\nif ($LASTEXITCODE -ne 0) { kubectl create ns $env:NS }\nkubectl get ns $env:NS\n"
            }
          },
          {
            "key": "shell",
            "value": {
              "type": 0,
              "file": 1,
              "line": 113,
              "col": 16,
              "lit": "powershell"
            }
          }
        ]
      },
      "condition": "success()",
      "id": "ca4d007e-3cf9-4721-b903-8c0aeef0f6c4",
      "name": "__run_4"
    },
    {
      "type": "action",
      "reference": {
        "type": "script"
      },
      "displayNameToken": {
        "type": 0,
        "file": 1,
        "line": 122,
        "col": 15,
        "lit": "Apply base manifests"
      },
      "contextName": "__run_5",
      "environment": {
        "type": 2,
        "file": 1,
        "line": 125,
        "col": 11,
        "map": [
          {
            "key": {
              "type": 0,
              "file": 1,
              "line": 125,
              "col": 11,
              "lit": "NS"
            },
            "value": {
              "type": 3,
              "file": 1,
              "line": 125,
              "col": 15,
              "expr": "steps.vars.outputs.NAMESPACE"
            }
          }
        ]
      },
      "inputs": {
        "type": 2,
        "map": [
          {
            "key": "script",
            "value": {
              "type": 0,
              "file": 1,
              "line": 126,
              "col": 14,
              "lit": "kubectl apply -n $env:NS -f k8s/service.yaml               || $true\nkubectl apply -n $env:NS -f k8s/prometheus-deployment.yaml || $true\nkubectl apply -n $env:NS -f k8s/grafana-deployment.yaml    || $true\nkubectl apply -n $env:NS -f k8s/nginx-deployment.yaml      || $true\nkubectl apply -n $env:NS -f k8s/nginx-service.yaml         || $true\nkubectl apply -n $env:NS -f k8s/prometheus-config.yaml     || $true\n"
            }
          },
          {
            "key": "shell",
            "value": {
              "type": 0,
              "file": 1,
              "line": 123,
              "col": 16,
              "lit": "powershell"
            }
          }
        ]
      },
      "condition": "success()",
      "id": "067fdb64-a268-4a94-bc80-a6a69e208388",
      "name": "__run_5"
    },
    {
      "type": "action",
      "reference": {
        "type": "script"
      },
      "displayNameToken": {
        "type": 0,
        "file": 1,
        "line": 135,
        "col": 15,
        "lit": "Apply app deployment"
      },
      "contextName": "__run_6",
      "environment": {
        "type": 2,
        "file": 1,
        "line": 138,
        "col": 11,
        "map": [
          {
            "key": {
              "type": 0,
              "file": 1,
              "line": 138,
              "col": 11,
              "lit": "NS"
            },
            "value": {
              "type": 3,
              "file": 1,
              "line": 138,
              "col": 15,
              "expr": "steps.vars.outputs.NAMESPACE"
            }
          }
        ]
      },
      "inputs": {
        "type": 2,
        "map": [
          {
            "key": "script",
            "value": {
              "type": 0,
              "file": 1,
              "line": 139,
              "col": 14,
              "lit": "kubectl apply -n $env:NS -f k8s/deployment.yaml\n"
            }
          },
          {
            "key": "shell",
            "value": {
              "type": 0,
              "file": 1,
              "line": 136,
              "col": 16,
              "lit": "powershell"
            }
          }
        ]
      },
      "condition": "success()",
      "id": "c5408487-4c2f-467e-8f41-05c790ac150f",
      "name": "__run_6"
    },
    {
      "type": "action",
      "reference": {
        "type": "script"
      },
      "displayNameToken": {
        "type": 0,
        "file": 1,
        "line": 142,
        "col": 15,
        "lit": "Set image to new tag"
      },
      "contextName": "__run_7",
      "environment": {
        "type": 2,
        "file": 1,
        "line": 145,
        "col": 11,
        "map": [
          {
            "key": {
              "type": 0,
              "file": 1,
              "line": 145,
              "col": 11,
              "lit": "NS"
            },
            "value": {
              "type": 3,
              "file": 1,
              "line": 145,
              "col": 16,
              "expr": "steps.vars.outputs.NAMESPACE"
            }
          },
          {
            "key": {
              "type": 0,
              "file": 1,
              "line": 146,
              "col": 11,
              "lit": "IMG"
            },
            "value": {
              "type": 3,
              "file": 1,
              "line": 146,
              "col": 16,
              "expr": "steps.vars.outputs.IMAGE"
            }
          },
          {
            "key": {
              "type": 0,
              "file": 1,
              "line": 147,
              "col": 11,
              "lit": "TAG"
            },
            "value": {
              "type": 3,
              "file": 1,
              "line": 147,
              "col": 16,
              "expr": "steps.vars.outputs.TAG_SHA"
            }
          }
        ]
      },
      "inputs": {
        "type": 2,
        "map": [
          {
            "key": "script",
            "value": {
              "type": 0,
              "file": 1,
              "line": 148,
              "col": 14,
              "lit": "kubectl set image deployment/monitor monitor=\"$env:IMG:$env:TAG\" -n $env:NS\n"
            }
          },
          {
            "key": "shell",
            "value": {
              "type": 0,
              "file": 1,
              "line": 143,
              "col": 16,
              "lit": "powershell"
            }
          }
        ]
      },
      "condition": "success()",
      "id": "34b58ce5-7a5a-4928-83dd-09f043cdfbb4",
      "name": "__run_7"
    },
    {
      "type": "action",
      "reference": {
        "type": "script"
      },
      "displayNameToken": {
        "type": 0,
        "file": 1,
        "line": 151,
        "col": 15,
        "lit": "Wait rollout"
      },
      "contextName": "__run_8",
      "environment": {
        "type": 2,
        "file": 1,
        "line": 154,
        "col": 11,
        "map": [
          {
            "key": {
              "type": 0,
              "file": 1,
              "line": 154,
              "col": 11,
              "lit": "NS"
            },
            "value": {
              "type": 3,
              "file": 1,
              "line": 154,
              "col": 15,
              "expr": "steps.vars.outputs.NAMESPACE"
            }
          }
        ]
      },
      "inputs": {
        "type": 2,
        "map": [
          {
            "key": "script",
            "value": {
              "type": 0,
              "file": 1,
              "line": 155,
              "col": 14,
              "lit": "kubectl rollout status deployment/monitor -n $env:NS --timeout=180s\n"
            }
          },
          {
            "key": "shell",
            "value": {
              "type": 0,
              "file": 1,
              "line": 152,
              "col": 16,
              "lit": "powershell"
            }
          }
        ]
      },
      "condition": "success()",
      "id": "97c67e74-1f11-46c6-8d19-8e518d5704f5",
      "name": "__run_8"
    },
    {
      "type": "action",
      "reference": {
        "type": "script"
      },
      "displayNameToken": {
        "type": 0,
        "file": 1,
        "line": 158,
        "col": 15,
        "lit": "Show services/pods"
      },
      "contextName": "__run_9",
      "environment": {
        "type": 2,
        "file": 1,
        "line": 161,
        "col": 11,
        "map": [
          {
            "key": {
              "type": 0,
              "file": 1,
              "line": 161,
              "col": 11,
              "lit": "NS"
            },
            "value": {
              "type": 3,
              "file": 1,
              "line": 161,
              "col": 15,
              "expr": "steps.vars.outputs.NAMESPACE"
            }
          }
        ]
      },
      "inputs": {
        "type": 2,
        "map": [
          {
            "key": "script",
            "value": {
              "type": 0,
              "file": 1,
              "line": 162,
              "col": 14,
              "lit": "kubectl get svc -n $env:NS\nkubectl get deploy -n $env:NS\nkubectl get pods -o wide -n $env:NS\n"
            }
          },
          {
            "key": "shell",
            "value": {
              "type": 0,
              "file": 1,
              "line": 159,
              "col": 16,
              "lit": "powershell"
            }
          }
        ]
      },
      "condition": "success()",
      "id": "cab36376-a15a-41b3-bcb0-58ea43511e0f",
      "name": "__run_9"
    }
  ],
  "variables": {
    "Actions.EnableHttpRedirects": {
      "value": "true"
    },
    "DistributedTask.AddWarningToNode12Action": {
      "value": "true"
    },
    "DistributedTask.AddWarningToNode16Action": {
      "value": "true"
    },
    "DistributedTask.AllowRunnerContainerHooks": {
      "value": "true"
    },
    "DistributedTask.DeprecateStepOutputCommands": {
      "value": "true"
    },
    "DistributedTask.DetailUntarFailure": {
      "value": "true"
    },
    "DistributedTask.EnableCompositeActions": {
      "value": "true"
    },
    "DistributedTask.EnableJobServerQueueTelemetry": {
      "value": "true"
    },
    "DistributedTask.EnhancedAnnotations": {
      "value": "true"
    },
    "DistributedTask.ForceGithubJavascriptActionsToNode16": {
      "value": "true"
    },
    "DistributedTask.ForceGithubJavascriptActionsToNode20": {
      "value": "true"
    },
    "DistributedTask.LogTemplateErrorsAsDebugMessages": {
      "value": "true"
    },
    "DistributedTask.MarkJobAsFailedOnWorkerCrash": {
      "value": "true"
    },
    "DistributedTask.NewActionMetadata": {
      "value": "true"
    },
    "DistributedTask.UploadStepSummary": {
      "value": "true"
    },
    "DistributedTask.UseActionArchiveCache": {
      "value": "true"
    },
    "DistributedTask.UseWhich2": {
      "value": "true"
    },
    "K8S_NAMESPACE": {
      "value": "***",
      "isSecret": true
    },
    "RunService.FixEmbeddedIssues": {
      "value": "true"
    },
    "actions_add_check_run_id_to_job_context": {
      "value": "true"
    },
    "actions_container_action_runner_temp": {
      "value": "false"
    },
    "actions_display_helpful_actions_download_errors": {
      "value": "true"
    },
    "actions_skip_retry_complete_job_upon_known_errors": {
      "value": "true"
    },
    "actions_uses_cache_service_v2": {
      "value": "true"
    },
    "github_token": {
      "value": "***",
      "isSecret": true
    },
    "system.from_run_service": {
      "value": "true"
    },
    "system.github.job": {
      "value": "deploy"
    },
    "system.github.launch_endpoint": {
      "value": "https://launch.actions.githubusercontent.com"
    },
    "system.github.results_endpoint": {
      "value": "https://results-receiver.actions.githubusercontent.com/"
    },
    "system.github.results_upload_with_sdk": {
      "value": "true"
    },
    "system.github.token": {
      "value": "***",
      "isSecret": true
    },
    "system.github.token.permissions": {
      "value": "{\"Contents\":\"read\",\"Metadata\":\"read\"}"
    },
    "system.orchestrationId": {
      "value": "d43c0b8e-46dc-4b25-ad42-383da2100f10.deploy.__***"
    },
    "system.phaseDisplayName": {
      "value": "deploy"
    },
    "system.runner.lowdiskspacethreshold": {
      "value": "100"
    },
    "system.runnerEnvironment": {
      "value": "self-hosted"
    },
    "system.runnerGroupName": {
      "value": "Default"
    }
  },
  "messageType": "RunnerJobRequest",
  "plan": {
    "scopeIdentifier": "00000000-0000-0000-0000-000000000000",
    "planType": "actions",
    "version": 0,
    "planId": "d43c0b8e-46dc-4b25-ad42-383da2100f10",
    "planGroup": null,
    "artifactUri": null,
    "artifactLocation": null,
    "definition": null,
    "owner": null
  },
  "timeline": {
    "id": "d43c0b8e-46dc-4b25-ad42-383da2100f10",
    "changeId": 0,
    "location": null
  },
  "jobId": "6dc16b61-90d1-50f9-aec9-998bcf2a6917",
  "jobDisplayName": "deploy",
  "jobName": "__***",
  "requestId": 0,
  "lockedUntil": "0001-01-01T00:00:00",
  "resources": {
    "endpoints": [
      {
        "data": {
          "ServerId": "",
          "ServerName": "",
          "CacheServerUrl": "https://artifactcache.actions.githubusercontent.com/8JPZzNWccmXB7pq2VFBusNDSXBCXxapWLLJA8jAevyJ7azicMC/",
          "FeedStreamUrl": "wss://results-receiver.actions.githubusercontent.com/_ws/ingest.sock",
          "ResultsServiceUrl": "https://results-receiver.actions.githubusercontent.com/",
          "PipelinesServiceUrl": "https://pipelinesghubeus24.actions.githubusercontent.com/8JPZzNWccmXB7pq2VFBusNDSXBCXxapWLLJA8jAevyJ7azicMC/",
          "GenerateIdTokenUrl": ""
        },
        "name": "SystemVssConnection",
        "url": "https://run-actions-1-azure-eastus.actions.githubusercontent.com/85/",
        "authorization": {
          "parameters": {
            "AccessToken": "***"
          },
          "scheme": "OAuth"
        },
        "isShared": false,
        "isReady": true
      }
    ]
  },
  "contextData": {
    "github": {
      "t": 2,
      "d": [
        {
          "k": "ref",
          "v": "refs/heads/main"
        },
        {
          "k": "sha",
          "v": "0dcab27f487d2cbc442c599ce531691f375ed2e4"
        },
        {
          "k": "repository",
          "v": "potinhek/Trabalho"
        },
        {
          "k": "repository_owner",
          "v": "potinhek"
        },
        {
          "k": "repository_owner_id",
          "v": "127362942"
        },
        {
          "k": "repositoryUrl",
          "v": "git://github.com/potinhek/Trabalho.git"
        },
        {
          "k": "run_id",
          "v": "19348760026"
        },
        {
          "k": "run_number",
          "v": "17"
        },
        {
          "k": "retention_days",
          "v": "90"
        },
        {
          "k": "run_attempt",
          "v": "1"
        },
        {
          "k": "artifact_cache_size_limit",
          "v": "10"
        },
        {
          "k": "repository_visibility",
          "v": "public"
        },
        {
          "k": "actor_id",
          "v": "127362942"
        },
        {
          "k": "actor",
          "v": "potinhek"
        },
        {
          "k": "workflow",
          "v": "CD - Deploy to Kubernetes (Self-Hosted)"
        },
        {
          "k": "head_ref",
          "v": ""
        },
        {
          "k": "base_ref",
          "v": ""
        },
        {
          "k": "event_name",
          "v": "workflow_run"
        },
        {
          "k": "server_url",
          "v": "https://github.com"
        },
        {
          "k": "api_url",
          "v": "https://api.github.com"
        },
        {
          "k": "graphql_url",
          "v": "https://api.github.com/graphql"
        },
        {
          "k": "ref_name",
          "v": "main"
        },
        {
          "k": "ref_protected",
          "v": false
        },
        {
          "k": "ref_type",
          "v": "branch"
        },
        {
          "k": "secret_source",
          "v": "Actions"
        },
        {
          "k": "event",
          "v": {
            "t": 2,
            "d": [
              {
                "k": "action",
                "v": "completed"
              },
              {
                "k": "repository",
                "v": {
                  "t": 2,
                  "d": [
                    {
                      "k": "allow_forking",
                      "v": true
                    },
                    {
                      "k": "archive_url",
                      "v": "https://api.github.com/repos/potinhek/Trabalho/{archive_format}{/ref}"
                    },
                    {
                      "k": "archived",
                      "v": false
                    },
                    {
                      "k": "assignees_url",
                      "v": "https://api.github.com/repos/potinhek/Trabalho/assignees{/user}"
                    },
                    {
                      "k": "blobs_url",
                      "v": "https://api.github.com/repos/potinhek/Trabalho/git/blobs{/sha}"
                    },
                    {
                      "k": "branches_url",
                      "v": "https://api.github.com/repos/potinhek/Trabalho/branches{/branch}"
                    },
                    {
                      "k": "clone_url",
                      "v": "https://github.com/potinhek/Trabalho.git"
                    },
                    {
                      "k": "collaborators_url",
                      "v": "https://api.github.com/repos/potinhek/Trabalho/collaborators{/collaborator}"
                    },
                    {
                      "k": "comments_url",
                      "v": "https://api.github.com/repos/potinhek/Trabalho/comments{/number}"
                    },
                    {
                      "k": "commits_url",
                      "v": "https://api.github.com/repos/potinhek/Trabalho/commits{/sha}"
                    },
                    {
                      "k": "compare_url",
                      "v": "https://api.github.com/repos/potinhek/Trabalho/compare/{base}...{head}"
                    },
                    {
                      "k": "contents_url",
                      "v": "https://api.github.com/repos/potinhek/Trabalho/contents/{+path}"
                    },
                    {
                      "k": "contributors_url",
                      "v": "https://api.github.com/repos/potinhek/Trabalho/contributors"
                    },
                    {
                      "k": "created_at",
                      "v": "2025-10-31T22:59:52Z"
                    },
                    {
                      "k": "***_branch",
                      "v": "main"
                    },
                    {
                      "k": "deployments_url",
                      "v": "https://api.github.com/repos/potinhek/Trabalho/deployments"
                    },
                    {
                      "k": "description",
                      "v": null
                    },
                    {
                      "k": "disabled",
                      "v": false
                    },
                    {
                      "k": "downloads_url",
                      "v": "https://api.github.com/repos/potinhek/Trabalho/downloads"
                    },
                    {
                      "k": "events_url",
                      "v": "https://api.github.com/repos/potinhek/Trabalho/events"
                    },
                    {
                      "k": "fork",
                      "v": false
                    },
                    {
                      "k": "forks",
                      "v": 0.0
                    },
                    {
                      "k": "forks_count",
                      "v": 0.0
                    },
                    {
                      "k": "forks_url",
                      "v": "https://api.github.com/repos/potinhek/Trabalho/forks"
                    },
                    {
                      "k": "full_name",
                      "v": "potinhek/Trabalho"
                    },
                    {
                      "k": "git_commits_url",
                      "v": "https://api.github.com/repos/potinhek/Trabalho/git/commits{/sha}"
                    },
                    {
                      "k": "git_refs_url",
                      "v": "https://api.github.com/repos/potinhek/Trabalho/git/refs{/sha}"
                    },
                    {
                      "k": "git_tags_url",
                      "v": "https://api.github.com/repos/potinhek/Trabalho/git/tags{/sha}"
                    },
                    {
                      "k": "git_url",
                      "v": "git://github.com/potinhek/Trabalho.git"
                    },
                    {
                      "k": "has_discussions",
                      "v": false
                    },
                    {
                      "k": "has_downloads",
                      "v": true
                    },
                    {
                      "k": "has_issues",
                      "v": true
                    },
                    {
                      "k": "has_pages",
                      "v": false
                    },
                    {
                      "k": "has_projects",
                      "v": true
                    },
                    {
                      "k": "has_wiki",
                      "v": true
                    },
                    {
                      "k": "homepage",
                      "v": null
                    },
                    {
                      "k": "hooks_url",
                      "v": "https://api.github.com/repos/potinhek/Trabalho/hooks"
                    },
                    {
                      "k": "html_url",
                      "v": "https://github.com/potinhek/Trabalho"
                    },
                    {
                      "k": "id",
                      "v": 1087436599.0
                    },
                    {
                      "k": "is_template",
                      "v": false
                    },
                    {
                      "k": "issue_comment_url",
                      "v": "https://api.github.com/repos/potinhek/Trabalho/issues/comments{/number}"
                    },
                    {
                      "k": "issue_events_url",
                      "v": "https://api.github.com/repos/potinhek/Trabalho/issues/events{/number}"
                    },
                    {
                      "k": "issues_url",
                      "v": "https://api.github.com/repos/potinhek/Trabalho/issues{/number}"
                    },
                    {
                      "k": "keys_url",
                      "v": "https://api.github.com/repos/potinhek/Trabalho/keys{/key_id}"
                    },
                    {
                      "k": "labels_url",
                      "v": "https://api.github.com/repos/potinhek/Trabalho/labels{/name}"
                    },
                    {
                      "k": "language",
                      "v": "JavaScript"
                    },
                    {
                      "k": "languages_url",
                      "v": "https://api.github.com/repos/potinhek/Trabalho/languages"
                    },
                    {
                      "k": "license",
                      "v": null
                    },
                    {
                      "k": "merges_url",
                      "v": "https://api.github.com/repos/potinhek/Trabalho/merges"
                    },
                    {
                      "k": "milestones_url",
                      "v": "https://api.github.com/repos/potinhek/Trabalho/milestones{/number}"
                    },
                    {
                      "k": "mirror_url",
                      "v": null
                    },
                    {
                      "k": "name",
                      "v": "Trabalho"
                    },
                    {
                      "k": "node_id",
                      "v": "R_kgDOQND3Nw"
                    },
                    {
                      "k": "notifications_url",
                      "v": "https://api.github.com/repos/potinhek/Trabalho/notifications{?since,all,participating}"
                    },
                    {
                      "k": "open_issues",
                      "v": 0.0
                    },
                    {
                      "k": "open_issues_count",
                      "v": 0.0
                    },
                    {
                      "k": "owner",
                      "v": {
                        "t": 2,
                        "d": [
                          {
                            "k": "avatar_url",
                            "v": "https://avatars.githubusercontent.com/u/127362942?v=4"
                          },
                          {
                            "k": "events_url",
                            "v": "https://api.github.com/users/potinhek/events{/privacy}"
                          },
                          {
                            "k": "followers_url",
                            "v": "https://api.github.com/users/potinhek/followers"
                          },
                          {
                            "k": "following_url",
                            "v": "https://api.github.com/users/potinhek/following{/other_user}"
                          },
                          {
                            "k": "gists_url",
                            "v": "https://api.github.com/users/potinhek/gists{/gist_id}"
                          },
                          {
                            "k": "gravatar_id",
                            "v": ""
                          },
                          {
                            "k": "html_url",
                            "v": "https://github.com/potinhek"
                          },
                          {
                            "k": "id",
                            "v": 127362942.0
                          },
                          {
                            "k": "login",
                            "v": "potinhek"
                          },
                          {
                            "k": "node_id",
                            "v": "U_kgDOB5dnfg"
                          },
                          {
                            "k": "organizations_url",
                            "v": "https://api.github.com/users/potinhek/orgs"
                          },
                          {
                            "k": "received_events_url",
                            "v": "https://api.github.com/users/potinhek/received_events"
                          },
                          {
                            "k": "repos_url",
                            "v": "https://api.github.com/users/potinhek/repos"
                          },
                          {
                            "k": "site_admin",
                            "v": false
                          },
                          {
                            "k": "starred_url",
                            "v": "https://api.github.com/users/potinhek/starred{/owner}{/repo}"
                          },
                          {
                            "k": "subscriptions_url",
                            "v": "https://api.github.com/users/potinhek/subscriptions"
                          },
                          {
                            "k": "type",
                            "v": "User"
                          },
                          {
                            "k": "url",
                            "v": "https://api.github.com/users/potinhek"
                          },
                          {
                            "k": "user_view_type",
                            "v": "public"
                          }
                        ]
                      }
                    },
                    {
                      "k": "private",
                      "v": false
                    },
                    {
                      "k": "pulls_url",
                      "v": "https://api.github.com/repos/potinhek/Trabalho/pulls{/number}"
                    },
                    {
                      "k": "pushed_at",
                      "v": "2025-11-13T23:11:32Z"
                    },
                    {
                      "k": "releases_url",
                      "v": "https://api.github.com/repos/potinhek/Trabalho/releases{/id}"
                    },
                    {
                      "k": "size",
                      "v": 194598.0
                    },
                    {
                      "k": "ssh_url",
                      "v": "git@github.com:potinhek/Trabalho.git"
                    },
                    {
                      "k": "stargazers_count",
                      "v": 0.0
                    },
                    {
                      "k": "stargazers_url",
                      "v": "https://api.github.com/repos/potinhek/Trabalho/stargazers"
                    },
                    {
                      "k": "statuses_url",
                      "v": "https://api.github.com/repos/potinhek/Trabalho/statuses/{sha}"
                    },
                    {
                      "k": "subscribers_url",
                      "v": "https://api.github.com/repos/potinhek/Trabalho/subscribers"
                    },
                    {
                      "k": "subscription_url",
                      "v": "https://api.github.com/repos/potinhek/Trabalho/subscription"
                    },
                    {
                      "k": "svn_url",
                      "v": "https://github.com/potinhek/Trabalho"
                    },
                    {
                      "k": "tags_url",
                      "v": "https://api.github.com/repos/potinhek/Trabalho/tags"
                    },
                    {
                      "k": "teams_url",
                      "v": "https://api.github.com/repos/potinhek/Trabalho/teams"
                    },
                    {
                      "k": "topics",
                      "v": {
                        "t": 1
                      }
                    },
                    {
                      "k": "trees_url",
                      "v": "https://api.github.com/repos/potinhek/Trabalho/git/trees{/sha}"
                    },
                    {
                      "k": "updated_at",
                      "v": "2025-11-13T23:11:36Z"
                    },
                    {
                      "k": "url",
                      "v": "https://api.github.com/repos/potinhek/Trabalho"
                    },
                    {
                      "k": "visibility",
                      "v": "public"
                    },
                    {
                      "k": "watchers",
                      "v": 0.0
                    },
                    {
                      "k": "watchers_count",
                      "v": 0.0
                    },
                    {
                      "k": "web_commit_signoff_required",
                      "v": false
                    }
                  ]
                }
              },
              {
                "k": "sender",
                "v": {
                  "t": 2,
                  "d": [
                    {
                      "k": "avatar_url",
                      "v": "https://avatars.githubusercontent.com/u/127362942?v=4"
                    },
                    {
                      "k": "events_url",
                      "v": "https://api.github.com/users/potinhek/events{/privacy}"
                    },
                    {
                      "k": "followers_url",
                      "v": "https://api.github.com/users/potinhek/followers"
                    },
                    {
                      "k": "following_url",
                      "v": "https://api.github.com/users/potinhek/following{/other_user}"
                    },
                    {
                      "k": "gists_url",
                      "v": "https://api.github.com/users/potinhek/gists{/gist_id}"
                    },
                    {
                      "k": "gravatar_id",
                      "v": ""
                    },
                    {
                      "k": "html_url",
                      "v": "https://github.com/potinhek"
                    },
                    {
                      "k": "id",
                      "v": 127362942.0
                    },
                    {
                      "k": "login",
                      "v": "potinhek"
                    },
                    {
                      "k": "node_id",
                      "v": "U_kgDOB5dnfg"
                    },
                    {
                      "k": "organizations_url",
                      "v": "https://api.github.com/users/potinhek/orgs"
                    },
                    {
                      "k": "received_events_url",
                      "v": "https://api.github.com/users/potinhek/received_events"
                    },
                    {
                      "k": "repos_url",
                      "v": "https://api.github.com/users/potinhek/repos"
                    },
                    {
                      "k": "site_admin",
                      "v": false
                    },
                    {
                      "k": "starred_url",
                      "v": "https://api.github.com/users/potinhek/starred{/owner}{/repo}"
                    },
                    {
                      "k": "subscriptions_url",
                      "v": "https://api.github.com/users/potinhek/subscriptions"
                    },
                    {
                      "k": "type",
                      "v": "User"
                    },
                    {
                      "k": "url",
                      "v": "https://api.github.com/users/potinhek"
                    },
                    {
                      "k": "user_view_type",
                      "v": "public"
                    }
                  ]
                }
              },
              {
                "k": "workflow",
                "v": {
                  "t": 2,
                  "d": [
                    {
                      "k": "badge_url",
                      "v": "https://github.com/potinhek/Trabalho/workflows/CI%20Build%20&%20Push%20Docker/badge.svg"
                    },
                    {
                      "k": "created_at",
                      "v": "2025-11-07T15:36:09.000Z"
                    },
                    {
                      "k": "html_url",
                      "v": "https://github.com/potinhek/Trabalho/blob/main/.github/workflows/ci.yml"
                    },
                    {
                      "k": "id",
                      "v": 204903889.0
                    },
                    {
                      "k": "name",
                      "v": "CI Build & Push Docker"
                    },
                    {
                      "k": "node_id",
                      "v": "W_kwDOQND3N84MNpXR"
                    },
                    {
                      "k": "path",
                      "v": ".github/workflows/ci.yml"
                    },
                    {
                      "k": "state",
                      "v": "active"
                    },
                    {
                      "k": "updated_at",
                      "v": "2025-11-12T19:08:49.000Z"
                    },
                    {
                      "k": "url",
                      "v": "https://api.github.com/repos/potinhek/Trabalho/actions/workflows/204903889"
                    }
                  ]
                }
              },
              {
                "k": "workflow_run",
                "v": {
                  "t": 2,
                  "d": [
                    {
                      "k": "actor",
                      "v": {
                        "t": 2,
                        "d": [
                          {
                            "k": "avatar_url",
                            "v": "https://avatars.githubusercontent.com/u/127362942?v=4"
                          },
                          {
                            "k": "events_url",
                            "v": "https://api.github.com/users/potinhek/events{/privacy}"
                          },
                          {
                            "k": "followers_url",
                            "v": "https://api.github.com/users/potinhek/followers"
                          },
                          {
                            "k": "following_url",
                            "v": "https://api.github.com/users/potinhek/following{/other_user}"
                          },
                          {
                            "k": "gists_url",
                            "v": "https://api.github.com/users/potinhek/gists{/gist_id}"
                          },
                          {
                            "k": "gravatar_id",
                            "v": ""
                          },
                          {
                            "k": "html_url",
                            "v": "https://github.com/potinhek"
                          },
                          {
                            "k": "id",
                            "v": 127362942.0
                          },
                          {
                            "k": "login",
                            "v": "potinhek"
                          },
                          {
                            "k": "node_id",
                            "v": "U_kgDOB5dnfg"
                          },
                          {
                            "k": "organizations_url",
                            "v": "https://api.github.com/users/potinhek/orgs"
                          },
                          {
                            "k": "received_events_url",
                            "v": "https://api.github.com/users/potinhek/received_events"
                          },
                          {
                            "k": "repos_url",
                            "v": "https://api.github.com/users/potinhek/repos"
                          },
                          {
                            "k": "site_admin",
                            "v": false
                          },
                          {
                            "k": "starred_url",
                            "v": "https://api.github.com/users/potinhek/starred{/owner}{/repo}"
                          },
                          {
                            "k": "subscriptions_url",
                            "v": "https://api.github.com/users/potinhek/subscriptions"
                          },
                          {
                            "k": "type",
                            "v": "User"
                          },
                          {
                            "k": "url",
                            "v": "https://api.github.com/users/potinhek"
                          },
                          {
                            "k": "user_view_type",
                            "v": "public"
                          }
                        ]
                      }
                    },
                    {
                      "k": "artifacts_url",
                      "v": "https://api.github.com/repos/potinhek/Trabalho/actions/runs/19348731377/artifacts"
                    },
                    {
                      "k": "cancel_url",
                      "v": "https://api.github.com/repos/potinhek/Trabalho/actions/runs/19348731377/cancel"
                    },
                    {
                      "k": "check_suite_id",
                      "v": 49873228793.0
                    },
                    {
                      "k": "check_suite_node_id",
                      "v": "CS_kwDOQND3N88AAAALnK0T-Q"
                    },
                    {
                      "k": "check_suite_url",
                      "v": "https://api.github.com/repos/potinhek/Trabalho/check-suites/49873228793"
                    },
                    {
                      "k": "conclusion",
                      "v": "success"
                    },
                    {
                      "k": "created_at",
                      "v": "2025-11-13T23:11:34Z"
                    },
                    {
                      "k": "display_title",
                      "v": "Adiciona workflows CI CD teste"
                    },
                    {
                      "k": "event",
                      "v": "push"
                    },
                    {
                      "k": "head_branch",
                      "v": "main"
                    },
                    {
                      "k": "head_commit",
                      "v": {
                        "t": 2,
                        "d": [
                          {
                            "k": "author",
                            "v": {
                              "t": 2,
                              "d": [
                                {
                                  "k": "email",
                                  "v": "jacksonpotinhek@gmail.com"
                                },
                                {
                                  "k": "name",
                                  "v": "jackson"
                                }
                              ]
                            }
                          },
                          {
                            "k": "committer",
                            "v": {
                              "t": 2,
                              "d": [
                                {
                                  "k": "email",
                                  "v": "jacksonpotinhek@gmail.com"
                                },
                                {
                                  "k": "name",
                                  "v": "jackson"
                                }
                              ]
                            }
                          },
                          {
                            "k": "id",
                            "v": "0dcab27f487d2cbc442c599ce531691f375ed2e4"
                          },
                          {
                            "k": "message",
                            "v": "Adiciona workflows CI CD teste"
                          },
                          {
                            "k": "timestamp",
                            "v": "2025-11-13T23:11:30Z"
                          },
                          {
                            "k": "tree_id",
                            "v": "fceee8f0054762be7a4fc863fa4366866c481f36"
                          }
                        ]
                      }
                    },
                    {
                      "k": "head_repository",
                      "v": {
                        "t": 2,
                        "d": [
                          {
                            "k": "archive_url",
                            "v": "https://api.github.com/repos/potinhek/Trabalho/{archive_format}{/ref}"
                          },
                          {
                            "k": "assignees_url",
                            "v": "https://api.github.com/repos/potinhek/Trabalho/assignees{/user}"
                          },
                          {
                            "k": "blobs_url",
                            "v": "https://api.github.com/repos/potinhek/Trabalho/git/blobs{/sha}"
                          },
                          {
                            "k": "branches_url",
                            "v": "https://api.github.com/repos/potinhek/Trabalho/branches{/branch}"
                          },
                          {
                            "k": "collaborators_url",
                            "v": "https://api.github.com/repos/potinhek/Trabalho/collaborators{/collaborator}"
                          },
                          {
                            "k": "comments_url",
                            "v": "https://api.github.com/repos/potinhek/Trabalho/comments{/number}"
                          },
                          {
                            "k": "commits_url",
                            "v": "https://api.github.com/repos/potinhek/Trabalho/commits{/sha}"
                          },
                          {
                            "k": "compare_url",
                            "v": "https://api.github.com/repos/potinhek/Trabalho/compare/{base}...{head}"
                          },
                          {
                            "k": "contents_url",
                            "v": "https://api.github.com/repos/potinhek/Trabalho/contents/{+path}"
                          },
                          {
                            "k": "contributors_url",
                            "v": "https://api.github.com/repos/potinhek/Trabalho/contributors"
                          },
                          {
                            "k": "deployments_url",
                            "v": "https://api.github.com/repos/potinhek/Trabalho/deployments"
                          },
                          {
                            "k": "description",
                            "v": null
                          },
                          {
                            "k": "downloads_url",
                            "v": "https://api.github.com/repos/potinhek/Trabalho/downloads"
                          },
                          {
                            "k": "events_url",
                            "v": "https://api.github.com/repos/potinhek/Trabalho/events"
                          },
                          {
                            "k": "fork",
                            "v": false
                          },
                          {
                            "k": "forks_url",
                            "v": "https://api.github.com/repos/potinhek/Trabalho/forks"
                          },
                          {
                            "k": "full_name",
                            "v": "potinhek/Trabalho"
                          },
                          {
                            "k": "git_commits_url",
                            "v": "https://api.github.com/repos/potinhek/Trabalho/git/commits{/sha}"
                          },
                          {
                            "k": "git_refs_url",
                            "v": "https://api.github.com/repos/potinhek/Trabalho/git/refs{/sha}"
                          },
                          {
                            "k": "git_tags_url",
                            "v": "https://api.github.com/repos/potinhek/Trabalho/git/tags{/sha}"
                          },
                          {
                            "k": "hooks_url",
                            "v": "https://api.github.com/repos/potinhek/Trabalho/hooks"
                          },
                          {
                            "k": "html_url",
                            "v": "https://github.com/potinhek/Trabalho"
                          },
                          {
                            "k": "id",
                            "v": 1087436599.0
                          },
                          {
                            "k": "issue_comment_url",
                            "v": "https://api.github.com/repos/potinhek/Trabalho/issues/comments{/number}"
                          },
                          {
                            "k": "issue_events_url",
                            "v": "https://api.github.com/repos/potinhek/Trabalho/issues/events{/number}"
                          },
                          {
                            "k": "issues_url",
                            "v": "https://api.github.com/repos/potinhek/Trabalho/issues{/number}"
                          },
                          {
                            "k": "keys_url",
                            "v": "https://api.github.com/repos/potinhek/Trabalho/keys{/key_id}"
                          },
                          {
                            "k": "labels_url",
                            "v": "https://api.github.com/repos/potinhek/Trabalho/labels{/name}"
                          },
                          {
                            "k": "languages_url",
                            "v": "https://api.github.com/repos/potinhek/Trabalho/languages"
                          },
                          {
                            "k": "merges_url",
                            "v": "https://api.github.com/repos/potinhek/Trabalho/merges"
                          },
                          {
                            "k": "milestones_url",
                            "v": "https://api.github.com/repos/potinhek/Trabalho/milestones{/number}"
                          },
                          {
                            "k": "name",
                            "v": "Trabalho"
                          },
                          {
                            "k": "node_id",
                            "v": "R_kgDOQND3Nw"
                          },
                          {
                            "k": "notifications_url",
                            "v": "https://api.github.com/repos/potinhek/Trabalho/notifications{?since,all,participating}"
                          },
                          {
                            "k": "owner",
                            "v": {
                              "t": 2,
                              "d": [
                                {
                                  "k": "avatar_url",
                                  "v": "https://avatars.githubusercontent.com/u/127362942?v=4"
                                },
                                {
                                  "k": "events_url",
                                  "v": "https://api.github.com/users/potinhek/events{/privacy}"
                                },
                                {
                                  "k": "followers_url",
                                  "v": "https://api.github.com/users/potinhek/followers"
                                },
                                {
                                  "k": "following_url",
                                  "v": "https://api.github.com/users/potinhek/following{/other_user}"
                                },
                                {
                                  "k": "gists_url",
                                  "v": "https://api.github.com/users/potinhek/gists{/gist_id}"
                                },
                                {
                                  "k": "gravatar_id",
                                  "v": ""
                                },
                                {
                                  "k": "html_url",
                                  "v": "https://github.com/potinhek"
                                },
                                {
                                  "k": "id",
                                  "v": 127362942.0
                                },
                                {
                                  "k": "login",
                                  "v": "potinhek"
                                },
                                {
                                  "k": "node_id",
                                  "v": "U_kgDOB5dnfg"
                                },
                                {
                                  "k": "organizations_url",
                                  "v": "https://api.github.com/users/potinhek/orgs"
                                },
                                {
                                  "k": "received_events_url",
                                  "v": "https://api.github.com/users/potinhek/received_events"
                                },
                                {
                                  "k": "repos_url",
                                  "v": "https://api.github.com/users/potinhek/repos"
                                },
                                {
                                  "k": "site_admin",
                                  "v": false
                                },
                                {
                                  "k": "starred_url",
                                  "v": "https://api.github.com/users/potinhek/starred{/owner}{/repo}"
                                },
                                {
                                  "k": "subscriptions_url",
                                  "v": "https://api.github.com/users/potinhek/subscriptions"
                                },
                                {
                                  "k": "type",
                                  "v": "User"
                                },
                                {
                                  "k": "url",
                                  "v": "https://api.github.com/users/potinhek"
                                },
                                {
                                  "k": "user_view_type",
                                  "v": "public"
                                }
                              ]
                            }
                          },
                          {
                            "k": "private",
                            "v": false
                          },
                          {
                            "k": "pulls_url",
                            "v": "https://api.github.com/repos/potinhek/Trabalho/pulls{/number}"
                          },
                          {
                            "k": "releases_url",
                            "v": "https://api.github.com/repos/potinhek/Trabalho/releases{/id}"
                          },
                          {
                            "k": "stargazers_url",
                            "v": "https://api.github.com/repos/potinhek/Trabalho/stargazers"
                          },
                          {
                            "k": "statuses_url",
                            "v": "https://api.github.com/repos/potinhek/Trabalho/statuses/{sha}"
                          },
                          {
                            "k": "subscribers_url",
                            "v": "https://api.github.com/repos/potinhek/Trabalho/subscribers"
                          },
                          {
                            "k": "subscription_url",
                            "v": "https://api.github.com/repos/potinhek/Trabalho/subscription"
                          },
                          {
                            "k": "tags_url",
                            "v": "https://api.github.com/repos/potinhek/Trabalho/tags"
                          },
                          {
                            "k": "teams_url",
                            "v": "https://api.github.com/repos/potinhek/Trabalho/teams"
                          },
                          {
                            "k": "trees_url",
                            "v": "https://api.github.com/repos/potinhek/Trabalho/git/trees{/sha}"
                          },
                          {
                            "k": "url",
                            "v": "https://api.github.com/repos/potinhek/Trabalho"
                          }
                        ]
                      }
                    },
                    {
                      "k": "head_sha",
                      "v": "0dcab27f487d2cbc442c599ce531691f375ed2e4"
                    },
                    {
                      "k": "html_url",
                      "v": "https://github.com/potinhek/Trabalho/actions/runs/19348731377"
                    },
                    {
                      "k": "id",
                      "v": 19348731377.0
                    },
                    {
                      "k": "jobs_url",
                      "v": "https://api.github.com/repos/potinhek/Trabalho/actions/runs/19348731377/jobs"
                    },
                    {
                      "k": "logs_url",
                      "v": "https://api.github.com/repos/potinhek/Trabalho/actions/runs/19348731377/logs"
                    },
                    {
                      "k": "name",
                      "v": "CI Build & Push Docker"
                    },
                    {
                      "k": "node_id",
                      "v": "WFR_kwLOQND3N88AAAAEgUY18Q"
                    },
                    {
                      "k": "path",
                      "v": ".github/workflows/ci.yml"
                    },
                    {
                      "k": "previous_attempt_url",
                      "v": null
                    },
                    {
                      "k": "pull_requests",
                      "v": {
                        "t": 1
                      }
                    },
                    {
                      "k": "referenced_workflows",
                      "v": {
                        "t": 1
                      }
                    },
                    {
                      "k": "repository",
                      "v": {
                        "t": 2,
                        "d": [
                          {
                            "k": "archive_url",
                            "v": "https://api.github.com/repos/potinhek/Trabalho/{archive_format}{/ref}"
                          },
                          {
                            "k": "assignees_url",
                            "v": "https://api.github.com/repos/potinhek/Trabalho/assignees{/user}"
                          },
                          {
                            "k": "blobs_url",
                            "v": "https://api.github.com/repos/potinhek/Trabalho/git/blobs{/sha}"
                          },
                          {
                            "k": "branches_url",
                            "v": "https://api.github.com/repos/potinhek/Trabalho/branches{/branch}"
                          },
                          {
                            "k": "collaborators_url",
                            "v": "https://api.github.com/repos/potinhek/Trabalho/collaborators{/collaborator}"
                          },
                          {
                            "k": "comments_url",
                            "v": "https://api.github.com/repos/potinhek/Trabalho/comments{/number}"
                          },
                          {
                            "k": "commits_url",
                            "v": "https://api.github.com/repos/potinhek/Trabalho/commits{/sha}"
                          },
                          {
                            "k": "compare_url",
                            "v": "https://api.github.com/repos/potinhek/Trabalho/compare/{base}...{head}"
                          },
                          {
                            "k": "contents_url",
                            "v": "https://api.github.com/repos/potinhek/Trabalho/contents/{+path}"
                          },
                          {
                            "k": "contributors_url",
                            "v": "https://api.github.com/repos/potinhek/Trabalho/contributors"
                          },
                          {
                            "k": "deployments_url",
                            "v": "https://api.github.com/repos/potinhek/Trabalho/deployments"
                          },
                          {
                            "k": "description",
                            "v": null
                          },
                          {
                            "k": "downloads_url",
                            "v": "https://api.github.com/repos/potinhek/Trabalho/downloads"
                          },
                          {
                            "k": "events_url",
                            "v": "https://api.github.com/repos/potinhek/Trabalho/events"
                          },
                          {
                            "k": "fork",
                            "v": false
                          },
                          {
                            "k": "forks_url",
                            "v": "https://api.github.com/repos/potinhek/Trabalho/forks"
                          },
                          {
                            "k": "full_name",
                            "v": "potinhek/Trabalho"
                          },
                          {
                            "k": "git_commits_url",
                            "v": "https://api.github.com/repos/potinhek/Trabalho/git/commits{/sha}"
                          },
                          {
                            "k": "git_refs_url",
                            "v": "https://api.github.com/repos/potinhek/Trabalho/git/refs{/sha}"
                          },
                          {
                            "k": "git_tags_url",
                            "v": "https://api.github.com/repos/potinhek/Trabalho/git/tags{/sha}"
                          },
                          {
                            "k": "hooks_url",
                            "v": "https://api.github.com/repos/potinhek/Trabalho/hooks"
                          },
                          {
                            "k": "html_url",
                            "v": "https://github.com/potinhek/Trabalho"
                          },
                          {
                            "k": "id",
                            "v": 1087436599.0
                          },
                          {
                            "k": "issue_comment_url",
                            "v": "https://api.github.com/repos/potinhek/Trabalho/issues/comments{/number}"
                          },
                          {
                            "k": "issue_events_url",
                            "v": "https://api.github.com/repos/potinhek/Trabalho/issues/events{/number}"
                          },
                          {
                            "k": "issues_url",
                            "v": "https://api.github.com/repos/potinhek/Trabalho/issues{/number}"
                          },
                          {
                            "k": "keys_url",
                            "v": "https://api.github.com/repos/potinhek/Trabalho/keys{/key_id}"
                          },
                          {
                            "k": "labels_url",
                            "v": "https://api.github.com/repos/potinhek/Trabalho/labels{/name}"
                          },
                          {
                            "k": "languages_url",
                            "v": "https://api.github.com/repos/potinhek/Trabalho/languages"
                          },
                          {
                            "k": "merges_url",
                            "v": "https://api.github.com/repos/potinhek/Trabalho/merges"
                          },
                          {
                            "k": "milestones_url",
                            "v": "https://api.github.com/repos/potinhek/Trabalho/milestones{/number}"
                          },
                          {
                            "k": "name",
                            "v": "Trabalho"
                          },
                          {
                            "k": "node_id",
                            "v": "R_kgDOQND3Nw"
                          },
                          {
                            "k": "notifications_url",
                            "v": "https://api.github.com/repos/potinhek/Trabalho/notifications{?since,all,participating}"
                          },
                          {
                            "k": "owner",
                            "v": {
                              "t": 2,
                              "d": [
                                {
                                  "k": "avatar_url",
                                  "v": "https://avatars.githubusercontent.com/u/127362942?v=4"
                                },
                                {
                                  "k": "events_url",
                                  "v": "https://api.github.com/users/potinhek/events{/privacy}"
                                },
                                {
                                  "k": "followers_url",
                                  "v": "https://api.github.com/users/potinhek/followers"
                                },
                                {
                                  "k": "following_url",
                                  "v": "https://api.github.com/users/potinhek/following{/other_user}"
                                },
                                {
                                  "k": "gists_url",
                                  "v": "https://api.github.com/users/potinhek/gists{/gist_id}"
                                },
                                {
                                  "k": "gravatar_id",
                                  "v": ""
                                },
                                {
                                  "k": "html_url",
                                  "v": "https://github.com/potinhek"
                                },
                                {
                                  "k": "id",
                                  "v": 127362942.0
                                },
                                {
                                  "k": "login",
                                  "v": "potinhek"
                                },
                                {
                                  "k": "node_id",
                                  "v": "U_kgDOB5dnfg"
                                },
                                {
                                  "k": "organizations_url",
                                  "v": "https://api.github.com/users/potinhek/orgs"
                                },
                                {
                                  "k": "received_events_url",
                                  "v": "https://api.github.com/users/potinhek/received_events"
                                },
                                {
                                  "k": "repos_url",
                                  "v": "https://api.github.com/users/potinhek/repos"
                                },
                                {
                                  "k": "site_admin",
                                  "v": false
                                },
                                {
                                  "k": "starred_url",
                                  "v": "https://api.github.com/users/potinhek/starred{/owner}{/repo}"
                                },
                                {
                                  "k": "subscriptions_url",
                                  "v": "https://api.github.com/users/potinhek/subscriptions"
                                },
                                {
                                  "k": "type",
                                  "v": "User"
                                },
                                {
                                  "k": "url",
                                  "v": "https://api.github.com/users/potinhek"
                                },
                                {
                                  "k": "user_view_type",
                                  "v": "public"
                                }
                              ]
                            }
                          },
                          {
                            "k": "private",
                            "v": false
                          },
                          {
                            "k": "pulls_url",
                            "v": "https://api.github.com/repos/potinhek/Trabalho/pulls{/number}"
                          },
                          {
                            "k": "releases_url",
                            "v": "https://api.github.com/repos/potinhek/Trabalho/releases{/id}"
                          },
                          {
                            "k": "stargazers_url",
                            "v": "https://api.github.com/repos/potinhek/Trabalho/stargazers"
                          },
                          {
                            "k": "statuses_url",
                            "v": "https://api.github.com/repos/potinhek/Trabalho/statuses/{sha}"
                          },
                          {
                            "k": "subscribers_url",
                            "v": "https://api.github.com/repos/potinhek/Trabalho/subscribers"
                          },
                          {
                            "k": "subscription_url",
                            "v": "https://api.github.com/repos/potinhek/Trabalho/subscription"
                          },
                          {
                            "k": "tags_url",
                            "v": "https://api.github.com/repos/potinhek/Trabalho/tags"
                          },
                          {
                            "k": "teams_url",
                            "v": "https://api.github.com/repos/potinhek/Trabalho/teams"
                          },
                          {
                            "k": "trees_url",
                            "v": "https://api.github.com/repos/potinhek/Trabalho/git/trees{/sha}"
                          },
                          {
                            "k": "url",
                            "v": "https://api.github.com/repos/potinhek/Trabalho"
                          }
                        ]
                      }
                    },
                    {
                      "k": "rerun_url",
                      "v": "https://api.github.com/repos/potinhek/Trabalho/actions/runs/19348731377/rerun"
                    },
                    {
                      "k": "run_attempt",
                      "v": 1.0
                    },
                    {
                      "k": "run_number",
                      "v": 27.0
                    },
                    {
                      "k": "run_started_at",
                      "v": "2025-11-13T23:11:34Z"
                    },
                    {
                      "k": "status",
                      "v": "completed"
                    },
                    {
                      "k": "triggering_actor",
                      "v": {
                        "t": 2,
                        "d": [
                          {
                            "k": "avatar_url",
                            "v": "https://avatars.githubusercontent.com/u/127362942?v=4"
                          },
                          {
                            "k": "events_url",
                            "v": "https://api.github.com/users/potinhek/events{/privacy}"
                          },
                          {
                            "k": "followers_url",
                            "v": "https://api.github.com/users/potinhek/followers"
                          },
                          {
                            "k": "following_url",
                            "v": "https://api.github.com/users/potinhek/following{/other_user}"
                          },
                          {
                            "k": "gists_url",
                            "v": "https://api.github.com/users/potinhek/gists{/gist_id}"
                          },
                          {
                            "k": "gravatar_id",
                            "v": ""
                          },
                          {
                            "k": "html_url",
                            "v": "https://github.com/potinhek"
                          },
                          {
                            "k": "id",
                            "v": 127362942.0
                          },
                          {
                            "k": "login",
                            "v": "potinhek"
                          },
                          {
                            "k": "node_id",
                            "v": "U_kgDOB5dnfg"
                          },
                          {
                            "k": "organizations_url",
                            "v": "https://api.github.com/users/potinhek/orgs"
                          },
                          {
                            "k": "received_events_url",
                            "v": "https://api.github.com/users/potinhek/received_events"
                          },
                          {
                            "k": "repos_url",
                            "v": "https://api.github.com/users/potinhek/repos"
                          },
                          {
                            "k": "site_admin",
                            "v": false
                          },
                          {
                            "k": "starred_url",
                            "v": "https://api.github.com/users/potinhek/starred{/owner}{/repo}"
                          },
                          {
                            "k": "subscriptions_url",
                            "v": "https://api.github.com/users/potinhek/subscriptions"
                          },
                          {
                            "k": "type",
                            "v": "User"
                          },
                          {
                            "k": "url",
                            "v": "https://api.github.com/users/potinhek"
                          },
                          {
                            "k": "user_view_type",
                            "v": "public"
                          }
                        ]
                      }
                    },
                    {
                      "k": "updated_at",
                      "v": "2025-11-13T23:12:56Z"
                    },
                    {
                      "k": "url",
                      "v": "https://api.github.com/repos/potinhek/Trabalho/actions/runs/19348731377"
                    },
                    {
                      "k": "workflow_id",
                      "v": 204903889.0
                    },
                    {
                      "k": "workflow_url",
                      "v": "https://api.github.com/repos/potinhek/Trabalho/actions/workflows/204903889"
                    }
                  ]
                }
              }
            ]
          }
        },
        {
          "k": "workflow_ref",
          "v": "potinhek/Trabalho/.github/workflows/cd.yml@refs/heads/main"
        },
        {
          "k": "workflow_sha",
          "v": "0dcab27f487d2cbc442c599ce531691f375ed2e4"
        },
        {
          "k": "repository_id",
          "v": "1087436599"
        },
        {
          "k": "triggering_actor",
          "v": "potinhek"
        }
      ]
    },
    "inputs": {
      "t": 2
    },
    "job": {
      "t": 2,
      "d": [
        {
          "k": "check_run_id",
          "v": 55355574457.0
        }
      ]
    },
    "matrix": null,
    "needs": {
      "t": 2
    },
    "strategy": {
      "t": 2,
      "d": [
        {
          "k": "fail-fast",
          "v": true
        },
        {
          "k": "job-index",
          "v": 0.0
        },
        {
          "k": "job-total",
          "v": 1.0
        },
        {
          "k": "max-parallel",
          "v": 1.0
        }
      ]
    },
    "vars": {
      "t": 2
    }
  },
  "actionsEnvironment": {
    "name": "production",
    "url": null
  },
  "billingOwnerId": "U_kgDOB5dnfg"
}
[2025-11-13 23:13:09Z INFO JobRunner] Job ID 6dc16b61-90d1-50f9-aec9-998bcf2a6917
[2025-11-13 23:13:09Z INFO ConfigurationStore] currentAssemblyLocation: C:\Trabalho\actions-runner\bin\Runner.Worker.dll
[2025-11-13 23:13:09Z INFO HostContext] Well known directory 'Bin': 'C:\Trabalho\actions-runner\bin'
[2025-11-13 23:13:09Z INFO ConfigurationStore] binPath: C:\Trabalho\actions-runner\bin
[2025-11-13 23:13:09Z INFO HostContext] Well known directory 'Bin': 'C:\Trabalho\actions-runner\bin'
[2025-11-13 23:13:09Z INFO HostContext] Well known directory 'Root': 'C:\Trabalho\actions-runner'
[2025-11-13 23:13:09Z INFO ConfigurationStore] RootFolder: C:\Trabalho\actions-runner
[2025-11-13 23:13:09Z INFO HostContext] Well known directory 'Bin': 'C:\Trabalho\actions-runner\bin'
[2025-11-13 23:13:09Z INFO HostContext] Well known directory 'Root': 'C:\Trabalho\actions-runner'
[2025-11-13 23:13:09Z INFO HostContext] Well known config file 'Runner': 'C:\Trabalho\actions-runner\.runner'
[2025-11-13 23:13:09Z INFO ConfigurationStore] ConfigFilePath: C:\Trabalho\actions-runner\.runner
[2025-11-13 23:13:09Z INFO HostContext] Well known directory 'Bin': 'C:\Trabalho\actions-runner\bin'
[2025-11-13 23:13:09Z INFO HostContext] Well known directory 'Root': 'C:\Trabalho\actions-runner'
[2025-11-13 23:13:09Z INFO HostContext] Well known config file 'MigratedRunner': 'C:\Trabalho\actions-runner\.runner_migrated'
[2025-11-13 23:13:09Z INFO ConfigurationStore] MigratedConfigFilePath: C:\Trabalho\actions-runner\.runner_migrated
[2025-11-13 23:13:09Z INFO HostContext] Well known directory 'Bin': 'C:\Trabalho\actions-runner\bin'
[2025-11-13 23:13:09Z INFO HostContext] Well known directory 'Root': 'C:\Trabalho\actions-runner'
[2025-11-13 23:13:09Z INFO HostContext] Well known config file 'Credentials': 'C:\Trabalho\actions-runner\.credentials'
[2025-11-13 23:13:09Z INFO ConfigurationStore] CredFilePath: C:\Trabalho\actions-runner\.credentials
[2025-11-13 23:13:09Z INFO HostContext] Well known directory 'Bin': 'C:\Trabalho\actions-runner\bin'
[2025-11-13 23:13:09Z INFO HostContext] Well known directory 'Root': 'C:\Trabalho\actions-runner'
[2025-11-13 23:13:09Z INFO HostContext] Well known config file 'MigratedCredentials': 'C:\Trabalho\actions-runner\.credentials_migrated'
[2025-11-13 23:13:09Z INFO ConfigurationStore] MigratedCredFilePath: C:\Trabalho\actions-runner\.credentials_migrated
[2025-11-13 23:13:09Z INFO HostContext] Well known directory 'Bin': 'C:\Trabalho\actions-runner\bin'
[2025-11-13 23:13:09Z INFO HostContext] Well known directory 'Root': 'C:\Trabalho\actions-runner'
[2025-11-13 23:13:09Z INFO HostContext] Well known config file 'Service': 'C:\Trabalho\actions-runner\.service'
[2025-11-13 23:13:09Z INFO ConfigurationStore] ServiceConfigFilePath: C:\Trabalho\actions-runner\.service
[2025-11-13 23:13:09Z INFO ConfigurationStore] Read setting file: 389 chars
[2025-11-13 23:13:09Z INFO JobRunner] Initializing launch client
[2025-11-13 23:13:09Z INFO JobServerQueue] Initializing results client
[2025-11-13 23:13:09Z INFO ResultServer] Creating websocket client ...wss://results-receiver.actions.githubusercontent.com/_ws/ingest.sock
[2025-11-13 23:13:09Z INFO ResultServer] Attempting to start websocket client with delay 00:00:00.
[2025-11-13 23:13:10Z INFO JobServerQueue] Start process web console line queue.
[2025-11-13 23:13:10Z INFO JobServerQueue] Start process file upload queue.
[2025-11-13 23:13:10Z INFO JobServerQueue] Start results file upload queue.
[2025-11-13 23:13:10Z INFO JobServerQueue] Starting results-based upload queue...
[2025-11-13 23:13:10Z INFO JobServerQueue] Start process timeline update queue.
[2025-11-13 23:13:10Z INFO ExecutionContext] Initializing Job context
[2025-11-13 23:13:10Z INFO ExecutionContext] Initialize GitHub context
[2025-11-13 23:13:10Z INFO ExecutionContext] Initialize Env context
[2025-11-13 23:13:10Z INFO HostContext] Well known directory 'Bin': 'C:\Trabalho\actions-runner\bin'
[2025-11-13 23:13:10Z INFO HostContext] Well known directory 'Root': 'C:\Trabalho\actions-runner'
[2025-11-13 23:13:10Z INFO HostContext] Well known directory 'Diag': 'C:\Trabalho\actions-runner\_diag'
[2025-11-13 23:13:10Z INFO HostContext] Well known directory 'Bin': 'C:\Trabalho\actions-runner\bin'
[2025-11-13 23:13:10Z INFO HostContext] Well known directory 'Root': 'C:\Trabalho\actions-runner'
[2025-11-13 23:13:10Z INFO HostContext] Well known directory 'Diag': 'C:\Trabalho\actions-runner\_diag'
[2025-11-13 23:13:10Z INFO JobRunner] Starting the job execution context.
[2025-11-13 23:13:10Z INFO HostContext] Well known directory 'Bin': 'C:\Trabalho\actions-runner\bin'
[2025-11-13 23:13:10Z INFO HostContext] Well known directory 'Root': 'C:\Trabalho\actions-runner'
[2025-11-13 23:13:10Z INFO HostContext] Well known directory 'Work': 'C:\Trabalho\actions-runner\_work'
[2025-11-13 23:13:10Z INFO JobRunner] Validating directory permissions for: 'C:\Trabalho\actions-runner\_work'
[2025-11-13 23:13:10Z INFO HostContext] Well known directory 'Bin': 'C:\Trabalho\actions-runner\bin'
[2025-11-13 23:13:10Z INFO HostContext] Well known directory 'Root': 'C:\Trabalho\actions-runner'
[2025-11-13 23:13:10Z INFO HostContext] Well known directory 'Work': 'C:\Trabalho\actions-runner\_work'
[2025-11-13 23:13:10Z INFO HostContext] Well known directory 'Tools': 'C:\Trabalho\actions-runner\_work\_tool'
[2025-11-13 23:13:10Z INFO HostContext] Well known directory 'Bin': 'C:\Trabalho\actions-runner\bin'
[2025-11-13 23:13:10Z INFO HostContext] Well known directory 'Root': 'C:\Trabalho\actions-runner'
[2025-11-13 23:13:10Z INFO HostContext] Well known directory 'Work': 'C:\Trabalho\actions-runner\_work'
[2025-11-13 23:13:10Z INFO HostContext] Well known directory 'Temp': 'C:\Trabalho\actions-runner\_work\_temp'
[2025-11-13 23:13:10Z INFO JobRunner] Getting job extension.
[2025-11-13 23:13:10Z INFO JobRunner] Initialize job. Getting all job steps.
[2025-11-13 23:13:10Z INFO HostContext] Well known directory 'Bin': 'C:\Trabalho\actions-runner\bin'
[2025-11-13 23:13:10Z INFO HostContext] Well known directory 'Root': 'C:\Trabalho\actions-runner'
[2025-11-13 23:13:10Z INFO HostContext] Well known directory 'Diag': 'C:\Trabalho\actions-runner\_diag'
[2025-11-13 23:13:10Z INFO HostContext] Well known directory 'Bin': 'C:\Trabalho\actions-runner\bin'
[2025-11-13 23:13:10Z INFO HostContext] Well known directory 'Root': 'C:\Trabalho\actions-runner'
[2025-11-13 23:13:10Z INFO HostContext] Well known directory 'Diag': 'C:\Trabalho\actions-runner\_diag'
[2025-11-13 23:13:10Z INFO HostContext] Well known directory 'Bin': 'C:\Trabalho\actions-runner\bin'
[2025-11-13 23:13:10Z INFO HostContext] Well known directory 'Root': 'C:\Trabalho\actions-runner'
[2025-11-13 23:13:10Z INFO HostContext] Well known config file 'Credentials': 'C:\Trabalho\actions-runner\.credentials'
[2025-11-13 23:13:10Z INFO HostContext] Well known directory 'Bin': 'C:\Trabalho\actions-runner\bin'
[2025-11-13 23:13:10Z INFO HostContext] Well known directory 'Root': 'C:\Trabalho\actions-runner'
[2025-11-13 23:13:10Z INFO HostContext] Well known config file 'SetupInfo': 'C:\Trabalho\actions-runner\.setup_info'
[2025-11-13 23:13:10Z INFO HostContext] Well known directory 'Bin': 'C:\Trabalho\actions-runner\bin'
[2025-11-13 23:13:10Z INFO HostContext] Well known directory 'Root': 'C:\Trabalho\actions-runner'
[2025-11-13 23:13:10Z INFO HostContext] Well known directory 'Work': 'C:\Trabalho\actions-runner\_work'
[2025-11-13 23:13:10Z INFO PipelineDirectoryManager] Loading tracking config if exists: C:\Trabalho\actions-runner\_work\_PipelineMapping\potinhek/Trabalho\PipelineFolder.json
[2025-11-13 23:13:10Z INFO PipelineDirectoryManager] Updating job run properties.
[2025-11-13 23:13:10Z INFO HostContext] Well known directory 'Bin': 'C:\Trabalho\actions-runner\bin'
[2025-11-13 23:13:10Z INFO HostContext] Well known directory 'Root': 'C:\Trabalho\actions-runner'
[2025-11-13 23:13:10Z INFO HostContext] Well known directory 'Work': 'C:\Trabalho\actions-runner\_work'
[2025-11-13 23:13:10Z INFO HostContext] Well known directory 'Bin': 'C:\Trabalho\actions-runner\bin'
[2025-11-13 23:13:10Z INFO HostContext] Well known directory 'Root': 'C:\Trabalho\actions-runner'
[2025-11-13 23:13:10Z INFO HostContext] Well known directory 'Work': 'C:\Trabalho\actions-runner\_work'
[2025-11-13 23:13:10Z INFO HostContext] Well known directory 'Bin': 'C:\Trabalho\actions-runner\bin'
[2025-11-13 23:13:10Z INFO HostContext] Well known directory 'Root': 'C:\Trabalho\actions-runner'
[2025-11-13 23:13:10Z INFO HostContext] Well known directory 'Work': 'C:\Trabalho\actions-runner\_work'
[2025-11-13 23:13:10Z INFO JobExtension] Downloading actions
[2025-11-13 23:13:10Z INFO HostContext] Well known directory 'Bin': 'C:\Trabalho\actions-runner\bin'
[2025-11-13 23:13:10Z INFO HostContext] Well known directory 'Root': 'C:\Trabalho\actions-runner'
[2025-11-13 23:13:10Z INFO HostContext] Well known directory 'Work': 'C:\Trabalho\actions-runner\_work'
[2025-11-13 23:13:10Z INFO HostContext] Well known directory 'Actions': 'C:\Trabalho\actions-runner\_work\_actions'
[2025-11-13 23:13:10Z INFO Worker] Listening for cancel message from the channel.
[2025-11-13 23:13:10Z INFO Worker] Waiting for the job to complete or for a cancel message from the channel.
[2025-11-13 23:13:10Z INFO ResultServer] Successfully started websocket client.
[2025-11-13 23:13:10Z INFO JobServerQueue] Try to append 1 batches web console lines for record '11e94de1-e431-43f1-80c7-b38aca44bd09', success rate: 1/1.
[2025-11-13 23:13:10Z INFO HostContext] Well known directory 'Bin': 'C:\Trabalho\actions-runner\bin'
[2025-11-13 23:13:10Z INFO HostContext] Well known directory 'Root': 'C:\Trabalho\actions-runner'
[2025-11-13 23:13:10Z INFO HostContext] Well known directory 'Work': 'C:\Trabalho\actions-runner\_work'
[2025-11-13 23:13:10Z INFO HostContext] Well known directory 'Actions': 'C:\Trabalho\actions-runner\_work\_actions'
[2025-11-13 23:13:10Z INFO HostContext] Well known directory 'Bin': 'C:\Trabalho\actions-runner\bin'
[2025-11-13 23:13:10Z INFO HostContext] Well known directory 'Root': 'C:\Trabalho\actions-runner'
[2025-11-13 23:13:10Z INFO HostContext] Well known directory 'Work': 'C:\Trabalho\actions-runner\_work'
[2025-11-13 23:13:10Z INFO HostContext] Well known directory 'Actions': 'C:\Trabalho\actions-runner\_work\_actions'
[2025-11-13 23:13:10Z INFO ActionManager] Save archive 'https://api.github.com/repos/actions/checkout/zipball/08eba0b27e820071cde6df949e0beb9ba4906955' into C:\Trabalho\actions-runner\_work\_actions\_temp_73de349b-56bf-4128-a624-53a08318f7a6\8485bd58-f3f0-45e9-87f3-469e9e2b8dea.zip.
[2025-11-13 23:13:11Z INFO JobServerQueue] Job timeline record has been updated for the first time.
[2025-11-13 23:13:11Z INFO JobServerQueue] Try to append 1 batches web console lines for record '11e94de1-e431-43f1-80c7-b38aca44bd09', success rate: 1/1.
[2025-11-13 23:13:11Z INFO ActionManager] Request URL: https://api.github.com/repos/actions/checkout/zipball/08eba0b27e820071cde6df949e0beb9ba4906955 X-GitHub-Request-Id: FB12:3902A5:33F82:753AF:69166603 Http Status: OK
[2025-11-13 23:13:11Z INFO ActionManager] Finished getting action repository.
[2025-11-13 23:13:11Z INFO HostContext] Well known directory 'Bin': 'C:\Trabalho\actions-runner\bin'
[2025-11-13 23:13:11Z INFO HostContext] Well known directory 'Root': 'C:\Trabalho\actions-runner'
[2025-11-13 23:13:11Z INFO HostContext] Well known directory 'Work': 'C:\Trabalho\actions-runner\_work'
[2025-11-13 23:13:11Z INFO HostContext] Well known directory 'Actions': 'C:\Trabalho\actions-runner\_work\_actions'
[2025-11-13 23:13:11Z INFO ActionManifestManager] Load schema file with definitions: [
  "null",
  "boolean",
  "number",
  "string",
  "sequence",
  "mapping",
  "any",
  "action-root",
  "inputs",
  "input",
  "outputs",
  "output-definition",
  "runs",
  "container-runs",
  "container-runs-args",
  "container-runs-env",
  "node-runs",
  "plugin-runs",
  "composite-runs",
  "composite-steps",
  "composite-step",
  "run-step",
  "uses-step",
  "container-runs-context",
  "output-value",
  "input-***-context",
  "non-empty-string",
  "string-steps-context",
  "boolean-steps-context",
  "step-env",
  "step-if",
  "step-with"
]
[2025-11-13 23:13:11Z INFO HostContext] Well known directory 'Bin': 'C:\Trabalho\actions-runner\bin'
[2025-11-13 23:13:11Z INFO HostContext] Well known directory 'Root': 'C:\Trabalho\actions-runner'
[2025-11-13 23:13:11Z INFO HostContext] Well known directory 'Work': 'C:\Trabalho\actions-runner\_work'
[2025-11-13 23:13:11Z INFO HostContext] Well known directory 'Actions': 'C:\Trabalho\actions-runner\_work\_actions'
[2025-11-13 23:13:12Z INFO ActionManifestManager] Loaded action.yml file: {
  "name": "Checkout",
  "description": "Checkout a Git repository at a particular version",
  "inputs": {
    "type": 2,
    "map": [
      {
        "key": {
          "type": 0,
          "file": 2,
          "line": 4,
          "col": 3,
          "lit": "repository"
        },
        "value": {
          "type": 3,
          "file": 2,
          "line": 6,
          "col": 14,
          "expr": "github.repository"
        }
      },
      {
        "key": {
          "type": 0,
          "file": 2,
          "line": 7,
          "col": 3,
          "lit": "ref"
        },
        "value": ""
      },
      {
        "key": {
          "type": 0,
          "file": 2,
          "line": 12,
          "col": 3,
          "lit": "token"
        },
        "value": {
          "type": 3,
          "file": 2,
          "line": 24,
          "col": 14,
          "expr": "github.token"
        }
      },
      {
        "key": {
          "type": 0,
          "file": 2,
          "line": 25,
          "col": 3,
          "lit": "ssh-key"
        },
        "value": ""
      },
      {
        "key": {
          "type": 0,
          "file": 2,
          "line": 37,
          "col": 3,
          "lit": "ssh-known-hosts"
        },
        "value": ""
      },
      {
        "key": {
          "type": 0,
          "file": 2,
          "line": 42,
          "col": 3,
          "lit": "ssh-strict"
        },
        "value": {
          "type": 0,
          "file": 2,
          "line": 47,
          "col": 14,
          "lit": "true"
        }
      },
      {
        "key": {
          "type": 0,
          "file": 2,
          "line": 48,
          "col": 3,
          "lit": "ssh-user"
        },
        "value": {
          "type": 0,
          "file": 2,
          "line": 51,
          "col": 14,
          "lit": "git"
        }
      },
      {
        "key": {
          "type": 0,
          "file": 2,
          "line": 52,
          "col": 3,
          "lit": "persist-credentials"
        },
        "value": {
          "type": 0,
          "file": 2,
          "line": 54,
          "col": 14,
          "lit": "true"
        }
      },
      {
        "key": {
          "type": 0,
          "file": 2,
          "line": 55,
          "col": 3,
          "lit": "path"
        },
        "value": ""
      },
      {
        "key": {
          "type": 0,
          "file": 2,
          "line": 57,
          "col": 3,
          "lit": "clean"
        },
        "value": {
          "type": 0,
          "file": 2,
          "line": 59,
          "col": 14,
          "lit": "true"
        }
      },
      {
        "key": {
          "type": 0,
          "file": 2,
          "line": 60,
          "col": 3,
          "lit": "filter"
        },
        "value": {
          "type": 0,
          "file": 2,
          "line": 64,
          "col": 14,
          "lit": ""
        }
      },
      {
        "key": {
          "type": 0,
          "file": 2,
          "line": 65,
          "col": 3,
          "lit": "sparse-checkout"
        },
        "value": {
          "type": 0,
          "file": 2,
          "line": 69,
          "col": 14,
          "lit": ""
        }
      },
      {
        "key": {
          "type": 0,
          "file": 2,
          "line": 70,
          "col": 3,
          "lit": "sparse-checkout-cone-mode"
        },
        "value": {
          "type": 0,
          "file": 2,
          "line": 73,
          "col": 14,
          "lit": "true"
        }
      },
      {
        "key": {
          "type": 0,
          "file": 2,
          "line": 74,
          "col": 3,
          "lit": "fetch-depth"
        },
        "value": {
          "type": 0,
          "file": 2,
          "line": 76,
          "col": 14,
          "lit": "1"
        }
      },
      {
        "key": {
          "type": 0,
          "file": 2,
          "line": 77,
          "col": 3,
          "lit": "fetch-tags"
        },
        "value": {
          "type": 0,
          "file": 2,
          "line": 79,
          "col": 14,
          "lit": "false"
        }
      },
      {
        "key": {
          "type": 0,
          "file": 2,
          "line": 80,
          "col": 3,
          "lit": "show-progress"
        },
        "value": {
          "type": 0,
          "file": 2,
          "line": 82,
          "col": 14,
          "lit": "true"
        }
      },
      {
        "key": {
          "type": 0,
          "file": 2,
          "line": 83,
          "col": 3,
          "lit": "lfs"
        },
        "value": {
          "type": 0,
          "file": 2,
          "line": 85,
          "col": 14,
          "lit": "false"
        }
      },
      {
        "key": {
          "type": 0,
          "file": 2,
          "line": 86,
          "col": 3,
          "lit": "submodules"
        },
        "value": {
          "type": 0,
          "file": 2,
          "line": 94,
          "col": 14,
          "lit": "false"
        }
      },
      {
        "key": {
          "type": 0,
          "file": 2,
          "line": 95,
          "col": 3,
          "lit": "set-safe-directory"
        },
        "value": {
          "type": 0,
          "file": 2,
          "line": 97,
          "col": 14,
          "lit": "true"
        }
      },
      {
        "key": {
          "type": 0,
          "file": 2,
          "line": 98,
          "col": 3,
          "lit": "github-server-url"
        },
        "value": ""
      }
    ]
  },
  "execution": {
    "executionType": "nodeJS",
    "hasPre": false,
    "hasPost": true,
    "script": "dist/index.js",
    "pre": null,
    "post": "dist/index.js",
    "nodeVersion": "node20",
    "cleanupCondition": "always()",
    "initCondition": "always()"
  },
  "deprecated": null
}
[2025-11-13 23:13:12Z INFO ActionManager] Action node.js file: dist/index.js, no more preparation.
[2025-11-13 23:13:12Z INFO HostContext] Well known directory 'Bin': 'C:\Trabalho\actions-runner\bin'
[2025-11-13 23:13:12Z INFO HostContext] Well known directory 'Root': 'C:\Trabalho\actions-runner'
[2025-11-13 23:13:12Z INFO HostContext] Well known directory 'Work': 'C:\Trabalho\actions-runner\_work'
[2025-11-13 23:13:12Z INFO HostContext] Well known directory 'Actions': 'C:\Trabalho\actions-runner\_work\_actions'
[2025-11-13 23:13:12Z INFO ActionManager] Load action that reference repository from 'C:\Trabalho\actions-runner\_work\_actions\actions\checkout\v4'
[2025-11-13 23:13:12Z INFO HostContext] Well known directory 'Bin': 'C:\Trabalho\actions-runner\bin'
[2025-11-13 23:13:12Z INFO HostContext] Well known directory 'Root': 'C:\Trabalho\actions-runner'
[2025-11-13 23:13:12Z INFO HostContext] Well known directory 'Work': 'C:\Trabalho\actions-runner\_work'
[2025-11-13 23:13:12Z INFO HostContext] Well known directory 'Actions': 'C:\Trabalho\actions-runner\_work\_actions'
[2025-11-13 23:13:12Z INFO ActionManifestManager] Loaded action.yml file: {
  "name": "Checkout",
  "description": "Checkout a Git repository at a particular version",
  "inputs": {
    "type": 2,
    "map": [
      {
        "key": {
          "type": 0,
          "file": 2,
          "line": 4,
          "col": 3,
          "lit": "repository"
        },
        "value": {
          "type": 3,
          "file": 2,
          "line": 6,
          "col": 14,
          "expr": "github.repository"
        }
      },
      {
        "key": {
          "type": 0,
          "file": 2,
          "line": 7,
          "col": 3,
          "lit": "ref"
        },
        "value": ""
      },
      {
        "key": {
          "type": 0,
          "file": 2,
          "line": 12,
          "col": 3,
          "lit": "token"
        },
        "value": {
          "type": 3,
          "file": 2,
          "line": 24,
          "col": 14,
          "expr": "github.token"
        }
      },
      {
        "key": {
          "type": 0,
          "file": 2,
          "line": 25,
          "col": 3,
          "lit": "ssh-key"
        },
        "value": ""
      },
      {
        "key": {
          "type": 0,
          "file": 2,
          "line": 37,
          "col": 3,
          "lit": "ssh-known-hosts"
        },
        "value": ""
      },
      {
        "key": {
          "type": 0,
          "file": 2,
          "line": 42,
          "col": 3,
          "lit": "ssh-strict"
        },
        "value": {
          "type": 0,
          "file": 2,
          "line": 47,
          "col": 14,
          "lit": "true"
        }
      },
      {
        "key": {
          "type": 0,
          "file": 2,
          "line": 48,
          "col": 3,
          "lit": "ssh-user"
        },
        "value": {
          "type": 0,
          "file": 2,
          "line": 51,
          "col": 14,
          "lit": "git"
        }
      },
      {
        "key": {
          "type": 0,
          "file": 2,
          "line": 52,
          "col": 3,
          "lit": "persist-credentials"
        },
        "value": {
          "type": 0,
          "file": 2,
          "line": 54,
          "col": 14,
          "lit": "true"
        }
      },
      {
        "key": {
          "type": 0,
          "file": 2,
          "line": 55,
          "col": 3,
          "lit": "path"
        },
        "value": ""
      },
      {
        "key": {
          "type": 0,
          "file": 2,
          "line": 57,
          "col": 3,
          "lit": "clean"
        },
        "value": {
          "type": 0,
          "file": 2,
          "line": 59,
          "col": 14,
          "lit": "true"
        }
      },
      {
        "key": {
          "type": 0,
          "file": 2,
          "line": 60,
          "col": 3,
          "lit": "filter"
        },
        "value": {
          "type": 0,
          "file": 2,
          "line": 64,
          "col": 14,
          "lit": ""
        }
      },
      {
        "key": {
          "type": 0,
          "file": 2,
          "line": 65,
          "col": 3,
          "lit": "sparse-checkout"
        },
        "value": {
          "type": 0,
          "file": 2,
          "line": 69,
          "col": 14,
          "lit": ""
        }
      },
      {
        "key": {
          "type": 0,
          "file": 2,
          "line": 70,
          "col": 3,
          "lit": "sparse-checkout-cone-mode"
        },
        "value": {
          "type": 0,
          "file": 2,
          "line": 73,
          "col": 14,
          "lit": "true"
        }
      },
      {
        "key": {
          "type": 0,
          "file": 2,
          "line": 74,
          "col": 3,
          "lit": "fetch-depth"
        },
        "value": {
          "type": 0,
          "file": 2,
          "line": 76,
          "col": 14,
          "lit": "1"
        }
      },
      {
        "key": {
          "type": 0,
          "file": 2,
          "line": 77,
          "col": 3,
          "lit": "fetch-tags"
        },
        "value": {
          "type": 0,
          "file": 2,
          "line": 79,
          "col": 14,
          "lit": "false"
        }
      },
      {
        "key": {
          "type": 0,
          "file": 2,
          "line": 80,
          "col": 3,
          "lit": "show-progress"
        },
        "value": {
          "type": 0,
          "file": 2,
          "line": 82,
          "col": 14,
          "lit": "true"
        }
      },
      {
        "key": {
          "type": 0,
          "file": 2,
          "line": 83,
          "col": 3,
          "lit": "lfs"
        },
        "value": {
          "type": 0,
          "file": 2,
          "line": 85,
          "col": 14,
          "lit": "false"
        }
      },
      {
        "key": {
          "type": 0,
          "file": 2,
          "line": 86,
          "col": 3,
          "lit": "submodules"
        },
        "value": {
          "type": 0,
          "file": 2,
          "line": 94,
          "col": 14,
          "lit": "false"
        }
      },
      {
        "key": {
          "type": 0,
          "file": 2,
          "line": 95,
          "col": 3,
          "lit": "set-safe-directory"
        },
        "value": {
          "type": 0,
          "file": 2,
          "line": 97,
          "col": 14,
          "lit": "true"
        }
      },
      {
        "key": {
          "type": 0,
          "file": 2,
          "line": 98,
          "col": 3,
          "lit": "github-server-url"
        },
        "value": ""
      }
    ]
  },
  "execution": {
    "executionType": "nodeJS",
    "hasPre": false,
    "hasPost": true,
    "script": "dist/index.js",
    "pre": null,
    "post": "dist/index.js",
    "nodeVersion": "node20",
    "cleanupCondition": "always()",
    "initCondition": "always()"
  },
  "deprecated": null
}
[2025-11-13 23:13:12Z INFO ActionManager] Action pre node.js file: N/A.
[2025-11-13 23:13:12Z INFO ActionManager] Action node.js file: dist/index.js.
[2025-11-13 23:13:12Z INFO ActionManager] Action post node.js file: dist/index.js.
[2025-11-13 23:13:12Z INFO JobExtension] Adding .
[2025-11-13 23:13:12Z INFO JobExtension] Adding .
[2025-11-13 23:13:12Z INFO JobExtension] Adding .
[2025-11-13 23:13:12Z INFO JobExtension] Adding .
[2025-11-13 23:13:12Z INFO JobExtension] Adding .
[2025-11-13 23:13:12Z INFO JobExtension] Adding .
[2025-11-13 23:13:12Z INFO JobExtension] Adding .
[2025-11-13 23:13:12Z INFO JobExtension] Adding .
[2025-11-13 23:13:12Z INFO JobExtension] Adding .
[2025-11-13 23:13:12Z INFO JobExtension] Adding .
[2025-11-13 23:13:12Z INFO JobExtension] Adding .
[2025-11-13 23:13:12Z INFO HostContext] Well known directory 'Bin': 'C:\Trabalho\actions-runner\bin'
[2025-11-13 23:13:12Z INFO HostContext] Well known directory 'Root': 'C:\Trabalho\actions-runner'
[2025-11-13 23:13:12Z INFO HostContext] Well known directory 'Diag': 'C:\Trabalho\actions-runner\_diag'
[2025-11-13 23:13:12Z INFO HostContext] Well known directory 'Bin': 'C:\Trabalho\actions-runner\bin'
[2025-11-13 23:13:12Z INFO HostContext] Well known directory 'Root': 'C:\Trabalho\actions-runner'
[2025-11-13 23:13:12Z INFO HostContext] Well known directory 'Diag': 'C:\Trabalho\actions-runner\_diag'
[2025-11-13 23:13:12Z INFO HostContext] Well known directory 'Bin': 'C:\Trabalho\actions-runner\bin'
[2025-11-13 23:13:12Z INFO HostContext] Well known directory 'Root': 'C:\Trabalho\actions-runner'
[2025-11-13 23:13:12Z INFO HostContext] Well known directory 'Diag': 'C:\Trabalho\actions-runner\_diag'
[2025-11-13 23:13:12Z INFO HostContext] Well known directory 'Bin': 'C:\Trabalho\actions-runner\bin'
[2025-11-13 23:13:12Z INFO HostContext] Well known directory 'Root': 'C:\Trabalho\actions-runner'
[2025-11-13 23:13:12Z INFO HostContext] Well known directory 'Diag': 'C:\Trabalho\actions-runner\_diag'
[2025-11-13 23:13:12Z INFO HostContext] Well known directory 'Bin': 'C:\Trabalho\actions-runner\bin'
[2025-11-13 23:13:12Z INFO HostContext] Well known directory 'Root': 'C:\Trabalho\actions-runner'
[2025-11-13 23:13:12Z INFO HostContext] Well known directory 'Diag': 'C:\Trabalho\actions-runner\_diag'
[2025-11-13 23:13:12Z INFO HostContext] Well known directory 'Bin': 'C:\Trabalho\actions-runner\bin'
[2025-11-13 23:13:12Z INFO HostContext] Well known directory 'Root': 'C:\Trabalho\actions-runner'
[2025-11-13 23:13:12Z INFO HostContext] Well known directory 'Diag': 'C:\Trabalho\actions-runner\_diag'
[2025-11-13 23:13:12Z INFO HostContext] Well known directory 'Bin': 'C:\Trabalho\actions-runner\bin'
[2025-11-13 23:13:12Z INFO HostContext] Well known directory 'Root': 'C:\Trabalho\actions-runner'
[2025-11-13 23:13:12Z INFO HostContext] Well known directory 'Diag': 'C:\Trabalho\actions-runner\_diag'
[2025-11-13 23:13:12Z INFO HostContext] Well known directory 'Bin': 'C:\Trabalho\actions-runner\bin'
[2025-11-13 23:13:12Z INFO HostContext] Well known directory 'Root': 'C:\Trabalho\actions-runner'
[2025-11-13 23:13:12Z INFO HostContext] Well known directory 'Diag': 'C:\Trabalho\actions-runner\_diag'
[2025-11-13 23:13:12Z INFO HostContext] Well known directory 'Bin': 'C:\Trabalho\actions-runner\bin'
[2025-11-13 23:13:12Z INFO HostContext] Well known directory 'Root': 'C:\Trabalho\actions-runner'
[2025-11-13 23:13:12Z INFO HostContext] Well known directory 'Diag': 'C:\Trabalho\actions-runner\_diag'
[2025-11-13 23:13:12Z INFO HostContext] Well known directory 'Bin': 'C:\Trabalho\actions-runner\bin'
[2025-11-13 23:13:12Z INFO HostContext] Well known directory 'Root': 'C:\Trabalho\actions-runner'
[2025-11-13 23:13:12Z INFO HostContext] Well known directory 'Diag': 'C:\Trabalho\actions-runner\_diag'
[2025-11-13 23:13:12Z INFO HostContext] Well known directory 'Bin': 'C:\Trabalho\actions-runner\bin'
[2025-11-13 23:13:12Z INFO HostContext] Well known directory 'Root': 'C:\Trabalho\actions-runner'
[2025-11-13 23:13:12Z INFO HostContext] Well known directory 'Diag': 'C:\Trabalho\actions-runner\_diag'
[2025-11-13 23:13:12Z INFO HostContext] Well known directory 'Bin': 'C:\Trabalho\actions-runner\bin'
[2025-11-13 23:13:12Z INFO HostContext] Well known directory 'Root': 'C:\Trabalho\actions-runner'
[2025-11-13 23:13:12Z INFO HostContext] Well known directory 'Diag': 'C:\Trabalho\actions-runner\_diag'
[2025-11-13 23:13:12Z INFO HostContext] Well known directory 'Bin': 'C:\Trabalho\actions-runner\bin'
[2025-11-13 23:13:12Z INFO HostContext] Well known directory 'Root': 'C:\Trabalho\actions-runner'
[2025-11-13 23:13:12Z INFO HostContext] Well known directory 'Diag': 'C:\Trabalho\actions-runner\_diag'
[2025-11-13 23:13:12Z INFO HostContext] Well known directory 'Bin': 'C:\Trabalho\actions-runner\bin'
[2025-11-13 23:13:12Z INFO HostContext] Well known directory 'Root': 'C:\Trabalho\actions-runner'
[2025-11-13 23:13:12Z INFO HostContext] Well known directory 'Diag': 'C:\Trabalho\actions-runner\_diag'
[2025-11-13 23:13:12Z INFO HostContext] Well known directory 'Bin': 'C:\Trabalho\actions-runner\bin'
[2025-11-13 23:13:12Z INFO HostContext] Well known directory 'Root': 'C:\Trabalho\actions-runner'
[2025-11-13 23:13:12Z INFO HostContext] Well known directory 'Diag': 'C:\Trabalho\actions-runner\_diag'
[2025-11-13 23:13:12Z INFO HostContext] Well known directory 'Bin': 'C:\Trabalho\actions-runner\bin'
[2025-11-13 23:13:12Z INFO HostContext] Well known directory 'Root': 'C:\Trabalho\actions-runner'
[2025-11-13 23:13:12Z INFO HostContext] Well known directory 'Diag': 'C:\Trabalho\actions-runner\_diag'
[2025-11-13 23:13:12Z INFO HostContext] Well known directory 'Bin': 'C:\Trabalho\actions-runner\bin'
[2025-11-13 23:13:12Z INFO HostContext] Well known directory 'Root': 'C:\Trabalho\actions-runner'
[2025-11-13 23:13:12Z INFO HostContext] Well known directory 'Diag': 'C:\Trabalho\actions-runner\_diag'
[2025-11-13 23:13:12Z INFO HostContext] Well known directory 'Bin': 'C:\Trabalho\actions-runner\bin'
[2025-11-13 23:13:12Z INFO HostContext] Well known directory 'Root': 'C:\Trabalho\actions-runner'
[2025-11-13 23:13:12Z INFO HostContext] Well known directory 'Diag': 'C:\Trabalho\actions-runner\_diag'
[2025-11-13 23:13:12Z INFO HostContext] Well known directory 'Bin': 'C:\Trabalho\actions-runner\bin'
[2025-11-13 23:13:12Z INFO HostContext] Well known directory 'Root': 'C:\Trabalho\actions-runner'
[2025-11-13 23:13:12Z INFO HostContext] Well known directory 'Diag': 'C:\Trabalho\actions-runner\_diag'
[2025-11-13 23:13:12Z INFO HostContext] Well known directory 'Bin': 'C:\Trabalho\actions-runner\bin'
[2025-11-13 23:13:12Z INFO HostContext] Well known directory 'Root': 'C:\Trabalho\actions-runner'
[2025-11-13 23:13:12Z INFO HostContext] Well known directory 'Diag': 'C:\Trabalho\actions-runner\_diag'
[2025-11-13 23:13:12Z INFO HostContext] Well known directory 'Bin': 'C:\Trabalho\actions-runner\bin'
[2025-11-13 23:13:12Z INFO HostContext] Well known directory 'Root': 'C:\Trabalho\actions-runner'
[2025-11-13 23:13:12Z INFO HostContext] Well known directory 'Diag': 'C:\Trabalho\actions-runner\_diag'
[2025-11-13 23:13:12Z INFO HostContext] Well known directory 'Bin': 'C:\Trabalho\actions-runner\bin'
[2025-11-13 23:13:12Z INFO HostContext] Well known directory 'Root': 'C:\Trabalho\actions-runner'
[2025-11-13 23:13:12Z INFO HostContext] Well known directory 'Diag': 'C:\Trabalho\actions-runner\_diag'
[2025-11-13 23:13:12Z INFO JobExtension] Total accessible running process: 276.
[2025-11-13 23:13:12Z INFO HostContext] Well known directory 'Bin': 'C:\Trabalho\actions-runner\bin'
[2025-11-13 23:13:12Z INFO HostContext] Well known directory 'Root': 'C:\Trabalho\actions-runner'
[2025-11-13 23:13:12Z INFO HostContext] Well known directory 'Work': 'C:\Trabalho\actions-runner\_work'
[2025-11-13 23:13:12Z INFO JobExtension] Start checking service connectivity in background.
[2025-11-13 23:13:12Z INFO JobServerQueue] Try to append 1 batches web console lines for record '11e94de1-e431-43f1-80c7-b38aca44bd09', success rate: 1/1.
[2025-11-13 23:13:12Z INFO ExecutionContext] Publish step telemetry for current step {
  "action": "setup_job",
  "type": "runner",
  "stage": "Pre",
  "stepId": "11e94de1-e431-43f1-80c7-b38aca44bd09",
  "result": "succeeded",
  "errorMessages": [],
  "executionTimeInSeconds": 3,
  "startTime": "2025-11-13T23:13:10.0763977Z",
  "finishTime": "2025-11-13T23:13:12.1233689Z"
}.
[2025-11-13 23:13:12Z INFO JobRunner] Total job steps: 11.
[2025-11-13 23:13:12Z INFO JobRunner] Run all job steps.
[2025-11-13 23:13:12Z INFO StepsRunner] Processing step: DisplayName='Checkout'
[2025-11-13 23:13:12Z INFO StepsRunner] Evaluating: success()
[2025-11-13 23:13:12Z INFO StepsRunner] Result: true
[2025-11-13 23:13:12Z INFO StepsRunner] Starting the step.
[2025-11-13 23:13:12Z INFO HostContext] Well known directory 'Bin': 'C:\Trabalho\actions-runner\bin'
[2025-11-13 23:13:12Z INFO HostContext] Well known directory 'Root': 'C:\Trabalho\actions-runner'
[2025-11-13 23:13:12Z INFO HostContext] Well known directory 'Work': 'C:\Trabalho\actions-runner\_work'
[2025-11-13 23:13:12Z INFO StepsRunner] Which2: 'chcp'
[2025-11-13 23:13:12Z INFO StepsRunner] Location: 'C:\WINDOWS\system32\chcp.COM'
[2025-11-13 23:13:12Z INFO ProcessInvokerWrapper] Starting process:
[2025-11-13 23:13:12Z INFO ProcessInvokerWrapper]   File name: 'C:\WINDOWS\system32\chcp.COM'
[2025-11-13 23:13:12Z INFO ProcessInvokerWrapper]   Arguments: '65001'
[2025-11-13 23:13:12Z INFO ProcessInvokerWrapper]   Working directory: 'C:\Trabalho\actions-runner\_work'
[2025-11-13 23:13:12Z INFO ProcessInvokerWrapper]   Require exit code zero: 'False'
[2025-11-13 23:13:12Z INFO ProcessInvokerWrapper]   Encoding web name:  ; code page: ''
[2025-11-13 23:13:12Z INFO ProcessInvokerWrapper]   Force kill process on cancellation: 'False'
[2025-11-13 23:13:12Z INFO ProcessInvokerWrapper]   Redirected STDIN: 'False'
[2025-11-13 23:13:12Z INFO ProcessInvokerWrapper]   Persist current code page: 'True'
[2025-11-13 23:13:12Z INFO ProcessInvokerWrapper]   Keep redirected STDIN open: 'False'
[2025-11-13 23:13:12Z INFO ProcessInvokerWrapper]   High priority process: 'False'
[2025-11-13 23:13:12Z INFO ProcessInvokerWrapper] Process started with process id 3828, waiting for process exit.
[2025-11-13 23:13:12Z INFO ProcessInvokerWrapper] STDOUT/STDERR stream read finished.
[2025-11-13 23:13:12Z INFO ProcessInvokerWrapper] STDOUT/STDERR stream read finished.
[2025-11-13 23:13:12Z INFO ProcessInvokerWrapper] Finished process 3828 with exit code 0, and elapsed time 00:00:00.0307866.
[2025-11-13 23:13:12Z INFO StepsRunner] Successfully returned to code page 65001 (UTF8)
[2025-11-13 23:13:12Z INFO HostContext] Well known directory 'Bin': 'C:\Trabalho\actions-runner\bin'
[2025-11-13 23:13:12Z INFO HostContext] Well known directory 'Root': 'C:\Trabalho\actions-runner'
[2025-11-13 23:13:12Z INFO HostContext] Well known directory 'Work': 'C:\Trabalho\actions-runner\_work'
[2025-11-13 23:13:12Z INFO HostContext] Well known directory 'Actions': 'C:\Trabalho\actions-runner\_work\_actions'
[2025-11-13 23:13:12Z INFO ActionManager] Load action that reference repository from 'C:\Trabalho\actions-runner\_work\_actions\actions\checkout\v4'
[2025-11-13 23:13:12Z INFO HostContext] Well known directory 'Bin': 'C:\Trabalho\actions-runner\bin'
[2025-11-13 23:13:12Z INFO HostContext] Well known directory 'Root': 'C:\Trabalho\actions-runner'
[2025-11-13 23:13:12Z INFO HostContext] Well known directory 'Work': 'C:\Trabalho\actions-runner\_work'
[2025-11-13 23:13:12Z INFO HostContext] Well known directory 'Actions': 'C:\Trabalho\actions-runner\_work\_actions'
[2025-11-13 23:13:12Z INFO ActionManifestManager] Loaded action.yml file: {
  "name": "Checkout",
  "description": "Checkout a Git repository at a particular version",
  "inputs": {
    "type": 2,
    "map": [
      {
        "key": {
          "type": 0,
          "file": 2,
          "line": 4,
          "col": 3,
          "lit": "repository"
        },
        "value": {
          "type": 3,
          "file": 2,
          "line": 6,
          "col": 14,
          "expr": "github.repository"
        }
      },
      {
        "key": {
          "type": 0,
          "file": 2,
          "line": 7,
          "col": 3,
          "lit": "ref"
        },
        "value": ""
      },
      {
        "key": {
          "type": 0,
          "file": 2,
          "line": 12,
          "col": 3,
          "lit": "token"
        },
        "value": {
          "type": 3,
          "file": 2,
          "line": 24,
          "col": 14,
          "expr": "github.token"
        }
      },
      {
        "key": {
          "type": 0,
          "file": 2,
          "line": 25,
          "col": 3,
          "lit": "ssh-key"
        },
        "value": ""
      },
      {
        "key": {
          "type": 0,
          "file": 2,
          "line": 37,
          "col": 3,
          "lit": "ssh-known-hosts"
        },
        "value": ""
      },
      {
        "key": {
          "type": 0,
          "file": 2,
          "line": 42,
          "col": 3,
          "lit": "ssh-strict"
        },
        "value": {
          "type": 0,
          "file": 2,
          "line": 47,
          "col": 14,
          "lit": "true"
        }
      },
      {
        "key": {
          "type": 0,
          "file": 2,
          "line": 48,
          "col": 3,
          "lit": "ssh-user"
        },
        "value": {
          "type": 0,
          "file": 2,
          "line": 51,
          "col": 14,
          "lit": "git"
        }
      },
      {
        "key": {
          "type": 0,
          "file": 2,
          "line": 52,
          "col": 3,
          "lit": "persist-credentials"
        },
        "value": {
          "type": 0,
          "file": 2,
          "line": 54,
          "col": 14,
          "lit": "true"
        }
      },
      {
        "key": {
          "type": 0,
          "file": 2,
          "line": 55,
          "col": 3,
          "lit": "path"
        },
        "value": ""
      },
      {
        "key": {
          "type": 0,
          "file": 2,
          "line": 57,
          "col": 3,
          "lit": "clean"
        },
        "value": {
          "type": 0,
          "file": 2,
          "line": 59,
          "col": 14,
          "lit": "true"
        }
      },
      {
        "key": {
          "type": 0,
          "file": 2,
          "line": 60,
          "col": 3,
          "lit": "filter"
        },
        "value": {
          "type": 0,
          "file": 2,
          "line": 64,
          "col": 14,
          "lit": ""
        }
      },
      {
        "key": {
          "type": 0,
          "file": 2,
          "line": 65,
          "col": 3,
          "lit": "sparse-checkout"
        },
        "value": {
          "type": 0,
          "file": 2,
          "line": 69,
          "col": 14,
          "lit": ""
        }
      },
      {
        "key": {
          "type": 0,
          "file": 2,
          "line": 70,
          "col": 3,
          "lit": "sparse-checkout-cone-mode"
        },
        "value": {
          "type": 0,
          "file": 2,
          "line": 73,
          "col": 14,
          "lit": "true"
        }
      },
      {
        "key": {
          "type": 0,
          "file": 2,
          "line": 74,
          "col": 3,
          "lit": "fetch-depth"
        },
        "value": {
          "type": 0,
          "file": 2,
          "line": 76,
          "col": 14,
          "lit": "1"
        }
      },
      {
        "key": {
          "type": 0,
          "file": 2,
          "line": 77,
          "col": 3,
          "lit": "fetch-tags"
        },
        "value": {
          "type": 0,
          "file": 2,
          "line": 79,
          "col": 14,
          "lit": "false"
        }
      },
      {
        "key": {
          "type": 0,
          "file": 2,
          "line": 80,
          "col": 3,
          "lit": "show-progress"
        },
        "value": {
          "type": 0,
          "file": 2,
          "line": 82,
          "col": 14,
          "lit": "true"
        }
      },
      {
        "key": {
          "type": 0,
          "file": 2,
          "line": 83,
          "col": 3,
          "lit": "lfs"
        },
        "value": {
          "type": 0,
          "file": 2,
          "line": 85,
          "col": 14,
          "lit": "false"
        }
      },
      {
        "key": {
          "type": 0,
          "file": 2,
          "line": 86,
          "col": 3,
          "lit": "submodules"
        },
        "value": {
          "type": 0,
          "file": 2,
          "line": 94,
          "col": 14,
          "lit": "false"
        }
      },
      {
        "key": {
          "type": 0,
          "file": 2,
          "line": 95,
          "col": 3,
          "lit": "set-safe-directory"
        },
        "value": {
          "type": 0,
          "file": 2,
          "line": 97,
          "col": 14,
          "lit": "true"
        }
      },
      {
        "key": {
          "type": 0,
          "file": 2,
          "line": 98,
          "col": 3,
          "lit": "github-server-url"
        },
        "value": ""
      }
    ]
  },
  "execution": {
    "executionType": "nodeJS",
    "hasPre": false,
    "hasPost": true,
    "script": "dist/index.js",
    "pre": null,
    "post": "dist/index.js",
    "nodeVersion": "node20",
    "cleanupCondition": "always()",
    "initCondition": "always()"
  },
  "deprecated": null
}
[2025-11-13 23:13:12Z INFO ActionManager] Action pre node.js file: N/A.
[2025-11-13 23:13:12Z INFO ActionManager] Action node.js file: dist/index.js.
[2025-11-13 23:13:12Z INFO ActionManager] Action post node.js file: dist/index.js.
[2025-11-13 23:13:12Z INFO ExecutionContext] Reserve record order 13 to 24 for post job actions.
[2025-11-13 23:13:12Z INFO HostContext] Well known directory 'Bin': 'C:\Trabalho\actions-runner\bin'
[2025-11-13 23:13:12Z INFO HostContext] Well known directory 'Root': 'C:\Trabalho\actions-runner'
[2025-11-13 23:13:12Z INFO HostContext] Well known directory 'Diag': 'C:\Trabalho\actions-runner\_diag'
[2025-11-13 23:13:12Z INFO HostContext] Well known directory 'Bin': 'C:\Trabalho\actions-runner\bin'
[2025-11-13 23:13:12Z INFO HostContext] Well known directory 'Root': 'C:\Trabalho\actions-runner'
[2025-11-13 23:13:12Z INFO HostContext] Well known directory 'Diag': 'C:\Trabalho\actions-runner\_diag'
[2025-11-13 23:13:12Z INFO HostContext] Well known directory 'Bin': 'C:\Trabalho\actions-runner\bin'
[2025-11-13 23:13:12Z INFO HostContext] Well known directory 'Root': 'C:\Trabalho\actions-runner'
[2025-11-13 23:13:12Z INFO HostContext] Well known directory 'Work': 'C:\Trabalho\actions-runner\_work'
[2025-11-13 23:13:12Z INFO HostContext] Well known directory 'Temp': 'C:\Trabalho\actions-runner\_work\_temp'
[2025-11-13 23:13:12Z INFO ExecutionContext] Write event payload to C:\Trabalho\actions-runner\_work\_temp\_github_workflow\event.json
[2025-11-13 23:13:12Z INFO HostContext] Well known directory 'Bin': 'C:\Trabalho\actions-runner\bin'
[2025-11-13 23:13:12Z INFO HostContext] Well known directory 'Root': 'C:\Trabalho\actions-runner'
[2025-11-13 23:13:12Z INFO HostContext] Well known directory 'Work': 'C:\Trabalho\actions-runner\_work'
[2025-11-13 23:13:12Z INFO HostContext] Well known directory 'Temp': 'C:\Trabalho\actions-runner\_work\_temp'
[2025-11-13 23:13:12Z INFO ExtensionManager] Getting extensions for interface: 'GitHub.Runner.Worker.IFileCommandExtension'
[2025-11-13 23:13:12Z INFO ExtensionManager] Creating instance: GitHub.Runner.Worker.AddPathFileCommand, Runner.Worker
[2025-11-13 23:13:12Z INFO ExtensionManager] Creating instance: GitHub.Runner.Worker.SetEnvFileCommand, Runner.Worker
[2025-11-13 23:13:12Z INFO ExtensionManager] Creating instance: GitHub.Runner.Worker.CreateStepSummaryCommand, Runner.Worker
[2025-11-13 23:13:12Z INFO ExtensionManager] Creating instance: GitHub.Runner.Worker.SaveStateFileCommand, Runner.Worker
[2025-11-13 23:13:12Z INFO ExtensionManager] Creating instance: GitHub.Runner.Worker.SetOutputFileCommand, Runner.Worker
[2025-11-13 23:13:12Z INFO ActionManifestManager] Input 'repository': *** value evaluate result: {
  "type": 0,
  "file": 2,
  "line": 6,
  "col": 14,
  "lit": "potinhek/Trabalho"
}
[2025-11-13 23:13:12Z INFO ActionManifestManager] Input 'ref': *** value evaluate result: ""
[2025-11-13 23:13:12Z INFO ActionManifestManager] Input 'token': *** value evaluate result: {
  "type": 0,
  "file": 2,
  "line": 24,
  "col": 14,
  "lit": "***"
}
[2025-11-13 23:13:12Z INFO ActionManifestManager] Input 'ssh-key': *** value evaluate result: ""
[2025-11-13 23:13:12Z INFO ActionManifestManager] Input 'ssh-known-hosts': *** value evaluate result: ""
[2025-11-13 23:13:12Z INFO ActionManifestManager] Input 'ssh-strict': *** value evaluate result: {
  "type": 0,
  "file": 2,
  "line": 47,
  "col": 14,
  "lit": "true"
}
[2025-11-13 23:13:12Z INFO ActionManifestManager] Input 'ssh-user': *** value evaluate result: {
  "type": 0,
  "file": 2,
  "line": 51,
  "col": 14,
  "lit": "git"
}
[2025-11-13 23:13:12Z INFO ActionManifestManager] Input 'persist-credentials': *** value evaluate result: {
  "type": 0,
  "file": 2,
  "line": 54,
  "col": 14,
  "lit": "true"
}
[2025-11-13 23:13:12Z INFO ActionManifestManager] Input 'path': *** value evaluate result: ""
[2025-11-13 23:13:12Z INFO ActionManifestManager] Input 'clean': *** value evaluate result: {
  "type": 0,
  "file": 2,
  "line": 59,
  "col": 14,
  "lit": "true"
}
[2025-11-13 23:13:12Z INFO ActionManifestManager] Input 'filter': *** value evaluate result: {
  "type": 0,
  "file": 2,
  "line": 64,
  "col": 14,
  "lit": ""
}
[2025-11-13 23:13:12Z INFO ActionManifestManager] Input 'sparse-checkout': *** value evaluate result: {
  "type": 0,
  "file": 2,
  "line": 69,
  "col": 14,
  "lit": ""
}
[2025-11-13 23:13:12Z INFO ActionManifestManager] Input 'sparse-checkout-cone-mode': *** value evaluate result: {
  "type": 0,
  "file": 2,
  "line": 73,
  "col": 14,
  "lit": "true"
}
[2025-11-13 23:13:12Z INFO ActionManifestManager] Input 'fetch-depth': *** value evaluate result: {
  "type": 0,
  "file": 2,
  "line": 76,
  "col": 14,
  "lit": "1"
}
[2025-11-13 23:13:12Z INFO ActionManifestManager] Input 'fetch-tags': *** value evaluate result: {
  "type": 0,
  "file": 2,
  "line": 79,
  "col": 14,
  "lit": "false"
}
[2025-11-13 23:13:12Z INFO ActionManifestManager] Input 'show-progress': *** value evaluate result: {
  "type": 0,
  "file": 2,
  "line": 82,
  "col": 14,
  "lit": "true"
}
[2025-11-13 23:13:12Z INFO ActionManifestManager] Input 'lfs': *** value evaluate result: {
  "type": 0,
  "file": 2,
  "line": 85,
  "col": 14,
  "lit": "false"
}
[2025-11-13 23:13:12Z INFO ActionManifestManager] Input 'submodules': *** value evaluate result: {
  "type": 0,
  "file": 2,
  "line": 94,
  "col": 14,
  "lit": "false"
}
[2025-11-13 23:13:12Z INFO ActionManifestManager] Input 'set-safe-directory': *** value evaluate result: {
  "type": 0,
  "file": 2,
  "line": 97,
  "col": 14,
  "lit": "true"
}
[2025-11-13 23:13:12Z INFO ActionManifestManager] Input 'github-server-url': *** value evaluate result: ""
[2025-11-13 23:13:12Z INFO ExtensionManager] Getting extensions for interface: 'GitHub.Runner.Worker.IActionCommandExtension'
[2025-11-13 23:13:12Z INFO ExtensionManager] Creating instance: GitHub.Runner.Worker.InternalPluginSetRepoPathCommandExtension, Runner.Worker
[2025-11-13 23:13:12Z INFO ExtensionManager] Creating instance: GitHub.Runner.Worker.SetEnvCommandExtension, Runner.Worker
[2025-11-13 23:13:12Z INFO ExtensionManager] Creating instance: GitHub.Runner.Worker.SetOutputCommandExtension, Runner.Worker
[2025-11-13 23:13:12Z INFO ExtensionManager] Creating instance: GitHub.Runner.Worker.SaveStateCommandExtension, Runner.Worker
[2025-11-13 23:13:12Z INFO ExtensionManager] Creating instance: GitHub.Runner.Worker.AddPathCommandExtension, Runner.Worker
[2025-11-13 23:13:12Z INFO ExtensionManager] Creating instance: GitHub.Runner.Worker.AddMaskCommandExtension, Runner.Worker
[2025-11-13 23:13:12Z INFO ExtensionManager] Creating instance: GitHub.Runner.Worker.AddMatcherCommandExtension, Runner.Worker
[2025-11-13 23:13:12Z INFO ExtensionManager] Creating instance: GitHub.Runner.Worker.RemoveMatcherCommandExtension, Runner.Worker
[2025-11-13 23:13:12Z INFO ExtensionManager] Creating instance: GitHub.Runner.Worker.WarningCommandExtension, Runner.Worker
[2025-11-13 23:13:12Z INFO ExtensionManager] Creating instance: GitHub.Runner.Worker.ErrorCommandExtension, Runner.Worker
[2025-11-13 23:13:12Z INFO ExtensionManager] Creating instance: GitHub.Runner.Worker.NoticeCommandExtension, Runner.Worker
[2025-11-13 23:13:12Z INFO ExtensionManager] Creating instance: GitHub.Runner.Worker.DebugCommandExtension, Runner.Worker
[2025-11-13 23:13:12Z INFO ExtensionManager] Creating instance: GitHub.Runner.Worker.GroupCommandExtension, Runner.Worker
[2025-11-13 23:13:12Z INFO ExtensionManager] Creating instance: GitHub.Runner.Worker.EndGroupCommandExtension, Runner.Worker
[2025-11-13 23:13:12Z INFO ExtensionManager] Creating instance: GitHub.Runner.Worker.EchoCommandExtension, Runner.Worker
[2025-11-13 23:13:12Z INFO ActionCommandManager] Register action command extension for command internal-set-repo-path
[2025-11-13 23:13:12Z INFO ActionCommandManager] Register action command extension for command set-env
[2025-11-13 23:13:12Z INFO ActionCommandManager] Register action command extension for command set-output
[2025-11-13 23:13:12Z INFO ActionCommandManager] Register action command extension for command save-state
[2025-11-13 23:13:12Z INFO ActionCommandManager] Register action command extension for command add-path
[2025-11-13 23:13:12Z INFO ActionCommandManager] Register action command extension for command add-mask
[2025-11-13 23:13:12Z INFO ActionCommandManager] Register action command extension for command add-matcher
[2025-11-13 23:13:12Z INFO ActionCommandManager] Register action command extension for command remove-matcher
[2025-11-13 23:13:12Z INFO ActionCommandManager] Register action command extension for command warning
[2025-11-13 23:13:12Z INFO ActionCommandManager] Register action command extension for command error
[2025-11-13 23:13:12Z INFO ActionCommandManager] Register action command extension for command notice
[2025-11-13 23:13:12Z INFO ActionCommandManager] Register action command extension for command debug
[2025-11-13 23:13:12Z INFO ActionCommandManager] Register action command extension for command group
[2025-11-13 23:13:12Z INFO ActionCommandManager] Register action command extension for command endgroup
[2025-11-13 23:13:12Z INFO ActionCommandManager] Register action command extension for command echo
[2025-11-13 23:13:12Z INFO HostContext] Well known directory 'Bin': 'C:\Trabalho\actions-runner\bin'
[2025-11-13 23:13:12Z INFO HostContext] Well known directory 'Root': 'C:\Trabalho\actions-runner'
[2025-11-13 23:13:12Z INFO HostContext] Well known directory 'Externals': 'C:\Trabalho\actions-runner\externals'
[2025-11-13 23:13:12Z INFO ProcessInvokerWrapper] Starting process:
[2025-11-13 23:13:12Z INFO ProcessInvokerWrapper]   File name: 'C:\Trabalho\actions-runner\externals\node20\bin\node.exe'
[2025-11-13 23:13:12Z INFO ProcessInvokerWrapper]   Arguments: '"C:\Trabalho\actions-runner\_work\_actions\actions\checkout\v4\dist/index.js"'
[2025-11-13 23:13:12Z INFO ProcessInvokerWrapper]   Working directory: 'C:\Trabalho\actions-runner\_work\Trabalho\Trabalho'
[2025-11-13 23:13:12Z INFO ProcessInvokerWrapper]   Require exit code zero: 'False'
[2025-11-13 23:13:12Z INFO ProcessInvokerWrapper]   Encoding web name: utf-8 ; code page: '65001'
[2025-11-13 23:13:12Z INFO ProcessInvokerWrapper]   Force kill process on cancellation: 'False'
[2025-11-13 23:13:12Z INFO ProcessInvokerWrapper]   Redirected STDIN: 'False'
[2025-11-13 23:13:12Z INFO ProcessInvokerWrapper]   Persist current code page: 'True'
[2025-11-13 23:13:12Z INFO ProcessInvokerWrapper]   Keep redirected STDIN open: 'False'
[2025-11-13 23:13:12Z INFO ProcessInvokerWrapper]   High priority process: 'False'
[2025-11-13 23:13:12Z INFO JobServerQueue] Try to append 1 batches web console lines for record '3191aa21-ac6b-4989-b0ed-5df5293c0814', success rate: 1/1.
[2025-11-13 23:13:13Z INFO JobServerQueue] Got a step log file to send to results service.
[2025-11-13 23:13:13Z INFO JobServerQueue] Starting upload of step log file to results service ResultsLog, C:\Trabalho\actions-runner\_diag\blocks\d43c0b8e-46dc-4b25-ad42-383da2100f10_11e94de1-e431-43f1-80c7-b38aca44bd09.1
[2025-11-13 23:13:13Z INFO JobServerQueue] Try to upload 1 log files or attachments, success rate: 1/1.
[2025-11-13 23:13:14Z INFO ProcessInvokerWrapper] Process started with process id 11936, waiting for process exit.
[2025-11-13 23:13:14Z INFO JobServerQueue] Tried to upload 1 file(s) to results, success rate: 1/1.
[2025-11-13 23:13:14Z INFO JobServerQueue] Try to append 1 batches web console lines for record '3191aa21-ac6b-4989-b0ed-5df5293c0814', success rate: 1/1.
[2025-11-13 23:13:15Z INFO AddMaskCommandExtension] Add new secret mask with length of 76
[2025-11-13 23:13:15Z INFO JobServerQueue] Try to append 1 batches web console lines for record '3191aa21-ac6b-4989-b0ed-5df5293c0814', success rate: 1/1.
[2025-11-13 23:13:15Z INFO JobServerQueue] Try to append 1 batches web console lines for record '3191aa21-ac6b-4989-b0ed-5df5293c0814', success rate: 1/1.
[2025-11-13 23:13:15Z INFO JobServerQueue] Try to append 1 batches web console lines for record '3191aa21-ac6b-4989-b0ed-5df5293c0814', success rate: 1/1.
[2025-11-13 23:13:17Z INFO JobServerQueue] Try to append 1 batches web console lines for record '3191aa21-ac6b-4989-b0ed-5df5293c0814', success rate: 1/1.
[2025-11-13 23:13:17Z INFO JobServerQueue] Try to append 1 batches web console lines for record '3191aa21-ac6b-4989-b0ed-5df5293c0814', success rate: 1/1.
[2025-11-13 23:13:18Z INFO JobServerQueue] Try to append 1 batches web console lines for record '3191aa21-ac6b-4989-b0ed-5df5293c0814', success rate: 1/1.
[2025-11-13 23:13:19Z INFO JobServerQueue] Try to append 1 batches web console lines for record '3191aa21-ac6b-4989-b0ed-5df5293c0814', success rate: 1/1.
[2025-11-13 23:13:20Z INFO JobServerQueue] Try to append 1 batches web console lines for record '3191aa21-ac6b-4989-b0ed-5df5293c0814', success rate: 1/1.
[2025-11-13 23:13:22Z INFO HostContext] Well known directory 'Bin': 'C:\Trabalho\actions-runner\bin'
[2025-11-13 23:13:22Z INFO HostContext] Well known directory 'Root': 'C:\Trabalho\actions-runner'
[2025-11-13 23:13:22Z INFO HostContext] Well known directory 'Work': 'C:\Trabalho\actions-runner\_work'
[2025-11-13 23:13:32Z INFO HostContext] Well known directory 'Bin': 'C:\Trabalho\actions-runner\bin'
[2025-11-13 23:13:32Z INFO HostContext] Well known directory 'Root': 'C:\Trabalho\actions-runner'
[2025-11-13 23:13:32Z INFO HostContext] Well known directory 'Work': 'C:\Trabalho\actions-runner\_work'
[2025-11-13 23:13:42Z INFO HostContext] Well known directory 'Bin': 'C:\Trabalho\actions-runner\bin'
[2025-11-13 23:13:42Z INFO HostContext] Well known directory 'Root': 'C:\Trabalho\actions-runner'
[2025-11-13 23:13:42Z INFO HostContext] Well known directory 'Work': 'C:\Trabalho\actions-runner\_work'
[2025-11-13 23:13:52Z INFO HostContext] Well known directory 'Bin': 'C:\Trabalho\actions-runner\bin'
[2025-11-13 23:13:52Z INFO HostContext] Well known directory 'Root': 'C:\Trabalho\actions-runner'
[2025-11-13 23:13:52Z INFO HostContext] Well known directory 'Work': 'C:\Trabalho\actions-runner\_work'
[2025-11-13 23:14:02Z INFO HostContext] Well known directory 'Bin': 'C:\Trabalho\actions-runner\bin'
[2025-11-13 23:14:02Z INFO HostContext] Well known directory 'Root': 'C:\Trabalho\actions-runner'
[2025-11-13 23:14:02Z INFO HostContext] Well known directory 'Work': 'C:\Trabalho\actions-runner\_work'
[2025-11-13 23:14:12Z INFO JobServerQueue] Stop aggressive process web console line queue.
[2025-11-13 23:14:12Z INFO HostContext] Well known directory 'Bin': 'C:\Trabalho\actions-runner\bin'
[2025-11-13 23:14:12Z INFO HostContext] Well known directory 'Root': 'C:\Trabalho\actions-runner'
[2025-11-13 23:14:12Z INFO HostContext] Well known directory 'Work': 'C:\Trabalho\actions-runner\_work'
[2025-11-13 23:14:22Z INFO HostContext] Well known directory 'Bin': 'C:\Trabalho\actions-runner\bin'
[2025-11-13 23:14:22Z INFO HostContext] Well known directory 'Root': 'C:\Trabalho\actions-runner'
[2025-11-13 23:14:22Z INFO HostContext] Well known directory 'Work': 'C:\Trabalho\actions-runner\_work'
[2025-11-13 23:14:32Z INFO HostContext] Well known directory 'Bin': 'C:\Trabalho\actions-runner\bin'
[2025-11-13 23:14:32Z INFO HostContext] Well known directory 'Root': 'C:\Trabalho\actions-runner'
[2025-11-13 23:14:32Z INFO HostContext] Well known directory 'Work': 'C:\Trabalho\actions-runner\_work'
[2025-11-13 23:14:42Z INFO HostContext] Well known directory 'Bin': 'C:\Trabalho\actions-runner\bin'
[2025-11-13 23:14:42Z INFO HostContext] Well known directory 'Root': 'C:\Trabalho\actions-runner'
[2025-11-13 23:14:42Z INFO HostContext] Well known directory 'Work': 'C:\Trabalho\actions-runner\_work'
[2025-11-13 23:14:52Z INFO HostContext] Well known directory 'Bin': 'C:\Trabalho\actions-runner\bin'
[2025-11-13 23:14:52Z INFO HostContext] Well known directory 'Root': 'C:\Trabalho\actions-runner'
[2025-11-13 23:14:52Z INFO HostContext] Well known directory 'Work': 'C:\Trabalho\actions-runner\_work'
[2025-11-13 23:15:02Z INFO HostContext] Well known directory 'Bin': 'C:\Trabalho\actions-runner\bin'
[2025-11-13 23:15:02Z INFO HostContext] Well known directory 'Root': 'C:\Trabalho\actions-runner'
[2025-11-13 23:15:02Z INFO HostContext] Well known directory 'Work': 'C:\Trabalho\actions-runner\_work'
[2025-11-13 23:15:12Z INFO HostContext] Well known directory 'Bin': 'C:\Trabalho\actions-runner\bin'
[2025-11-13 23:15:12Z INFO HostContext] Well known directory 'Root': 'C:\Trabalho\actions-runner'
[2025-11-13 23:15:12Z INFO HostContext] Well known directory 'Work': 'C:\Trabalho\actions-runner\_work'
[2025-11-13 23:15:22Z INFO HostContext] Well known directory 'Bin': 'C:\Trabalho\actions-runner\bin'
[2025-11-13 23:15:22Z INFO HostContext] Well known directory 'Root': 'C:\Trabalho\actions-runner'
[2025-11-13 23:15:22Z INFO HostContext] Well known directory 'Work': 'C:\Trabalho\actions-runner\_work'
[2025-11-13 23:15:32Z INFO HostContext] Well known directory 'Bin': 'C:\Trabalho\actions-runner\bin'
[2025-11-13 23:15:32Z INFO HostContext] Well known directory 'Root': 'C:\Trabalho\actions-runner'
[2025-11-13 23:15:32Z INFO HostContext] Well known directory 'Work': 'C:\Trabalho\actions-runner\_work'
[2025-11-13 23:15:42Z INFO HostContext] Well known directory 'Bin': 'C:\Trabalho\actions-runner\bin'
[2025-11-13 23:15:42Z INFO HostContext] Well known directory 'Root': 'C:\Trabalho\actions-runner'
[2025-11-13 23:15:42Z INFO HostContext] Well known directory 'Work': 'C:\Trabalho\actions-runner\_work'
[2025-11-13 23:15:52Z INFO HostContext] Well known directory 'Bin': 'C:\Trabalho\actions-runner\bin'
[2025-11-13 23:15:52Z INFO HostContext] Well known directory 'Root': 'C:\Trabalho\actions-runner'
[2025-11-13 23:15:52Z INFO HostContext] Well known directory 'Work': 'C:\Trabalho\actions-runner\_work'
[2025-11-13 23:16:02Z INFO HostContext] Well known directory 'Bin': 'C:\Trabalho\actions-runner\bin'
[2025-11-13 23:16:02Z INFO HostContext] Well known directory 'Root': 'C:\Trabalho\actions-runner'
[2025-11-13 23:16:02Z INFO HostContext] Well known directory 'Work': 'C:\Trabalho\actions-runner\_work'
[2025-11-13 23:16:12Z INFO HostContext] Well known directory 'Bin': 'C:\Trabalho\actions-runner\bin'
[2025-11-13 23:16:12Z INFO HostContext] Well known directory 'Root': 'C:\Trabalho\actions-runner'
[2025-11-13 23:16:12Z INFO HostContext] Well known directory 'Work': 'C:\Trabalho\actions-runner\_work'
[2025-11-13 23:16:22Z INFO HostContext] Well known directory 'Bin': 'C:\Trabalho\actions-runner\bin'
[2025-11-13 23:16:22Z INFO HostContext] Well known directory 'Root': 'C:\Trabalho\actions-runner'
[2025-11-13 23:16:22Z INFO HostContext] Well known directory 'Work': 'C:\Trabalho\actions-runner\_work'
[2025-11-13 23:16:32Z INFO HostContext] Well known directory 'Bin': 'C:\Trabalho\actions-runner\bin'
[2025-11-13 23:16:32Z INFO HostContext] Well known directory 'Root': 'C:\Trabalho\actions-runner'
[2025-11-13 23:16:32Z INFO HostContext] Well known directory 'Work': 'C:\Trabalho\actions-runner\_work'
[2025-11-13 23:16:42Z INFO HostContext] Well known directory 'Bin': 'C:\Trabalho\actions-runner\bin'
[2025-11-13 23:16:42Z INFO HostContext] Well known directory 'Root': 'C:\Trabalho\actions-runner'
[2025-11-13 23:16:42Z INFO HostContext] Well known directory 'Work': 'C:\Trabalho\actions-runner\_work'
[2025-11-13 23:16:52Z INFO HostContext] Well known directory 'Bin': 'C:\Trabalho\actions-runner\bin'
[2025-11-13 23:16:52Z INFO HostContext] Well known directory 'Root': 'C:\Trabalho\actions-runner'
[2025-11-13 23:16:52Z INFO HostContext] Well known directory 'Work': 'C:\Trabalho\actions-runner\_work'
[2025-11-13 23:17:02Z INFO HostContext] Well known directory 'Bin': 'C:\Trabalho\actions-runner\bin'
[2025-11-13 23:17:02Z INFO HostContext] Well known directory 'Root': 'C:\Trabalho\actions-runner'
[2025-11-13 23:17:02Z INFO HostContext] Well known directory 'Work': 'C:\Trabalho\actions-runner\_work'
[2025-11-13 23:17:12Z INFO HostContext] Well known directory 'Bin': 'C:\Trabalho\actions-runner\bin'
[2025-11-13 23:17:12Z INFO HostContext] Well known directory 'Root': 'C:\Trabalho\actions-runner'
[2025-11-13 23:17:12Z INFO HostContext] Well known directory 'Work': 'C:\Trabalho\actions-runner\_work'
[2025-11-13 23:17:22Z INFO HostContext] Well known directory 'Bin': 'C:\Trabalho\actions-runner\bin'
[2025-11-13 23:17:22Z INFO HostContext] Well known directory 'Root': 'C:\Trabalho\actions-runner'
[2025-11-13 23:17:22Z INFO HostContext] Well known directory 'Work': 'C:\Trabalho\actions-runner\_work'
[2025-11-13 23:17:32Z INFO HostContext] Well known directory 'Bin': 'C:\Trabalho\actions-runner\bin'
[2025-11-13 23:17:32Z INFO HostContext] Well known directory 'Root': 'C:\Trabalho\actions-runner'
[2025-11-13 23:17:32Z INFO HostContext] Well known directory 'Work': 'C:\Trabalho\actions-runner\_work'
[2025-11-13 23:17:34Z INFO ResultServer] Websocket is not open, let's attempt to connect back again with random backoff 00:00:00.1800000 ms.
[2025-11-13 23:17:34Z INFO ResultServer] Creating websocket client ...wss://results-receiver.actions.githubusercontent.com/_ws/ingest.sock
[2025-11-13 23:17:34Z INFO ResultServer] Attempting to start websocket client with delay 00:00:00.1800000.
[2025-11-13 23:17:34Z INFO ResultServer] Websocket is not open, let's attempt to connect back again with random backoff 00:00:00.2430000 ms.
[2025-11-13 23:17:34Z INFO ResultServer] Creating websocket client ...wss://results-receiver.actions.githubusercontent.com/_ws/ingest.sock
[2025-11-13 23:17:34Z INFO ResultServer] Attempting to start websocket client with delay 00:00:00.2430000.
[2025-11-13 23:17:34Z INFO ResultServer] Websocket is not open, let's attempt to connect back again with random backoff 00:00:00.1700000 ms.
[2025-11-13 23:17:34Z INFO ResultServer] Creating websocket client ...wss://results-receiver.actions.githubusercontent.com/_ws/ingest.sock
[2025-11-13 23:17:34Z INFO ResultServer] Attempting to start websocket client with delay 00:00:00.1700000.
[2025-11-13 23:17:34Z INFO JobServerQueue] Try to append 1 batches web console lines for record '3191aa21-ac6b-4989-b0ed-5df5293c0814', success rate: 1/1.
[2025-11-13 23:17:34Z ERR  GitHubActionsService] POST request to https://results-receiver.actions.githubusercontent.com/twirp/github.actions.results.api.v1.WorkflowStepUpdateService/WorkflowStepsUpdate failed. System.Net.Http.HttpRequestException: Este host não é conhecido. (results-receiver.actions.githubusercontent.com:443)
 ---> System.Net.Sockets.SocketException (11001): Este host não é conhecido.
   at System.Net.Sockets.Socket.AwaitableSocketAsyncEventArgs.ThrowException(SocketError error, CancellationToken cancellationToken)
   at System.Net.Sockets.Socket.AwaitableSocketAsyncEventArgs.System.Threading.Tasks.Sources.IValueTaskSource.GetResult(Int16 token)
   at System.Net.Sockets.Socket.<ConnectAsync>g__WaitForConnectWithCancellation|285_0(AwaitableSocketAsyncEventArgs saea, ValueTask connectTask, CancellationToken cancellationToken)
   at System.Net.Http.HttpConnectionPool.ConnectToTcpHostAsync(String host, Int32 port, HttpRequestMessage initialRequest, Boolean async, CancellationToken cancellationToken)
   --- End of inner exception stack trace ---
   at System.Net.Http.HttpConnectionPool.ConnectToTcpHostAsync(String host, Int32 port, HttpRequestMessage initialRequest, Boolean async, CancellationToken cancellationToken)
   at System.Net.Http.HttpConnectionPool.ConnectAsync(HttpRequestMessage request, Boolean async, CancellationToken cancellationToken)
   at System.Net.Http.HttpConnectionPool.CreateHttp11ConnectionAsync(HttpRequestMessage request, Boolean async, CancellationToken cancellationToken)
   at System.Net.Http.HttpConnectionPool.AddHttp11ConnectionAsync(QueueItem queueItem)
   at System.Threading.Tasks.TaskCompletionSourceWithCancellation`1.WaitWithCancellationAsync(CancellationToken cancellationToken)
   at System.Net.Http.HttpConnectionPool.SendWithVersionDetectionAndRetryAsync(HttpRequestMessage request, Boolean async, Boolean doRequestAuth, CancellationToken cancellationToken)
   at System.Net.Http.AuthenticationHelper.SendWithAuthAsync(HttpRequestMessage request, Uri authUri, Boolean async, ICredentials credentials, Boolean preAuthenticate, Boolean isProxyAuth, Boolean doRequestAuth, HttpConnectionPool pool, CancellationToken cancellationToken)
   at System.Net.Http.RedirectHandler.SendAsync(HttpRequestMessage request, Boolean async, CancellationToken cancellationToken)
   at GitHub.Services.Common.RawHttpMessageHandler.SendAsync(HttpRequestMessage request, CancellationToken cancellationToken)
   at GitHub.Services.Common.VssHttpRetryMessageHandler.SendAsync(HttpRequestMessage request, CancellationToken cancellationToken)
[2025-11-13 23:17:34Z INFO JobServerQueue] Catch exception during update steps, skip update Results.
[2025-11-13 23:17:34Z ERR  JobServerQueue] System.Net.Http.HttpRequestException: Este host não é conhecido. (results-receiver.actions.githubusercontent.com:443)
 ---> System.Net.Sockets.SocketException (11001): Este host não é conhecido.
   at System.Net.Sockets.Socket.AwaitableSocketAsyncEventArgs.ThrowException(SocketError error, CancellationToken cancellationToken)
   at System.Net.Sockets.Socket.AwaitableSocketAsyncEventArgs.System.Threading.Tasks.Sources.IValueTaskSource.GetResult(Int16 token)
   at System.Net.Sockets.Socket.<ConnectAsync>g__WaitForConnectWithCancellation|285_0(AwaitableSocketAsyncEventArgs saea, ValueTask connectTask, CancellationToken cancellationToken)
   at System.Net.Http.HttpConnectionPool.ConnectToTcpHostAsync(String host, Int32 port, HttpRequestMessage initialRequest, Boolean async, CancellationToken cancellationToken)
   --- End of inner exception stack trace ---
   at GitHub.Services.Common.VssHttpRetryMessageHandler.SendAsync(HttpRequestMessage request, CancellationToken cancellationToken)
   at System.Net.Http.HttpClient.<SendAsync>g__Core|83_0(HttpRequestMessage request, HttpCompletionOption completionOption, CancellationTokenSource cts, Boolean disposeCts, CancellationTokenSource pendingRequestsCts, CancellationToken originalCancellationToken)
   at Sdk.WebApi.WebApi.RawHttpClientBase.SendAsync(HttpRequestMessage message, HttpCompletionOption completionOption, Object userState, CancellationToken cancellationToken)
   at GitHub.Services.Results.Client.ResultsHttpClient.SendRequest[R](Uri uri, CancellationToken cancellationToken, R request, String timestamp)
   at GitHub.Services.Results.Client.ResultsHttpClient.UpdateWorkflowStepsAsync(Guid planId, IEnumerable`1 records, CancellationToken cancellationToken)
   at GitHub.Runner.Common.JobServerQueue.ProcessTimelinesUpdateQueueAsync(Boolean runOnce)
[2025-11-13 23:17:34Z ERR  JobServerQueue] #####################################################
[2025-11-13 23:17:34Z ERR  JobServerQueue] System.Net.Sockets.SocketException (11001): Este host não é conhecido.
   at System.Net.Sockets.Socket.AwaitableSocketAsyncEventArgs.ThrowException(SocketError error, CancellationToken cancellationToken)
   at System.Net.Sockets.Socket.AwaitableSocketAsyncEventArgs.System.Threading.Tasks.Sources.IValueTaskSource.GetResult(Int16 token)
   at System.Net.Sockets.Socket.<ConnectAsync>g__WaitForConnectWithCancellation|285_0(AwaitableSocketAsyncEventArgs saea, ValueTask connectTask, CancellationToken cancellationToken)
   at System.Net.Http.HttpConnectionPool.ConnectToTcpHostAsync(String host, Int32 port, HttpRequestMessage initialRequest, Boolean async, CancellationToken cancellationToken)
[2025-11-13 23:17:34Z INFO ResultServer] Exception caught during websocket client connect, retry connection.
[2025-11-13 23:17:34Z ERR  ResultServer] System.NullReferenceException: Object reference not set to an instance of an object.
   at GitHub.Runner.Common.ResultServer.ConnectWebSocketClient(String feedStreamUrl, TimeSpan delay, Boolean retryConnection)
[2025-11-13 23:17:34Z INFO ResultServer] Exception caught during websocket client connect, retry connection.
[2025-11-13 23:17:34Z ERR  ResultServer] System.NullReferenceException: Object reference not set to an instance of an object.
   at GitHub.Runner.Common.ResultServer.ConnectWebSocketClient(String feedStreamUrl, TimeSpan delay, Boolean retryConnection)
[2025-11-13 23:17:34Z INFO ResultServer] Exception caught during websocket client connect, retry connection.
[2025-11-13 23:17:34Z ERR  ResultServer] System.NullReferenceException: Object reference not set to an instance of an object.
   at GitHub.Runner.Common.ResultServer.ConnectWebSocketClient(String feedStreamUrl, TimeSpan delay, Boolean retryConnection)
[2025-11-13 23:17:35Z INFO JobServerQueue] Try to append 1 batches web console lines for record '3191aa21-ac6b-4989-b0ed-5df5293c0814', success rate: 1/1.
[2025-11-13 23:17:42Z INFO HostContext] Well known directory 'Bin': 'C:\Trabalho\actions-runner\bin'
[2025-11-13 23:17:42Z INFO HostContext] Well known directory 'Root': 'C:\Trabalho\actions-runner'
[2025-11-13 23:17:42Z INFO HostContext] Well known directory 'Work': 'C:\Trabalho\actions-runner\_work'
[2025-11-13 23:17:52Z INFO HostContext] Well known directory 'Bin': 'C:\Trabalho\actions-runner\bin'
[2025-11-13 23:17:52Z INFO HostContext] Well known directory 'Root': 'C:\Trabalho\actions-runner'
[2025-11-13 23:17:52Z INFO HostContext] Well known directory 'Work': 'C:\Trabalho\actions-runner\_work'
[2025-11-13 23:17:52Z INFO JobServerQueue] Try to append 1 batches web console lines for record '3191aa21-ac6b-4989-b0ed-5df5293c0814', success rate: 1/1.
[2025-11-13 23:17:52Z ERR  GitHubActionsService] POST request to https://results-receiver.actions.githubusercontent.com/twirp/github.actions.results.api.v1.WorkflowStepUpdateService/WorkflowStepsUpdate failed. System.Net.Http.HttpRequestException: Este host não é conhecido. (results-receiver.actions.githubusercontent.com:443)
 ---> System.Net.Sockets.SocketException (11001): Este host não é conhecido.
   at System.Net.Sockets.Socket.AwaitableSocketAsyncEventArgs.ThrowException(SocketError error, CancellationToken cancellationToken)
   at System.Net.Sockets.Socket.AwaitableSocketAsyncEventArgs.System.Threading.Tasks.Sources.IValueTaskSource.GetResult(Int16 token)
   at System.Net.Sockets.Socket.<ConnectAsync>g__WaitForConnectWithCancellation|285_0(AwaitableSocketAsyncEventArgs saea, ValueTask connectTask, CancellationToken cancellationToken)
   at System.Net.Http.HttpConnectionPool.ConnectToTcpHostAsync(String host, Int32 port, HttpRequestMessage initialRequest, Boolean async, CancellationToken cancellationToken)
   --- End of inner exception stack trace ---
   at System.Net.Http.HttpConnectionPool.ConnectToTcpHostAsync(String host, Int32 port, HttpRequestMessage initialRequest, Boolean async, CancellationToken cancellationToken)
   at System.Net.Http.HttpConnectionPool.ConnectAsync(HttpRequestMessage request, Boolean async, CancellationToken cancellationToken)
   at System.Net.Http.HttpConnectionPool.CreateHttp11ConnectionAsync(HttpRequestMessage request, Boolean async, CancellationToken cancellationToken)
   at System.Net.Http.HttpConnectionPool.AddHttp11ConnectionAsync(QueueItem queueItem)
   at System.Threading.Tasks.TaskCompletionSourceWithCancellation`1.WaitWithCancellationAsync(CancellationToken cancellationToken)
   at System.Net.Http.HttpConnectionPool.SendWithVersionDetectionAndRetryAsync(HttpRequestMessage request, Boolean async, Boolean doRequestAuth, CancellationToken cancellationToken)
   at System.Net.Http.AuthenticationHelper.SendWithAuthAsync(HttpRequestMessage request, Uri authUri, Boolean async, ICredentials credentials, Boolean preAuthenticate, Boolean isProxyAuth, Boolean doRequestAuth, HttpConnectionPool pool, CancellationToken cancellationToken)
   at System.Net.Http.RedirectHandler.SendAsync(HttpRequestMessage request, Boolean async, CancellationToken cancellationToken)
   at GitHub.Services.Common.RawHttpMessageHandler.SendAsync(HttpRequestMessage request, CancellationToken cancellationToken)
   at GitHub.Services.Common.VssHttpRetryMessageHandler.SendAsync(HttpRequestMessage request, CancellationToken cancellationToken)
[2025-11-13 23:17:52Z INFO JobServerQueue] Catch exception during update steps, skip update Results.
[2025-11-13 23:17:52Z ERR  JobServerQueue] System.Net.Http.HttpRequestException: Este host não é conhecido. (results-receiver.actions.githubusercontent.com:443)
 ---> System.Net.Sockets.SocketException (11001): Este host não é conhecido.
   at System.Net.Sockets.Socket.AwaitableSocketAsyncEventArgs.ThrowException(SocketError error, CancellationToken cancellationToken)
   at System.Net.Sockets.Socket.AwaitableSocketAsyncEventArgs.System.Threading.Tasks.Sources.IValueTaskSource.GetResult(Int16 token)
   at System.Net.Sockets.Socket.<ConnectAsync>g__WaitForConnectWithCancellation|285_0(AwaitableSocketAsyncEventArgs saea, ValueTask connectTask, CancellationToken cancellationToken)
   at System.Net.Http.HttpConnectionPool.ConnectToTcpHostAsync(String host, Int32 port, HttpRequestMessage initialRequest, Boolean async, CancellationToken cancellationToken)
   --- End of inner exception stack trace ---
   at GitHub.Services.Common.VssHttpRetryMessageHandler.SendAsync(HttpRequestMessage request, CancellationToken cancellationToken)
   at System.Net.Http.HttpClient.<SendAsync>g__Core|83_0(HttpRequestMessage request, HttpCompletionOption completionOption, CancellationTokenSource cts, Boolean disposeCts, CancellationTokenSource pendingRequestsCts, CancellationToken originalCancellationToken)
   at Sdk.WebApi.WebApi.RawHttpClientBase.SendAsync(HttpRequestMessage message, HttpCompletionOption completionOption, Object userState, CancellationToken cancellationToken)
   at GitHub.Services.Results.Client.ResultsHttpClient.SendRequest[R](Uri uri, CancellationToken cancellationToken, R request, String timestamp)
   at GitHub.Services.Results.Client.ResultsHttpClient.UpdateWorkflowStepsAsync(Guid planId, IEnumerable`1 records, CancellationToken cancellationToken)
   at GitHub.Runner.Common.JobServerQueue.ProcessTimelinesUpdateQueueAsync(Boolean runOnce)
[2025-11-13 23:17:52Z ERR  JobServerQueue] #####################################################
[2025-11-13 23:17:52Z ERR  JobServerQueue] System.Net.Sockets.SocketException (11001): Este host não é conhecido.
   at System.Net.Sockets.Socket.AwaitableSocketAsyncEventArgs.ThrowException(SocketError error, CancellationToken cancellationToken)
   at System.Net.Sockets.Socket.AwaitableSocketAsyncEventArgs.System.Threading.Tasks.Sources.IValueTaskSource.GetResult(Int16 token)
   at System.Net.Sockets.Socket.<ConnectAsync>g__WaitForConnectWithCancellation|285_0(AwaitableSocketAsyncEventArgs saea, ValueTask connectTask, CancellationToken cancellationToken)
   at System.Net.Http.HttpConnectionPool.ConnectToTcpHostAsync(String host, Int32 port, HttpRequestMessage initialRequest, Boolean async, CancellationToken cancellationToken)
[2025-11-13 23:18:02Z INFO HostContext] Well known directory 'Bin': 'C:\Trabalho\actions-runner\bin'
[2025-11-13 23:18:02Z INFO HostContext] Well known directory 'Root': 'C:\Trabalho\actions-runner'
[2025-11-13 23:18:02Z INFO HostContext] Well known directory 'Work': 'C:\Trabalho\actions-runner\_work'
[2025-11-13 23:18:08Z INFO ProcessInvokerWrapper] STDOUT/STDERR stream read finished.
[2025-11-13 23:18:08Z INFO ProcessInvokerWrapper] STDOUT/STDERR stream read finished.
[2025-11-13 23:18:08Z INFO ProcessInvokerWrapper] Finished process 11936 with exit code 1, and elapsed time 00:04:56.4053577.
[2025-11-13 23:18:08Z INFO CreateStepSummaryCommand] Step Summary file (C:\Trabalho\actions-runner\_work\_temp\_runner_file_commands\step_summary_09604123-8c7e-43cf-955e-bc323a5664bb) is empty; skipping attachment upload
[2025-11-13 23:18:08Z INFO StepsRunner] Step result: Failed
[2025-11-13 23:18:08Z INFO ExecutionContext] Publish step telemetry for current step {
  "action": "actions/checkout",
  "ref": "v4",
  "type": "node20",
  "stage": "Main",
  "stepId": "3191aa21-ac6b-4989-b0ed-5df5293c0814",
  "stepContextName": "__actions_checkout",
  "hasPreStep": false,
  "hasPostStep": true,
  "result": "failed",
  "errorMessages": [
    "RPC failed; curl 56 Recv failure: Connection was reset",
    "14585 bytes of body are still expected",
    "early EOF"
  ],
  "executionTimeInSeconds": 297,
  "startTime": "2025-11-13T23:13:12.1489248Z",
  "finishTime": "2025-11-13T23:18:08.7466574Z"
}.
[2025-11-13 23:18:08Z INFO StepsRunner] Update job result with current step result 'Failed'.
[2025-11-13 23:18:08Z INFO StepsRunner] Current state: job state = 'Failed'
[2025-11-13 23:18:08Z INFO StepsRunner] Processing step: DisplayName='Set vars'
[2025-11-13 23:18:08Z INFO StepsRunner] Evaluating: success()
[2025-11-13 23:18:08Z INFO StepsRunner] Result: false
[2025-11-13 23:18:08Z INFO StepsRunner] Skipping step due to condition evaluation.
[2025-11-13 23:18:08Z INFO StepsRunner] No need for updating job result with current step result 'Skipped'.
[2025-11-13 23:18:08Z INFO StepsRunner] Current state: job state = 'Failed'
[2025-11-13 23:18:08Z INFO StepsRunner] Processing step: DisplayName='Ensure kubectl'
[2025-11-13 23:18:08Z INFO StepsRunner] Evaluating: success()
[2025-11-13 23:18:08Z INFO StepsRunner] Result: false
[2025-11-13 23:18:08Z INFO StepsRunner] Skipping step due to condition evaluation.
[2025-11-13 23:18:08Z INFO StepsRunner] No need for updating job result with current step result 'Skipped'.
[2025-11-13 23:18:08Z INFO StepsRunner] Current state: job state = 'Failed'
[2025-11-13 23:18:08Z INFO StepsRunner] Processing step: DisplayName='Ensure Minikube running'
[2025-11-13 23:18:08Z INFO StepsRunner] Evaluating: success()
[2025-11-13 23:18:08Z INFO StepsRunner] Result: false
[2025-11-13 23:18:08Z INFO StepsRunner] Skipping step due to condition evaluation.
[2025-11-13 23:18:08Z INFO StepsRunner] No need for updating job result with current step result 'Skipped'.
[2025-11-13 23:18:08Z INFO StepsRunner] Current state: job state = 'Failed'
[2025-11-13 23:18:08Z INFO StepsRunner] Processing step: DisplayName='Wait for API server (healthz)'
[2025-11-13 23:18:08Z INFO StepsRunner] Evaluating: success()
[2025-11-13 23:18:08Z INFO StepsRunner] Result: false
[2025-11-13 23:18:08Z INFO StepsRunner] Skipping step due to condition evaluation.
[2025-11-13 23:18:08Z INFO StepsRunner] No need for updating job result with current step result 'Skipped'.
[2025-11-13 23:18:08Z INFO StepsRunner] Current state: job state = 'Failed'
[2025-11-13 23:18:08Z INFO StepsRunner] Processing step: DisplayName='Create namespace if not exists'
[2025-11-13 23:18:08Z INFO StepsRunner] Evaluating: success()
[2025-11-13 23:18:08Z INFO StepsRunner] Result: false
[2025-11-13 23:18:08Z INFO StepsRunner] Skipping step due to condition evaluation.
[2025-11-13 23:18:08Z INFO StepsRunner] No need for updating job result with current step result 'Skipped'.
[2025-11-13 23:18:08Z INFO StepsRunner] Current state: job state = 'Failed'
[2025-11-13 23:18:08Z INFO StepsRunner] Processing step: DisplayName='Apply base manifests'
[2025-11-13 23:18:08Z INFO StepsRunner] Evaluating: success()
[2025-11-13 23:18:08Z INFO StepsRunner] Result: false
[2025-11-13 23:18:08Z INFO StepsRunner] Skipping step due to condition evaluation.
[2025-11-13 23:18:08Z INFO StepsRunner] No need for updating job result with current step result 'Skipped'.
[2025-11-13 23:18:08Z INFO StepsRunner] Current state: job state = 'Failed'
[2025-11-13 23:18:08Z INFO StepsRunner] Processing step: DisplayName='Apply app deployment'
[2025-11-13 23:18:08Z INFO StepsRunner] Evaluating: success()
[2025-11-13 23:18:08Z INFO StepsRunner] Result: false
[2025-11-13 23:18:08Z INFO StepsRunner] Skipping step due to condition evaluation.
[2025-11-13 23:18:08Z INFO StepsRunner] No need for updating job result with current step result 'Skipped'.
[2025-11-13 23:18:08Z INFO StepsRunner] Current state: job state = 'Failed'
[2025-11-13 23:18:08Z INFO StepsRunner] Processing step: DisplayName='Set image to new tag'
[2025-11-13 23:18:08Z INFO StepsRunner] Evaluating: success()
[2025-11-13 23:18:08Z INFO StepsRunner] Result: false
[2025-11-13 23:18:08Z INFO StepsRunner] Skipping step due to condition evaluation.
[2025-11-13 23:18:08Z INFO StepsRunner] No need for updating job result with current step result 'Skipped'.
[2025-11-13 23:18:08Z INFO StepsRunner] Current state: job state = 'Failed'
[2025-11-13 23:18:08Z INFO StepsRunner] Processing step: DisplayName='Wait rollout'
[2025-11-13 23:18:08Z INFO StepsRunner] Evaluating: success()
[2025-11-13 23:18:08Z INFO StepsRunner] Result: false
[2025-11-13 23:18:08Z INFO StepsRunner] Skipping step due to condition evaluation.
[2025-11-13 23:18:08Z INFO StepsRunner] No need for updating job result with current step result 'Skipped'.
[2025-11-13 23:18:08Z INFO StepsRunner] Current state: job state = 'Failed'
[2025-11-13 23:18:08Z INFO StepsRunner] Processing step: DisplayName='Show services/pods'
[2025-11-13 23:18:08Z INFO StepsRunner] Evaluating: success()
[2025-11-13 23:18:08Z INFO StepsRunner] Result: false
[2025-11-13 23:18:08Z INFO StepsRunner] Skipping step due to condition evaluation.
[2025-11-13 23:18:08Z INFO StepsRunner] No need for updating job result with current step result 'Skipped'.
[2025-11-13 23:18:08Z INFO StepsRunner] Current state: job state = 'Failed'
[2025-11-13 23:18:08Z INFO StepsRunner] Processing step: DisplayName='Post Checkout'
[2025-11-13 23:18:08Z INFO StepsRunner] Evaluating: always()
[2025-11-13 23:18:08Z INFO StepsRunner] Result: true
[2025-11-13 23:18:08Z INFO StepsRunner] Starting the step.
[2025-11-13 23:18:08Z INFO HostContext] Well known directory 'Bin': 'C:\Trabalho\actions-runner\bin'
[2025-11-13 23:18:08Z INFO HostContext] Well known directory 'Root': 'C:\Trabalho\actions-runner'
[2025-11-13 23:18:08Z INFO HostContext] Well known directory 'Work': 'C:\Trabalho\actions-runner\_work'
[2025-11-13 23:18:08Z INFO StepsRunner] Which2: 'chcp'
[2025-11-13 23:18:08Z INFO StepsRunner] Location: 'C:\WINDOWS\system32\chcp.COM'
[2025-11-13 23:18:08Z INFO ProcessInvokerWrapper] Starting process:
[2025-11-13 23:18:08Z INFO ProcessInvokerWrapper]   File name: 'C:\WINDOWS\system32\chcp.COM'
[2025-11-13 23:18:08Z INFO ProcessInvokerWrapper]   Arguments: '65001'
[2025-11-13 23:18:08Z INFO ProcessInvokerWrapper]   Working directory: 'C:\Trabalho\actions-runner\_work'
[2025-11-13 23:18:08Z INFO ProcessInvokerWrapper]   Require exit code zero: 'False'
[2025-11-13 23:18:08Z INFO ProcessInvokerWrapper]   Encoding web name:  ; code page: ''
[2025-11-13 23:18:08Z INFO ProcessInvokerWrapper]   Force kill process on cancellation: 'False'
[2025-11-13 23:18:08Z INFO ProcessInvokerWrapper]   Redirected STDIN: 'False'
[2025-11-13 23:18:08Z INFO ProcessInvokerWrapper]   Persist current code page: 'True'
[2025-11-13 23:18:08Z INFO ProcessInvokerWrapper]   Keep redirected STDIN open: 'False'
[2025-11-13 23:18:08Z INFO ProcessInvokerWrapper]   High priority process: 'False'
[2025-11-13 23:18:08Z INFO ProcessInvokerWrapper] Process started with process id 8332, waiting for process exit.
[2025-11-13 23:18:08Z INFO ProcessInvokerWrapper] STDOUT/STDERR stream read finished.
[2025-11-13 23:18:08Z INFO ProcessInvokerWrapper] STDOUT/STDERR stream read finished.
[2025-11-13 23:18:08Z INFO ProcessInvokerWrapper] Finished process 8332 with exit code 0, and elapsed time 00:00:00.0207382.
[2025-11-13 23:18:08Z INFO StepsRunner] Successfully returned to code page 65001 (UTF8)
[2025-11-13 23:18:08Z INFO HostContext] Well known directory 'Bin': 'C:\Trabalho\actions-runner\bin'
[2025-11-13 23:18:08Z INFO HostContext] Well known directory 'Root': 'C:\Trabalho\actions-runner'
[2025-11-13 23:18:08Z INFO HostContext] Well known directory 'Work': 'C:\Trabalho\actions-runner\_work'
[2025-11-13 23:18:08Z INFO HostContext] Well known directory 'Actions': 'C:\Trabalho\actions-runner\_work\_actions'
[2025-11-13 23:18:08Z INFO ActionManager] Load action that reference repository from 'C:\Trabalho\actions-runner\_work\_actions\actions\checkout\v4'
[2025-11-13 23:18:08Z INFO HostContext] Well known directory 'Bin': 'C:\Trabalho\actions-runner\bin'
[2025-11-13 23:18:08Z INFO HostContext] Well known directory 'Root': 'C:\Trabalho\actions-runner'
[2025-11-13 23:18:08Z INFO HostContext] Well known directory 'Work': 'C:\Trabalho\actions-runner\_work'
[2025-11-13 23:18:08Z INFO HostContext] Well known directory 'Actions': 'C:\Trabalho\actions-runner\_work\_actions'
[2025-11-13 23:18:08Z INFO ActionManifestManager] Loaded action.yml file: {
  "name": "Checkout",
  "description": "Checkout a Git repository at a particular version",
  "inputs": {
    "type": 2,
    "map": [
      {
        "key": {
          "type": 0,
          "file": 2,
          "line": 4,
          "col": 3,
          "lit": "repository"
        },
        "value": {
          "type": 3,
          "file": 2,
          "line": 6,
          "col": 14,
          "expr": "github.repository"
        }
      },
      {
        "key": {
          "type": 0,
          "file": 2,
          "line": 7,
          "col": 3,
          "lit": "ref"
        },
        "value": ""
      },
      {
        "key": {
          "type": 0,
          "file": 2,
          "line": 12,
          "col": 3,
          "lit": "token"
        },
        "value": {
          "type": 3,
          "file": 2,
          "line": 24,
          "col": 14,
          "expr": "github.token"
        }
      },
      {
        "key": {
          "type": 0,
          "file": 2,
          "line": 25,
          "col": 3,
          "lit": "ssh-key"
        },
        "value": ""
      },
      {
        "key": {
          "type": 0,
          "file": 2,
          "line": 37,
          "col": 3,
          "lit": "ssh-known-hosts"
        },
        "value": ""
      },
      {
        "key": {
          "type": 0,
          "file": 2,
          "line": 42,
          "col": 3,
          "lit": "ssh-strict"
        },
        "value": {
          "type": 0,
          "file": 2,
          "line": 47,
          "col": 14,
          "lit": "true"
        }
      },
      {
        "key": {
          "type": 0,
          "file": 2,
          "line": 48,
          "col": 3,
          "lit": "ssh-user"
        },
        "value": {
          "type": 0,
          "file": 2,
          "line": 51,
          "col": 14,
          "lit": "git"
        }
      },
      {
        "key": {
          "type": 0,
          "file": 2,
          "line": 52,
          "col": 3,
          "lit": "persist-credentials"
        },
        "value": {
          "type": 0,
          "file": 2,
          "line": 54,
          "col": 14,
          "lit": "true"
        }
      },
      {
        "key": {
          "type": 0,
          "file": 2,
          "line": 55,
          "col": 3,
          "lit": "path"
        },
        "value": ""
      },
      {
        "key": {
          "type": 0,
          "file": 2,
          "line": 57,
          "col": 3,
          "lit": "clean"
        },
        "value": {
          "type": 0,
          "file": 2,
          "line": 59,
          "col": 14,
          "lit": "true"
        }
      },
      {
        "key": {
          "type": 0,
          "file": 2,
          "line": 60,
          "col": 3,
          "lit": "filter"
        },
        "value": {
          "type": 0,
          "file": 2,
          "line": 64,
          "col": 14,
          "lit": ""
        }
      },
      {
        "key": {
          "type": 0,
          "file": 2,
          "line": 65,
          "col": 3,
          "lit": "sparse-checkout"
        },
        "value": {
          "type": 0,
          "file": 2,
          "line": 69,
          "col": 14,
          "lit": ""
        }
      },
      {
        "key": {
          "type": 0,
          "file": 2,
          "line": 70,
          "col": 3,
          "lit": "sparse-checkout-cone-mode"
        },
        "value": {
          "type": 0,
          "file": 2,
          "line": 73,
          "col": 14,
          "lit": "true"
        }
      },
      {
        "key": {
          "type": 0,
          "file": 2,
          "line": 74,
          "col": 3,
          "lit": "fetch-depth"
        },
        "value": {
          "type": 0,
          "file": 2,
          "line": 76,
          "col": 14,
          "lit": "1"
        }
      },
      {
        "key": {
          "type": 0,
          "file": 2,
          "line": 77,
          "col": 3,
          "lit": "fetch-tags"
        },
        "value": {
          "type": 0,
          "file": 2,
          "line": 79,
          "col": 14,
          "lit": "false"
        }
      },
      {
        "key": {
          "type": 0,
          "file": 2,
          "line": 80,
          "col": 3,
          "lit": "show-progress"
        },
        "value": {
          "type": 0,
          "file": 2,
          "line": 82,
          "col": 14,
          "lit": "true"
        }
      },
      {
        "key": {
          "type": 0,
          "file": 2,
          "line": 83,
          "col": 3,
          "lit": "lfs"
        },
        "value": {
          "type": 0,
          "file": 2,
          "line": 85,
          "col": 14,
          "lit": "false"
        }
      },
      {
        "key": {
          "type": 0,
          "file": 2,
          "line": 86,
          "col": 3,
          "lit": "submodules"
        },
        "value": {
          "type": 0,
          "file": 2,
          "line": 94,
          "col": 14,
          "lit": "false"
        }
      },
      {
        "key": {
          "type": 0,
          "file": 2,
          "line": 95,
          "col": 3,
          "lit": "set-safe-directory"
        },
        "value": {
          "type": 0,
          "file": 2,
          "line": 97,
          "col": 14,
          "lit": "true"
        }
      },
      {
        "key": {
          "type": 0,
          "file": 2,
          "line": 98,
          "col": 3,
          "lit": "github-server-url"
        },
        "value": ""
      }
    ]
  },
  "execution": {
    "executionType": "nodeJS",
    "hasPre": false,
    "hasPost": true,
    "script": "dist/index.js",
    "pre": null,
    "post": "dist/index.js",
    "nodeVersion": "node20",
    "cleanupCondition": "always()",
    "initCondition": "always()"
  },
  "deprecated": null
}
[2025-11-13 23:18:08Z INFO ActionManager] Action pre node.js file: N/A.
[2025-11-13 23:18:08Z INFO ActionManager] Action node.js file: dist/index.js.
[2025-11-13 23:18:08Z INFO ActionManager] Action post node.js file: dist/index.js.
[2025-11-13 23:18:08Z INFO HostContext] Well known directory 'Bin': 'C:\Trabalho\actions-runner\bin'
[2025-11-13 23:18:08Z INFO HostContext] Well known directory 'Root': 'C:\Trabalho\actions-runner'
[2025-11-13 23:18:08Z INFO HostContext] Well known directory 'Work': 'C:\Trabalho\actions-runner\_work'
[2025-11-13 23:18:08Z INFO HostContext] Well known directory 'Temp': 'C:\Trabalho\actions-runner\_work\_temp'
[2025-11-13 23:18:08Z INFO ExecutionContext] Write event payload to C:\Trabalho\actions-runner\_work\_temp\_github_workflow\event.json
[2025-11-13 23:18:08Z INFO HostContext] Well known directory 'Bin': 'C:\Trabalho\actions-runner\bin'
[2025-11-13 23:18:08Z INFO HostContext] Well known directory 'Root': 'C:\Trabalho\actions-runner'
[2025-11-13 23:18:08Z INFO HostContext] Well known directory 'Work': 'C:\Trabalho\actions-runner\_work'
[2025-11-13 23:18:08Z INFO HostContext] Well known directory 'Temp': 'C:\Trabalho\actions-runner\_work\_temp'
[2025-11-13 23:18:08Z INFO ExtensionManager] Getting extensions for interface: 'GitHub.Runner.Worker.IFileCommandExtension'
[2025-11-13 23:18:08Z INFO ActionManifestManager] Input 'repository': *** value evaluate result: {
  "type": 0,
  "file": 2,
  "line": 6,
  "col": 14,
  "lit": "potinhek/Trabalho"
}
[2025-11-13 23:18:08Z INFO ActionManifestManager] Input 'ref': *** value evaluate result: ""
[2025-11-13 23:18:08Z INFO ActionManifestManager] Input 'token': *** value evaluate result: {
  "type": 0,
  "file": 2,
  "line": 24,
  "col": 14,
  "lit": "***"
}
[2025-11-13 23:18:08Z INFO ActionManifestManager] Input 'ssh-key': *** value evaluate result: ""
[2025-11-13 23:18:08Z INFO ActionManifestManager] Input 'ssh-known-hosts': *** value evaluate result: ""
[2025-11-13 23:18:08Z INFO ActionManifestManager] Input 'ssh-strict': *** value evaluate result: {
  "type": 0,
  "file": 2,
  "line": 47,
  "col": 14,
  "lit": "true"
}
[2025-11-13 23:18:08Z INFO ActionManifestManager] Input 'ssh-user': *** value evaluate result: {
  "type": 0,
  "file": 2,
  "line": 51,
  "col": 14,
  "lit": "git"
}
[2025-11-13 23:18:08Z INFO ActionManifestManager] Input 'persist-credentials': *** value evaluate result: {
  "type": 0,
  "file": 2,
  "line": 54,
  "col": 14,
  "lit": "true"
}
[2025-11-13 23:18:08Z INFO ActionManifestManager] Input 'path': *** value evaluate result: ""
[2025-11-13 23:18:08Z INFO ActionManifestManager] Input 'clean': *** value evaluate result: {
  "type": 0,
  "file": 2,
  "line": 59,
  "col": 14,
  "lit": "true"
}
[2025-11-13 23:18:08Z INFO ActionManifestManager] Input 'filter': *** value evaluate result: {
  "type": 0,
  "file": 2,
  "line": 64,
  "col": 14,
  "lit": ""
}
[2025-11-13 23:18:08Z INFO ActionManifestManager] Input 'sparse-checkout': *** value evaluate result: {
  "type": 0,
  "file": 2,
  "line": 69,
  "col": 14,
  "lit": ""
}
[2025-11-13 23:18:08Z INFO ActionManifestManager] Input 'sparse-checkout-cone-mode': *** value evaluate result: {
  "type": 0,
  "file": 2,
  "line": 73,
  "col": 14,
  "lit": "true"
}
[2025-11-13 23:18:08Z INFO ActionManifestManager] Input 'fetch-depth': *** value evaluate result: {
  "type": 0,
  "file": 2,
  "line": 76,
  "col": 14,
  "lit": "1"
}
[2025-11-13 23:18:08Z INFO ActionManifestManager] Input 'fetch-tags': *** value evaluate result: {
  "type": 0,
  "file": 2,
  "line": 79,
  "col": 14,
  "lit": "false"
}
[2025-11-13 23:18:08Z INFO ActionManifestManager] Input 'show-progress': *** value evaluate result: {
  "type": 0,
  "file": 2,
  "line": 82,
  "col": 14,
  "lit": "true"
}
[2025-11-13 23:18:08Z INFO ActionManifestManager] Input 'lfs': *** value evaluate result: {
  "type": 0,
  "file": 2,
  "line": 85,
  "col": 14,
  "lit": "false"
}
[2025-11-13 23:18:08Z INFO ActionManifestManager] Input 'submodules': *** value evaluate result: {
  "type": 0,
  "file": 2,
  "line": 94,
  "col": 14,
  "lit": "false"
}
[2025-11-13 23:18:08Z INFO ActionManifestManager] Input 'set-safe-directory': *** value evaluate result: {
  "type": 0,
  "file": 2,
  "line": 97,
  "col": 14,
  "lit": "true"
}
[2025-11-13 23:18:08Z INFO ActionManifestManager] Input 'github-server-url': *** value evaluate result: ""
[2025-11-13 23:18:08Z INFO ExtensionManager] Getting extensions for interface: 'GitHub.Runner.Worker.IActionCommandExtension'
[2025-11-13 23:18:08Z INFO ActionCommandManager] Register action command extension for command internal-set-repo-path
[2025-11-13 23:18:08Z INFO ActionCommandManager] Register action command extension for command set-env
[2025-11-13 23:18:08Z INFO ActionCommandManager] Register action command extension for command set-output
[2025-11-13 23:18:08Z INFO ActionCommandManager] Register action command extension for command save-state
[2025-11-13 23:18:08Z INFO ActionCommandManager] Register action command extension for command add-path
[2025-11-13 23:18:08Z INFO ActionCommandManager] Register action command extension for command add-mask
[2025-11-13 23:18:08Z INFO ActionCommandManager] Register action command extension for command add-matcher
[2025-11-13 23:18:08Z INFO ActionCommandManager] Register action command extension for command remove-matcher
[2025-11-13 23:18:08Z INFO ActionCommandManager] Register action command extension for command warning
[2025-11-13 23:18:08Z INFO ActionCommandManager] Register action command extension for command error
[2025-11-13 23:18:08Z INFO ActionCommandManager] Register action command extension for command notice
[2025-11-13 23:18:08Z INFO ActionCommandManager] Register action command extension for command debug
[2025-11-13 23:18:08Z INFO ActionCommandManager] Register action command extension for command group
[2025-11-13 23:18:08Z INFO ActionCommandManager] Register action command extension for command endgroup
[2025-11-13 23:18:08Z INFO ActionCommandManager] Register action command extension for command echo
[2025-11-13 23:18:08Z INFO HostContext] Well known directory 'Bin': 'C:\Trabalho\actions-runner\bin'
[2025-11-13 23:18:08Z INFO HostContext] Well known directory 'Root': 'C:\Trabalho\actions-runner'
[2025-11-13 23:18:08Z INFO HostContext] Well known directory 'Externals': 'C:\Trabalho\actions-runner\externals'
[2025-11-13 23:18:08Z INFO ProcessInvokerWrapper] Starting process:
[2025-11-13 23:18:08Z INFO ProcessInvokerWrapper]   File name: 'C:\Trabalho\actions-runner\externals\node20\bin\node.exe'
[2025-11-13 23:18:08Z INFO ProcessInvokerWrapper]   Arguments: '"C:\Trabalho\actions-runner\_work\_actions\actions\checkout\v4\dist/index.js"'
[2025-11-13 23:18:08Z INFO ProcessInvokerWrapper]   Working directory: 'C:\Trabalho\actions-runner\_work\Trabalho\Trabalho'
[2025-11-13 23:18:08Z INFO ProcessInvokerWrapper]   Require exit code zero: 'False'
[2025-11-13 23:18:08Z INFO ProcessInvokerWrapper]   Encoding web name: utf-8 ; code page: '65001'
[2025-11-13 23:18:08Z INFO ProcessInvokerWrapper]   Force kill process on cancellation: 'False'
[2025-11-13 23:18:08Z INFO ProcessInvokerWrapper]   Redirected STDIN: 'False'
[2025-11-13 23:18:08Z INFO ProcessInvokerWrapper]   Persist current code page: 'True'
[2025-11-13 23:18:08Z INFO ProcessInvokerWrapper]   Keep redirected STDIN open: 'False'
[2025-11-13 23:18:08Z INFO ProcessInvokerWrapper]   High priority process: 'False'
[2025-11-13 23:18:08Z INFO ProcessInvokerWrapper] Process started with process id 12752, waiting for process exit.
[2025-11-13 23:18:09Z INFO JobServerQueue] Try to upload 1 log files or attachments, success rate: 1/1.
[2025-11-13 23:18:09Z INFO JobServerQueue] Try to append 1 batches web console lines for record '3191aa21-ac6b-4989-b0ed-5df5293c0814', success rate: 1/1.
[2025-11-13 23:18:09Z INFO JobServerQueue] Try to append 1 batches web console lines for record '3f83657d-70de-4081-8517-5e6593d7d342', success rate: 1/1.
[2025-11-13 23:18:09Z ERR  GitHubActionsService] POST request to https://results-receiver.actions.githubusercontent.com/twirp/github.actions.results.api.v1.WorkflowStepUpdateService/WorkflowStepsUpdate failed. System.Net.Http.HttpRequestException: Este host não é conhecido. (results-receiver.actions.githubusercontent.com:443)
 ---> System.Net.Sockets.SocketException (11001): Este host não é conhecido.
   at System.Net.Sockets.Socket.AwaitableSocketAsyncEventArgs.ThrowException(SocketError error, CancellationToken cancellationToken)
   at System.Net.Sockets.Socket.AwaitableSocketAsyncEventArgs.System.Threading.Tasks.Sources.IValueTaskSource.GetResult(Int16 token)
   at System.Net.Sockets.Socket.<ConnectAsync>g__WaitForConnectWithCancellation|285_0(AwaitableSocketAsyncEventArgs saea, ValueTask connectTask, CancellationToken cancellationToken)
   at System.Net.Http.HttpConnectionPool.ConnectToTcpHostAsync(String host, Int32 port, HttpRequestMessage initialRequest, Boolean async, CancellationToken cancellationToken)
   --- End of inner exception stack trace ---
   at System.Net.Http.HttpConnectionPool.ConnectToTcpHostAsync(String host, Int32 port, HttpRequestMessage initialRequest, Boolean async, CancellationToken cancellationToken)
   at System.Net.Http.HttpConnectionPool.ConnectAsync(HttpRequestMessage request, Boolean async, CancellationToken cancellationToken)
   at System.Net.Http.HttpConnectionPool.CreateHttp11ConnectionAsync(HttpRequestMessage request, Boolean async, CancellationToken cancellationToken)
   at System.Net.Http.HttpConnectionPool.AddHttp11ConnectionAsync(QueueItem queueItem)
   at System.Threading.Tasks.TaskCompletionSourceWithCancellation`1.WaitWithCancellationAsync(CancellationToken cancellationToken)
   at System.Net.Http.HttpConnectionPool.SendWithVersionDetectionAndRetryAsync(HttpRequestMessage request, Boolean async, Boolean doRequestAuth, CancellationToken cancellationToken)
   at System.Net.Http.AuthenticationHelper.SendWithAuthAsync(HttpRequestMessage request, Uri authUri, Boolean async, ICredentials credentials, Boolean preAuthenticate, Boolean isProxyAuth, Boolean doRequestAuth, HttpConnectionPool pool, CancellationToken cancellationToken)
   at System.Net.Http.RedirectHandler.SendAsync(HttpRequestMessage request, Boolean async, CancellationToken cancellationToken)
   at GitHub.Services.Common.RawHttpMessageHandler.SendAsync(HttpRequestMessage request, CancellationToken cancellationToken)
   at GitHub.Services.Common.VssHttpRetryMessageHandler.SendAsync(HttpRequestMessage request, CancellationToken cancellationToken)
[2025-11-13 23:18:09Z INFO JobServerQueue] Catch exception during update steps, skip update Results.
[2025-11-13 23:18:09Z ERR  JobServerQueue] System.Net.Http.HttpRequestException: Este host não é conhecido. (results-receiver.actions.githubusercontent.com:443)
 ---> System.Net.Sockets.SocketException (11001): Este host não é conhecido.
   at System.Net.Sockets.Socket.AwaitableSocketAsyncEventArgs.ThrowException(SocketError error, CancellationToken cancellationToken)
   at System.Net.Sockets.Socket.AwaitableSocketAsyncEventArgs.System.Threading.Tasks.Sources.IValueTaskSource.GetResult(Int16 token)
   at System.Net.Sockets.Socket.<ConnectAsync>g__WaitForConnectWithCancellation|285_0(AwaitableSocketAsyncEventArgs saea, ValueTask connectTask, CancellationToken cancellationToken)
   at System.Net.Http.HttpConnectionPool.ConnectToTcpHostAsync(String host, Int32 port, HttpRequestMessage initialRequest, Boolean async, CancellationToken cancellationToken)
   --- End of inner exception stack trace ---
   at GitHub.Services.Common.VssHttpRetryMessageHandler.SendAsync(HttpRequestMessage request, CancellationToken cancellationToken)
   at System.Net.Http.HttpClient.<SendAsync>g__Core|83_0(HttpRequestMessage request, HttpCompletionOption completionOption, CancellationTokenSource cts, Boolean disposeCts, CancellationTokenSource pendingRequestsCts, CancellationToken originalCancellationToken)
   at Sdk.WebApi.WebApi.RawHttpClientBase.SendAsync(HttpRequestMessage message, HttpCompletionOption completionOption, Object userState, CancellationToken cancellationToken)
   at GitHub.Services.Results.Client.ResultsHttpClient.SendRequest[R](Uri uri, CancellationToken cancellationToken, R request, String timestamp)
   at GitHub.Services.Results.Client.ResultsHttpClient.UpdateWorkflowStepsAsync(Guid planId, IEnumerable`1 records, CancellationToken cancellationToken)
   at GitHub.Runner.Common.JobServerQueue.ProcessTimelinesUpdateQueueAsync(Boolean runOnce)
[2025-11-13 23:18:09Z ERR  JobServerQueue] #####################################################
[2025-11-13 23:18:09Z ERR  JobServerQueue] System.Net.Sockets.SocketException (11001): Este host não é conhecido.
   at System.Net.Sockets.Socket.AwaitableSocketAsyncEventArgs.ThrowException(SocketError error, CancellationToken cancellationToken)
   at System.Net.Sockets.Socket.AwaitableSocketAsyncEventArgs.System.Threading.Tasks.Sources.IValueTaskSource.GetResult(Int16 token)
   at System.Net.Sockets.Socket.<ConnectAsync>g__WaitForConnectWithCancellation|285_0(AwaitableSocketAsyncEventArgs saea, ValueTask connectTask, CancellationToken cancellationToken)
   at System.Net.Http.HttpConnectionPool.ConnectToTcpHostAsync(String host, Int32 port, HttpRequestMessage initialRequest, Boolean async, CancellationToken cancellationToken)
[2025-11-13 23:18:09Z INFO AddMaskCommandExtension] Add new secret mask with length of 32
[2025-11-13 23:18:09Z INFO JobServerQueue] Try to append 1 batches web console lines for record '3f83657d-70de-4081-8517-5e6593d7d342', success rate: 1/1.
[2025-11-13 23:18:09Z INFO JobServerQueue] Got a step log file to send to results service.
[2025-11-13 23:18:09Z INFO JobServerQueue] Starting upload of step log file to results service ResultsLog, C:\Trabalho\actions-runner\_diag\blocks\d43c0b8e-46dc-4b25-ad42-383da2100f10_3191aa21-ac6b-4989-b0ed-5df5293c0814.1
[2025-11-13 23:18:09Z ERR  GitHubActionsService] POST request to https://results-receiver.actions.githubusercontent.com/twirp/results.services.receiver.Receiver/GetStepLogsSignedBlobURL failed. System.Net.Http.HttpRequestException: Este host não é conhecido. (results-receiver.actions.githubusercontent.com:443)
 ---> System.Net.Sockets.SocketException (11001): Este host não é conhecido.
   at System.Net.Sockets.Socket.AwaitableSocketAsyncEventArgs.ThrowException(SocketError error, CancellationToken cancellationToken)
   at System.Net.Sockets.Socket.AwaitableSocketAsyncEventArgs.System.Threading.Tasks.Sources.IValueTaskSource.GetResult(Int16 token)
   at System.Net.Sockets.Socket.<ConnectAsync>g__WaitForConnectWithCancellation|285_0(AwaitableSocketAsyncEventArgs saea, ValueTask connectTask, CancellationToken cancellationToken)
   at System.Net.Http.HttpConnectionPool.ConnectToTcpHostAsync(String host, Int32 port, HttpRequestMessage initialRequest, Boolean async, CancellationToken cancellationToken)
   --- End of inner exception stack trace ---
   at System.Net.Http.HttpConnectionPool.ConnectToTcpHostAsync(String host, Int32 port, HttpRequestMessage initialRequest, Boolean async, CancellationToken cancellationToken)
   at System.Net.Http.HttpConnectionPool.ConnectAsync(HttpRequestMessage request, Boolean async, CancellationToken cancellationToken)
   at System.Net.Http.HttpConnectionPool.CreateHttp11ConnectionAsync(HttpRequestMessage request, Boolean async, CancellationToken cancellationToken)
   at System.Net.Http.HttpConnectionPool.AddHttp11ConnectionAsync(QueueItem queueItem)
   at System.Threading.Tasks.TaskCompletionSourceWithCancellation`1.WaitWithCancellationAsync(CancellationToken cancellationToken)
   at System.Net.Http.HttpConnectionPool.SendWithVersionDetectionAndRetryAsync(HttpRequestMessage request, Boolean async, Boolean doRequestAuth, CancellationToken cancellationToken)
   at System.Net.Http.AuthenticationHelper.SendWithAuthAsync(HttpRequestMessage request, Uri authUri, Boolean async, ICredentials credentials, Boolean preAuthenticate, Boolean isProxyAuth, Boolean doRequestAuth, HttpConnectionPool pool, CancellationToken cancellationToken)
   at System.Net.Http.RedirectHandler.SendAsync(HttpRequestMessage request, Boolean async, CancellationToken cancellationToken)
   at GitHub.Services.Common.RawHttpMessageHandler.SendAsync(HttpRequestMessage request, CancellationToken cancellationToken)
   at GitHub.Services.Common.VssHttpRetryMessageHandler.SendAsync(HttpRequestMessage request, CancellationToken cancellationToken)
[2025-11-13 23:18:09Z INFO JobServerQueue] Catch exception during file upload to results, keep going since the process is best effort.
[2025-11-13 23:18:09Z ERR  JobServerQueue] System.Net.Http.HttpRequestException: Este host não é conhecido. (results-receiver.actions.githubusercontent.com:443)
 ---> System.Net.Sockets.SocketException (11001): Este host não é conhecido.
   at System.Net.Sockets.Socket.AwaitableSocketAsyncEventArgs.ThrowException(SocketError error, CancellationToken cancellationToken)
   at System.Net.Sockets.Socket.AwaitableSocketAsyncEventArgs.System.Threading.Tasks.Sources.IValueTaskSource.GetResult(Int16 token)
   at System.Net.Sockets.Socket.<ConnectAsync>g__WaitForConnectWithCancellation|285_0(AwaitableSocketAsyncEventArgs saea, ValueTask connectTask, CancellationToken cancellationToken)
   at System.Net.Http.HttpConnectionPool.ConnectToTcpHostAsync(String host, Int32 port, HttpRequestMessage initialRequest, Boolean async, CancellationToken cancellationToken)
   --- End of inner exception stack trace ---
   at GitHub.Services.Common.VssHttpRetryMessageHandler.SendAsync(HttpRequestMessage request, CancellationToken cancellationToken)
   at System.Net.Http.HttpClient.<SendAsync>g__Core|83_0(HttpRequestMessage request, HttpCompletionOption completionOption, CancellationTokenSource cts, Boolean disposeCts, CancellationTokenSource pendingRequestsCts, CancellationToken originalCancellationToken)
   at Sdk.WebApi.WebApi.RawHttpClientBase.SendAsync(HttpRequestMessage message, HttpCompletionOption completionOption, Object userState, CancellationToken cancellationToken)
   at GitHub.Services.Results.Client.ResultsHttpClient.GetResultsSignedURLResponse[R,T](Uri uri, CancellationToken cancellationToken, R request)
   at GitHub.Services.Results.Client.ResultsHttpClient.GetStepLogUploadUrlAsync(String planId, String jobId, Guid stepId, CancellationToken cancellationToken)
   at GitHub.Services.Results.Client.ResultsHttpClient.UploadResultsStepLogAsync(String planId, String jobId, Guid stepId, String file, Boolean finalize, Boolean firstBlock, Int64 lineCount, CancellationToken cancellationToken)
   at GitHub.Runner.Common.JobServerQueue.<UploadResultsStepLogFile>b__63_0(ResultsUploadFileInfo file)
   at GitHub.Runner.Common.JobServerQueue.UploadResultsFile(ResultsUploadFileInfo file, ResultsFileUploadHandler uploadHandler)
   at GitHub.Runner.Common.JobServerQueue.UploadResultsStepLogFile(ResultsUploadFileInfo file)
   at GitHub.Runner.Common.JobServerQueue.ProcessResultsUploadQueueAsync(Boolean runOnce)
[2025-11-13 23:18:09Z ERR  JobServerQueue] #####################################################
[2025-11-13 23:18:09Z ERR  JobServerQueue] System.Net.Sockets.SocketException (11001): Este host não é conhecido.
   at System.Net.Sockets.Socket.AwaitableSocketAsyncEventArgs.ThrowException(SocketError error, CancellationToken cancellationToken)
   at System.Net.Sockets.Socket.AwaitableSocketAsyncEventArgs.System.Threading.Tasks.Sources.IValueTaskSource.GetResult(Int16 token)
   at System.Net.Sockets.Socket.<ConnectAsync>g__WaitForConnectWithCancellation|285_0(AwaitableSocketAsyncEventArgs saea, ValueTask connectTask, CancellationToken cancellationToken)
   at System.Net.Http.HttpConnectionPool.ConnectToTcpHostAsync(String host, Int32 port, HttpRequestMessage initialRequest, Boolean async, CancellationToken cancellationToken)
[2025-11-13 23:18:09Z INFO JobServerQueue] Tried to upload 1 file(s) to results, success rate: 0/1.
[2025-11-13 23:18:10Z INFO JobServerQueue] Try to append 1 batches web console lines for record '3f83657d-70de-4081-8517-5e6593d7d342', success rate: 1/1.
[2025-11-13 23:18:11Z INFO JobServerQueue] Try to append 1 batches web console lines for record '3f83657d-70de-4081-8517-5e6593d7d342', success rate: 1/1.
[2025-11-13 23:18:11Z INFO ProcessInvokerWrapper] STDOUT/STDERR stream read finished.
[2025-11-13 23:18:11Z INFO ProcessInvokerWrapper] STDOUT/STDERR stream read finished.
[2025-11-13 23:18:11Z INFO ProcessInvokerWrapper] Finished process 12752 with exit code 0, and elapsed time 00:00:02.9293141.
[2025-11-13 23:18:11Z INFO CreateStepSummaryCommand] Step Summary file (C:\Trabalho\actions-runner\_work\_temp\_runner_file_commands\step_summary_cd7eb268-a62b-4086-a9b3-28d01b8cb496) is empty; skipping attachment upload
[2025-11-13 23:18:11Z INFO StepsRunner] Step result: 
[2025-11-13 23:18:11Z INFO ExecutionContext] Publish step telemetry for current step {
  "action": "actions/checkout",
  "ref": "v4",
  "type": "node20",
  "stage": "Post",
  "stepId": "3f83657d-70de-4081-8517-5e6593d7d342",
  "result": "succeeded",
  "errorMessages": [],
  "executionTimeInSeconds": 3,
  "startTime": "2025-11-13T23:18:08.7683223Z",
  "finishTime": "2025-11-13T23:18:11.7491044Z"
}.
[2025-11-13 23:18:11Z INFO StepsRunner] No need for updating job result with current step result 'Succeeded'.
[2025-11-13 23:18:11Z INFO StepsRunner] Current state: job state = 'Failed'
[2025-11-13 23:18:11Z INFO JobRunner] Finalize job.
[2025-11-13 23:18:11Z INFO HostContext] Well known directory 'Bin': 'C:\Trabalho\actions-runner\bin'
[2025-11-13 23:18:11Z INFO HostContext] Well known directory 'Root': 'C:\Trabalho\actions-runner'
[2025-11-13 23:18:11Z INFO HostContext] Well known directory 'Diag': 'C:\Trabalho\actions-runner\_diag'
[2025-11-13 23:18:11Z INFO HostContext] Well known directory 'Bin': 'C:\Trabalho\actions-runner\bin'
[2025-11-13 23:18:11Z INFO HostContext] Well known directory 'Root': 'C:\Trabalho\actions-runner'
[2025-11-13 23:18:11Z INFO HostContext] Well known directory 'Diag': 'C:\Trabalho\actions-runner\_diag'
[2025-11-13 23:18:11Z INFO JobExtension] Initialize Env context
[2025-11-13 23:18:11Z INFO JobExtension] Initialize steps context
[2025-11-13 23:18:11Z INFO JobExtension] Total accessible running process: 280.
[2025-11-13 23:18:11Z INFO JobExtension] Inspecting process environment variables. PID: 10608 (svchost)
[2025-11-13 23:18:11Z WARN JobExtension] Ignore exception during read process environment variables: Acesso negado.
[2025-11-13 23:18:11Z INFO JobExtension] Inspecting process environment variables. PID: 20944 (svchost)
[2025-11-13 23:18:11Z WARN JobExtension] Ignore exception during read process environment variables: Acesso negado.
[2025-11-13 23:18:11Z INFO JobExtension] Inspecting process environment variables. PID: 14592 (audiodg)
[2025-11-13 23:18:11Z WARN JobExtension] Ignore exception during read process environment variables: Acesso negado.
[2025-11-13 23:18:11Z INFO JobExtension] Inspecting process environment variables. PID: 15052 (WmiPrvSE)
[2025-11-13 23:18:11Z WARN JobExtension] Ignore exception during read process environment variables: Acesso negado.
[2025-11-13 23:18:11Z INFO JobExtension] Inspecting process environment variables. PID: 15188 (svchost)
[2025-11-13 23:18:11Z WARN JobExtension] Ignore exception during read process environment variables: Acesso negado.
[2025-11-13 23:18:11Z INFO JobExtension] Inspecting process environment variables. PID: 7132 (docker)
[2025-11-13 23:18:11Z INFO JobExtension] Inspecting process environment variables. PID: 17908 (conhost)
[2025-11-13 23:18:11Z INFO ExecutionContext] Publish step telemetry for current step {
  "action": "complete_job",
  "type": "runner",
  "stage": "Post",
  "stepId": "beabc150-0597-4157-8e49-9408d58fc2bd",
  "result": "succeeded",
  "errorMessages": [],
  "executionTimeInSeconds": 1,
  "startTime": "2025-11-13T23:18:11.7587486Z",
  "finishTime": "2025-11-13T23:18:11.7977673Z"
}.
[2025-11-13 23:18:11Z INFO JobRunner] Job result after all job steps finish: Failed
[2025-11-13 23:18:11Z INFO JobRunner] Completing the job execution context.
[2025-11-13 23:18:11Z INFO JobRunner] Shutting down the job server queue.
[2025-11-13 23:18:11Z INFO JobServerQueue] Fire signal to shutdown all queues.
[2025-11-13 23:18:12Z INFO JobServerQueue] All queue process task stopped.
[2025-11-13 23:18:12Z INFO JobServerQueue] Try to append 1 batches web console lines for record 'beabc150-0597-4157-8e49-9408d58fc2bd', success rate: 1/1.
[2025-11-13 23:18:12Z INFO JobServerQueue] Web console line queue drained.
[2025-11-13 23:18:12Z INFO JobServerQueue] Uploading 3 files in one shot.
[2025-11-13 23:18:12Z INFO JobServerQueue] Try to upload 3 log files or attachments, success rate: 3/3.
[2025-11-13 23:18:12Z INFO JobServerQueue] File upload queue drained.
[2025-11-13 23:18:12Z INFO JobServerQueue] Starting results-based upload queue...
[2025-11-13 23:18:12Z INFO JobServerQueue] Uploading 3 file(s) in one shot through results service.
[2025-11-13 23:18:12Z INFO JobServerQueue] Got a step log file to send to results service.
[2025-11-13 23:18:12Z INFO JobServerQueue] Starting upload of step log file to results service ResultsLog, C:\Trabalho\actions-runner\_diag\blocks\d43c0b8e-46dc-4b25-ad42-383da2100f10_3f83657d-70de-4081-8517-5e6593d7d342.1
[2025-11-13 23:18:12Z ERR  GitHubActionsService] POST request to https://results-receiver.actions.githubusercontent.com/twirp/results.services.receiver.Receiver/GetStepLogsSignedBlobURL failed. System.Net.Http.HttpRequestException: Este host não é conhecido. (results-receiver.actions.githubusercontent.com:443)
 ---> System.Net.Sockets.SocketException (11001): Este host não é conhecido.
   at System.Net.Sockets.Socket.AwaitableSocketAsyncEventArgs.ThrowException(SocketError error, CancellationToken cancellationToken)
   at System.Net.Sockets.Socket.AwaitableSocketAsyncEventArgs.System.Threading.Tasks.Sources.IValueTaskSource.GetResult(Int16 token)
   at System.Net.Sockets.Socket.<ConnectAsync>g__WaitForConnectWithCancellation|285_0(AwaitableSocketAsyncEventArgs saea, ValueTask connectTask, CancellationToken cancellationToken)
   at System.Net.Http.HttpConnectionPool.ConnectToTcpHostAsync(String host, Int32 port, HttpRequestMessage initialRequest, Boolean async, CancellationToken cancellationToken)
   --- End of inner exception stack trace ---
   at System.Net.Http.HttpConnectionPool.ConnectToTcpHostAsync(String host, Int32 port, HttpRequestMessage initialRequest, Boolean async, CancellationToken cancellationToken)
   at System.Net.Http.HttpConnectionPool.ConnectAsync(HttpRequestMessage request, Boolean async, CancellationToken cancellationToken)
   at System.Net.Http.HttpConnectionPool.CreateHttp11ConnectionAsync(HttpRequestMessage request, Boolean async, CancellationToken cancellationToken)
   at System.Net.Http.HttpConnectionPool.AddHttp11ConnectionAsync(QueueItem queueItem)
   at System.Threading.Tasks.TaskCompletionSourceWithCancellation`1.WaitWithCancellationAsync(CancellationToken cancellationToken)
   at System.Net.Http.HttpConnectionPool.SendWithVersionDetectionAndRetryAsync(HttpRequestMessage request, Boolean async, Boolean doRequestAuth, CancellationToken cancellationToken)
   at System.Net.Http.AuthenticationHelper.SendWithAuthAsync(HttpRequestMessage request, Uri authUri, Boolean async, ICredentials credentials, Boolean preAuthenticate, Boolean isProxyAuth, Boolean doRequestAuth, HttpConnectionPool pool, CancellationToken cancellationToken)
   at System.Net.Http.RedirectHandler.SendAsync(HttpRequestMessage request, Boolean async, CancellationToken cancellationToken)
   at GitHub.Services.Common.RawHttpMessageHandler.SendAsync(HttpRequestMessage request, CancellationToken cancellationToken)
   at GitHub.Services.Common.VssHttpRetryMessageHandler.SendAsync(HttpRequestMessage request, CancellationToken cancellationToken)
[2025-11-13 23:18:12Z INFO JobServerQueue] Catch exception during file upload to results, keep going since the process is best effort.
[2025-11-13 23:18:12Z ERR  JobServerQueue] System.Net.Http.HttpRequestException: Este host não é conhecido. (results-receiver.actions.githubusercontent.com:443)
 ---> System.Net.Sockets.SocketException (11001): Este host não é conhecido.
   at System.Net.Sockets.Socket.AwaitableSocketAsyncEventArgs.ThrowException(SocketError error, CancellationToken cancellationToken)
   at System.Net.Sockets.Socket.AwaitableSocketAsyncEventArgs.System.Threading.Tasks.Sources.IValueTaskSource.GetResult(Int16 token)
   at System.Net.Sockets.Socket.<ConnectAsync>g__WaitForConnectWithCancellation|285_0(AwaitableSocketAsyncEventArgs saea, ValueTask connectTask, CancellationToken cancellationToken)
   at System.Net.Http.HttpConnectionPool.ConnectToTcpHostAsync(String host, Int32 port, HttpRequestMessage initialRequest, Boolean async, CancellationToken cancellationToken)
   --- End of inner exception stack trace ---
   at GitHub.Services.Common.VssHttpRetryMessageHandler.SendAsync(HttpRequestMessage request, CancellationToken cancellationToken)
   at System.Net.Http.HttpClient.<SendAsync>g__Core|83_0(HttpRequestMessage request, HttpCompletionOption completionOption, CancellationTokenSource cts, Boolean disposeCts, CancellationTokenSource pendingRequestsCts, CancellationToken originalCancellationToken)
   at Sdk.WebApi.WebApi.RawHttpClientBase.SendAsync(HttpRequestMessage message, HttpCompletionOption completionOption, Object userState, CancellationToken cancellationToken)
   at GitHub.Services.Results.Client.ResultsHttpClient.GetResultsSignedURLResponse[R,T](Uri uri, CancellationToken cancellationToken, R request)
   at GitHub.Services.Results.Client.ResultsHttpClient.GetStepLogUploadUrlAsync(String planId, String jobId, Guid stepId, CancellationToken cancellationToken)
   at GitHub.Services.Results.Client.ResultsHttpClient.UploadResultsStepLogAsync(String planId, String jobId, Guid stepId, String file, Boolean finalize, Boolean firstBlock, Int64 lineCount, CancellationToken cancellationToken)
   at GitHub.Runner.Common.JobServerQueue.<UploadResultsStepLogFile>b__63_0(ResultsUploadFileInfo file)
   at GitHub.Runner.Common.JobServerQueue.UploadResultsFile(ResultsUploadFileInfo file, ResultsFileUploadHandler uploadHandler)
   at GitHub.Runner.Common.JobServerQueue.UploadResultsStepLogFile(ResultsUploadFileInfo file)
   at GitHub.Runner.Common.JobServerQueue.ProcessResultsUploadQueueAsync(Boolean runOnce)
[2025-11-13 23:18:12Z ERR  JobServerQueue] #####################################################
[2025-11-13 23:18:12Z ERR  JobServerQueue] System.Net.Sockets.SocketException (11001): Este host não é conhecido.
   at System.Net.Sockets.Socket.AwaitableSocketAsyncEventArgs.ThrowException(SocketError error, CancellationToken cancellationToken)
   at System.Net.Sockets.Socket.AwaitableSocketAsyncEventArgs.System.Threading.Tasks.Sources.IValueTaskSource.GetResult(Int16 token)
   at System.Net.Sockets.Socket.<ConnectAsync>g__WaitForConnectWithCancellation|285_0(AwaitableSocketAsyncEventArgs saea, ValueTask connectTask, CancellationToken cancellationToken)
   at System.Net.Http.HttpConnectionPool.ConnectToTcpHostAsync(String host, Int32 port, HttpRequestMessage initialRequest, Boolean async, CancellationToken cancellationToken)
[2025-11-13 23:18:12Z INFO JobServerQueue] Got a step log file to send to results service.
[2025-11-13 23:18:12Z INFO JobServerQueue] Starting upload of step log file to results service ResultsLog, C:\Trabalho\actions-runner\_diag\blocks\d43c0b8e-46dc-4b25-ad42-383da2100f10_beabc150-0597-4157-8e49-9408d58fc2bd.1
[2025-11-13 23:18:12Z ERR  GitHubActionsService] POST request to https://results-receiver.actions.githubusercontent.com/twirp/results.services.receiver.Receiver/GetStepLogsSignedBlobURL failed. System.Net.Http.HttpRequestException: Este host não é conhecido. (results-receiver.actions.githubusercontent.com:443)
 ---> System.Net.Sockets.SocketException (11001): Este host não é conhecido.
   at System.Net.Sockets.Socket.AwaitableSocketAsyncEventArgs.ThrowException(SocketError error, CancellationToken cancellationToken)
   at System.Net.Sockets.Socket.AwaitableSocketAsyncEventArgs.System.Threading.Tasks.Sources.IValueTaskSource.GetResult(Int16 token)
   at System.Net.Sockets.Socket.<ConnectAsync>g__WaitForConnectWithCancellation|285_0(AwaitableSocketAsyncEventArgs saea, ValueTask connectTask, CancellationToken cancellationToken)
   at System.Net.Http.HttpConnectionPool.ConnectToTcpHostAsync(String host, Int32 port, HttpRequestMessage initialRequest, Boolean async, CancellationToken cancellationToken)
   --- End of inner exception stack trace ---
   at System.Net.Http.HttpConnectionPool.ConnectToTcpHostAsync(String host, Int32 port, HttpRequestMessage initialRequest, Boolean async, CancellationToken cancellationToken)
   at System.Net.Http.HttpConnectionPool.ConnectAsync(HttpRequestMessage request, Boolean async, CancellationToken cancellationToken)
   at System.Net.Http.HttpConnectionPool.CreateHttp11ConnectionAsync(HttpRequestMessage request, Boolean async, CancellationToken cancellationToken)
   at System.Net.Http.HttpConnectionPool.AddHttp11ConnectionAsync(QueueItem queueItem)
   at System.Threading.Tasks.TaskCompletionSourceWithCancellation`1.WaitWithCancellationAsync(CancellationToken cancellationToken)
   at System.Net.Http.HttpConnectionPool.SendWithVersionDetectionAndRetryAsync(HttpRequestMessage request, Boolean async, Boolean doRequestAuth, CancellationToken cancellationToken)
   at System.Net.Http.AuthenticationHelper.SendWithAuthAsync(HttpRequestMessage request, Uri authUri, Boolean async, ICredentials credentials, Boolean preAuthenticate, Boolean isProxyAuth, Boolean doRequestAuth, HttpConnectionPool pool, CancellationToken cancellationToken)
   at System.Net.Http.RedirectHandler.SendAsync(HttpRequestMessage request, Boolean async, CancellationToken cancellationToken)
   at GitHub.Services.Common.RawHttpMessageHandler.SendAsync(HttpRequestMessage request, CancellationToken cancellationToken)
   at GitHub.Services.Common.VssHttpRetryMessageHandler.SendAsync(HttpRequestMessage request, CancellationToken cancellationToken)
[2025-11-13 23:18:12Z INFO JobServerQueue] Catch exception during file upload to results, keep going since the process is best effort.
[2025-11-13 23:18:12Z ERR  JobServerQueue] System.Net.Http.HttpRequestException: Este host não é conhecido. (results-receiver.actions.githubusercontent.com:443)
 ---> System.Net.Sockets.SocketException (11001): Este host não é conhecido.
   at System.Net.Sockets.Socket.AwaitableSocketAsyncEventArgs.ThrowException(SocketError error, CancellationToken cancellationToken)
   at System.Net.Sockets.Socket.AwaitableSocketAsyncEventArgs.System.Threading.Tasks.Sources.IValueTaskSource.GetResult(Int16 token)
   at System.Net.Sockets.Socket.<ConnectAsync>g__WaitForConnectWithCancellation|285_0(AwaitableSocketAsyncEventArgs saea, ValueTask connectTask, CancellationToken cancellationToken)
   at System.Net.Http.HttpConnectionPool.ConnectToTcpHostAsync(String host, Int32 port, HttpRequestMessage initialRequest, Boolean async, CancellationToken cancellationToken)
   --- End of inner exception stack trace ---
   at GitHub.Services.Common.VssHttpRetryMessageHandler.SendAsync(HttpRequestMessage request, CancellationToken cancellationToken)
   at System.Net.Http.HttpClient.<SendAsync>g__Core|83_0(HttpRequestMessage request, HttpCompletionOption completionOption, CancellationTokenSource cts, Boolean disposeCts, CancellationTokenSource pendingRequestsCts, CancellationToken originalCancellationToken)
   at Sdk.WebApi.WebApi.RawHttpClientBase.SendAsync(HttpRequestMessage message, HttpCompletionOption completionOption, Object userState, CancellationToken cancellationToken)
   at GitHub.Services.Results.Client.ResultsHttpClient.GetResultsSignedURLResponse[R,T](Uri uri, CancellationToken cancellationToken, R request)
   at GitHub.Services.Results.Client.ResultsHttpClient.GetStepLogUploadUrlAsync(String planId, String jobId, Guid stepId, CancellationToken cancellationToken)
   at GitHub.Services.Results.Client.ResultsHttpClient.UploadResultsStepLogAsync(String planId, String jobId, Guid stepId, String file, Boolean finalize, Boolean firstBlock, Int64 lineCount, CancellationToken cancellationToken)
   at GitHub.Runner.Common.JobServerQueue.<UploadResultsStepLogFile>b__63_0(ResultsUploadFileInfo file)
   at GitHub.Runner.Common.JobServerQueue.UploadResultsFile(ResultsUploadFileInfo file, ResultsFileUploadHandler uploadHandler)
   at GitHub.Runner.Common.JobServerQueue.UploadResultsStepLogFile(ResultsUploadFileInfo file)
   at GitHub.Runner.Common.JobServerQueue.ProcessResultsUploadQueueAsync(Boolean runOnce)
[2025-11-13 23:18:12Z ERR  JobServerQueue] #####################################################
[2025-11-13 23:18:12Z ERR  JobServerQueue] System.Net.Sockets.SocketException (11001): Este host não é conhecido.
   at System.Net.Sockets.Socket.AwaitableSocketAsyncEventArgs.ThrowException(SocketError error, CancellationToken cancellationToken)
   at System.Net.Sockets.Socket.AwaitableSocketAsyncEventArgs.System.Threading.Tasks.Sources.IValueTaskSource.GetResult(Int16 token)
   at System.Net.Sockets.Socket.<ConnectAsync>g__WaitForConnectWithCancellation|285_0(AwaitableSocketAsyncEventArgs saea, ValueTask connectTask, CancellationToken cancellationToken)
   at System.Net.Http.HttpConnectionPool.ConnectToTcpHostAsync(String host, Int32 port, HttpRequestMessage initialRequest, Boolean async, CancellationToken cancellationToken)
[2025-11-13 23:18:12Z INFO JobServerQueue] Got a job log file to send to results service.
[2025-11-13 23:18:12Z INFO JobServerQueue] Starting upload of job log file to results service ResultsLog, C:\Trabalho\actions-runner\_diag\blocks\d43c0b8e-46dc-4b25-ad42-383da2100f10_6dc16b61-90d1-50f9-aec9-998bcf2a6917.1
[2025-11-13 23:18:12Z ERR  GitHubActionsService] POST request to https://results-receiver.actions.githubusercontent.com/twirp/results.services.receiver.Receiver/GetJobLogsSignedBlobURL failed. System.Net.Http.HttpRequestException: Este host não é conhecido. (results-receiver.actions.githubusercontent.com:443)
 ---> System.Net.Sockets.SocketException (11001): Este host não é conhecido.
   at System.Net.Sockets.Socket.AwaitableSocketAsyncEventArgs.ThrowException(SocketError error, CancellationToken cancellationToken)
   at System.Net.Sockets.Socket.AwaitableSocketAsyncEventArgs.System.Threading.Tasks.Sources.IValueTaskSource.GetResult(Int16 token)
   at System.Net.Sockets.Socket.<ConnectAsync>g__WaitForConnectWithCancellation|285_0(AwaitableSocketAsyncEventArgs saea, ValueTask connectTask, CancellationToken cancellationToken)
   at System.Net.Http.HttpConnectionPool.ConnectToTcpHostAsync(String host, Int32 port, HttpRequestMessage initialRequest, Boolean async, CancellationToken cancellationToken)
   --- End of inner exception stack trace ---
   at System.Net.Http.HttpConnectionPool.ConnectToTcpHostAsync(String host, Int32 port, HttpRequestMessage initialRequest, Boolean async, CancellationToken cancellationToken)
   at System.Net.Http.HttpConnectionPool.ConnectAsync(HttpRequestMessage request, Boolean async, CancellationToken cancellationToken)
   at System.Net.Http.HttpConnectionPool.CreateHttp11ConnectionAsync(HttpRequestMessage request, Boolean async, CancellationToken cancellationToken)
   at System.Net.Http.HttpConnectionPool.AddHttp11ConnectionAsync(QueueItem queueItem)
   at System.Threading.Tasks.TaskCompletionSourceWithCancellation`1.WaitWithCancellationAsync(CancellationToken cancellationToken)
   at System.Net.Http.HttpConnectionPool.SendWithVersionDetectionAndRetryAsync(HttpRequestMessage request, Boolean async, Boolean doRequestAuth, CancellationToken cancellationToken)
   at System.Net.Http.AuthenticationHelper.SendWithAuthAsync(HttpRequestMessage request, Uri authUri, Boolean async, ICredentials credentials, Boolean preAuthenticate, Boolean isProxyAuth, Boolean doRequestAuth, HttpConnectionPool pool, CancellationToken cancellationToken)
   at System.Net.Http.RedirectHandler.SendAsync(HttpRequestMessage request, Boolean async, CancellationToken cancellationToken)
   at GitHub.Services.Common.RawHttpMessageHandler.SendAsync(HttpRequestMessage request, CancellationToken cancellationToken)
   at GitHub.Services.Common.VssHttpRetryMessageHandler.SendAsync(HttpRequestMessage request, CancellationToken cancellationToken)
[2025-11-13 23:18:12Z INFO JobServerQueue] Catch exception during file upload to results, keep going since the process is best effort.
[2025-11-13 23:18:12Z ERR  JobServerQueue] System.Net.Http.HttpRequestException: Este host não é conhecido. (results-receiver.actions.githubusercontent.com:443)
 ---> System.Net.Sockets.SocketException (11001): Este host não é conhecido.
   at System.Net.Sockets.Socket.AwaitableSocketAsyncEventArgs.ThrowException(SocketError error, CancellationToken cancellationToken)
   at System.Net.Sockets.Socket.AwaitableSocketAsyncEventArgs.System.Threading.Tasks.Sources.IValueTaskSource.GetResult(Int16 token)
   at System.Net.Sockets.Socket.<ConnectAsync>g__WaitForConnectWithCancellation|285_0(AwaitableSocketAsyncEventArgs saea, ValueTask connectTask, CancellationToken cancellationToken)
   at System.Net.Http.HttpConnectionPool.ConnectToTcpHostAsync(String host, Int32 port, HttpRequestMessage initialRequest, Boolean async, CancellationToken cancellationToken)
   --- End of inner exception stack trace ---
   at GitHub.Services.Common.VssHttpRetryMessageHandler.SendAsync(HttpRequestMessage request, CancellationToken cancellationToken)
   at System.Net.Http.HttpClient.<SendAsync>g__Core|83_0(HttpRequestMessage request, HttpCompletionOption completionOption, CancellationTokenSource cts, Boolean disposeCts, CancellationTokenSource pendingRequestsCts, CancellationToken originalCancellationToken)
   at Sdk.WebApi.WebApi.RawHttpClientBase.SendAsync(HttpRequestMessage message, HttpCompletionOption completionOption, Object userState, CancellationToken cancellationToken)
   at GitHub.Services.Results.Client.ResultsHttpClient.GetResultsSignedURLResponse[R,T](Uri uri, CancellationToken cancellationToken, R request)
   at GitHub.Services.Results.Client.ResultsHttpClient.GetJobLogUploadUrlAsync(String planId, String jobId, CancellationToken cancellationToken)
   at GitHub.Services.Results.Client.ResultsHttpClient.UploadResultsJobLogAsync(String planId, String jobId, String file, Boolean finalize, Boolean firstBlock, Int64 lineCount, CancellationToken cancellationToken)
   at GitHub.Runner.Common.JobServerQueue.<UploadResultsJobLogFile>b__64_0(ResultsUploadFileInfo file)
   at GitHub.Runner.Common.JobServerQueue.UploadResultsFile(ResultsUploadFileInfo file, ResultsFileUploadHandler uploadHandler)
   at GitHub.Runner.Common.JobServerQueue.UploadResultsJobLogFile(ResultsUploadFileInfo file)
   at GitHub.Runner.Common.JobServerQueue.ProcessResultsUploadQueueAsync(Boolean runOnce)
[2025-11-13 23:18:12Z ERR  JobServerQueue] #####################################################
[2025-11-13 23:18:12Z ERR  JobServerQueue] System.Net.Sockets.SocketException (11001): Este host não é conhecido.
   at System.Net.Sockets.Socket.AwaitableSocketAsyncEventArgs.ThrowException(SocketError error, CancellationToken cancellationToken)
   at System.Net.Sockets.Socket.AwaitableSocketAsyncEventArgs.System.Threading.Tasks.Sources.IValueTaskSource.GetResult(Int16 token)
   at System.Net.Sockets.Socket.<ConnectAsync>g__WaitForConnectWithCancellation|285_0(AwaitableSocketAsyncEventArgs saea, ValueTask connectTask, CancellationToken cancellationToken)
   at System.Net.Http.HttpConnectionPool.ConnectToTcpHostAsync(String host, Int32 port, HttpRequestMessage initialRequest, Boolean async, CancellationToken cancellationToken)
[2025-11-13 23:18:12Z INFO JobServerQueue] Tried to upload 3 file(s) to results, success rate: 0/3.
[2025-11-13 23:18:12Z INFO JobServerQueue] Results upload queue drained.
[2025-11-13 23:18:12Z ERR  GitHubActionsService] POST request to https://results-receiver.actions.githubusercontent.com/twirp/github.actions.results.api.v1.WorkflowStepUpdateService/WorkflowStepsUpdate failed. System.Net.Http.HttpRequestException: Este host não é conhecido. (results-receiver.actions.githubusercontent.com:443)
 ---> System.Net.Sockets.SocketException (11001): Este host não é conhecido.
   at System.Net.Sockets.Socket.AwaitableSocketAsyncEventArgs.ThrowException(SocketError error, CancellationToken cancellationToken)
   at System.Net.Sockets.Socket.AwaitableSocketAsyncEventArgs.System.Threading.Tasks.Sources.IValueTaskSource.GetResult(Int16 token)
   at System.Net.Sockets.Socket.<ConnectAsync>g__WaitForConnectWithCancellation|285_0(AwaitableSocketAsyncEventArgs saea, ValueTask connectTask, CancellationToken cancellationToken)
   at System.Net.Http.HttpConnectionPool.ConnectToTcpHostAsync(String host, Int32 port, HttpRequestMessage initialRequest, Boolean async, CancellationToken cancellationToken)
   --- End of inner exception stack trace ---
   at System.Net.Http.HttpConnectionPool.ConnectToTcpHostAsync(String host, Int32 port, HttpRequestMessage initialRequest, Boolean async, CancellationToken cancellationToken)
   at System.Net.Http.HttpConnectionPool.ConnectAsync(HttpRequestMessage request, Boolean async, CancellationToken cancellationToken)
   at System.Net.Http.HttpConnectionPool.CreateHttp11ConnectionAsync(HttpRequestMessage request, Boolean async, CancellationToken cancellationToken)
   at System.Net.Http.HttpConnectionPool.AddHttp11ConnectionAsync(QueueItem queueItem)
   at System.Threading.Tasks.TaskCompletionSourceWithCancellation`1.WaitWithCancellationAsync(CancellationToken cancellationToken)
   at System.Net.Http.HttpConnectionPool.SendWithVersionDetectionAndRetryAsync(HttpRequestMessage request, Boolean async, Boolean doRequestAuth, CancellationToken cancellationToken)
   at System.Net.Http.AuthenticationHelper.SendWithAuthAsync(HttpRequestMessage request, Uri authUri, Boolean async, ICredentials credentials, Boolean preAuthenticate, Boolean isProxyAuth, Boolean doRequestAuth, HttpConnectionPool pool, CancellationToken cancellationToken)
   at System.Net.Http.RedirectHandler.SendAsync(HttpRequestMessage request, Boolean async, CancellationToken cancellationToken)
   at GitHub.Services.Common.RawHttpMessageHandler.SendAsync(HttpRequestMessage request, CancellationToken cancellationToken)
   at GitHub.Services.Common.VssHttpRetryMessageHandler.SendAsync(HttpRequestMessage request, CancellationToken cancellationToken)
[2025-11-13 23:18:12Z INFO JobServerQueue] Catch exception during update steps, skip update Results.
[2025-11-13 23:18:12Z ERR  JobServerQueue] System.Net.Http.HttpRequestException: Este host não é conhecido. (results-receiver.actions.githubusercontent.com:443)
 ---> System.Net.Sockets.SocketException (11001): Este host não é conhecido.
   at System.Net.Sockets.Socket.AwaitableSocketAsyncEventArgs.ThrowException(SocketError error, CancellationToken cancellationToken)
   at System.Net.Sockets.Socket.AwaitableSocketAsyncEventArgs.System.Threading.Tasks.Sources.IValueTaskSource.GetResult(Int16 token)
   at System.Net.Sockets.Socket.<ConnectAsync>g__WaitForConnectWithCancellation|285_0(AwaitableSocketAsyncEventArgs saea, ValueTask connectTask, CancellationToken cancellationToken)
   at System.Net.Http.HttpConnectionPool.ConnectToTcpHostAsync(String host, Int32 port, HttpRequestMessage initialRequest, Boolean async, CancellationToken cancellationToken)
   --- End of inner exception stack trace ---
   at GitHub.Services.Common.VssHttpRetryMessageHandler.SendAsync(HttpRequestMessage request, CancellationToken cancellationToken)
   at System.Net.Http.HttpClient.<SendAsync>g__Core|83_0(HttpRequestMessage request, HttpCompletionOption completionOption, CancellationTokenSource cts, Boolean disposeCts, CancellationTokenSource pendingRequestsCts, CancellationToken originalCancellationToken)
   at Sdk.WebApi.WebApi.RawHttpClientBase.SendAsync(HttpRequestMessage message, HttpCompletionOption completionOption, Object userState, CancellationToken cancellationToken)
   at GitHub.Services.Results.Client.ResultsHttpClient.SendRequest[R](Uri uri, CancellationToken cancellationToken, R request, String timestamp)
   at GitHub.Services.Results.Client.ResultsHttpClient.UpdateWorkflowStepsAsync(Guid planId, IEnumerable`1 records, CancellationToken cancellationToken)
   at GitHub.Runner.Common.JobServerQueue.ProcessTimelinesUpdateQueueAsync(Boolean runOnce)
[2025-11-13 23:18:12Z ERR  JobServerQueue] #####################################################
[2025-11-13 23:18:12Z ERR  JobServerQueue] System.Net.Sockets.SocketException (11001): Este host não é conhecido.
   at System.Net.Sockets.Socket.AwaitableSocketAsyncEventArgs.ThrowException(SocketError error, CancellationToken cancellationToken)
   at System.Net.Sockets.Socket.AwaitableSocketAsyncEventArgs.System.Threading.Tasks.Sources.IValueTaskSource.GetResult(Int16 token)
   at System.Net.Sockets.Socket.<ConnectAsync>g__WaitForConnectWithCancellation|285_0(AwaitableSocketAsyncEventArgs saea, ValueTask connectTask, CancellationToken cancellationToken)
   at System.Net.Http.HttpConnectionPool.ConnectToTcpHostAsync(String host, Int32 port, HttpRequestMessage initialRequest, Boolean async, CancellationToken cancellationToken)
[2025-11-13 23:18:12Z INFO JobServerQueue] Timeline update queue drained.
[2025-11-13 23:18:12Z INFO JobServerQueue] Disposing job server ...
[2025-11-13 23:18:12Z INFO JobServerQueue] Disposing results server ...
[2025-11-13 23:18:12Z INFO JobServerQueue] All queue process tasks have been stopped, and all queues are drained.
[2025-11-13 23:18:12Z INFO TempDirectoryManager] Cleaning runner temp folder: C:\Trabalho\actions-runner\_work\_temp
[2025-11-13 23:18:12Z INFO HostContext] Well known directory 'Bin': 'C:\Trabalho\actions-runner\bin'
[2025-11-13 23:18:12Z INFO HostContext] Well known directory 'Root': 'C:\Trabalho\actions-runner'
[2025-11-13 23:18:12Z INFO HostContext] Well known directory 'Diag': 'C:\Trabalho\actions-runner\_diag'
[2025-11-13 23:18:12Z INFO HostContext] Well known config file 'Telemetry': 'C:\Trabalho\actions-runner\_diag\.telemetry'
[2025-11-13 23:18:12Z INFO JobRunner] Raising job completed against run service
[2025-11-13 23:18:12Z ERR  GitHubActionsService] POST request to https://run-actions-1-azure-eastus.actions.githubusercontent.com/85/completejob failed. System.Net.Http.HttpRequestException: Este host não é conhecido. (run-actions-1-azure-eastus.actions.githubusercontent.com:443)
 ---> System.Net.Sockets.SocketException (11001): Este host não é conhecido.
   at System.Net.Sockets.Socket.AwaitableSocketAsyncEventArgs.ThrowException(SocketError error, CancellationToken cancellationToken)
   at System.Net.Sockets.Socket.AwaitableSocketAsyncEventArgs.System.Threading.Tasks.Sources.IValueTaskSource.GetResult(Int16 token)
   at System.Net.Sockets.Socket.<ConnectAsync>g__WaitForConnectWithCancellation|285_0(AwaitableSocketAsyncEventArgs saea, ValueTask connectTask, CancellationToken cancellationToken)
   at System.Net.Http.HttpConnectionPool.ConnectToTcpHostAsync(String host, Int32 port, HttpRequestMessage initialRequest, Boolean async, CancellationToken cancellationToken)
   --- End of inner exception stack trace ---
   at System.Net.Http.HttpConnectionPool.ConnectToTcpHostAsync(String host, Int32 port, HttpRequestMessage initialRequest, Boolean async, CancellationToken cancellationToken)
   at System.Net.Http.HttpConnectionPool.ConnectAsync(HttpRequestMessage request, Boolean async, CancellationToken cancellationToken)
   at System.Net.Http.HttpConnectionPool.CreateHttp11ConnectionAsync(HttpRequestMessage request, Boolean async, CancellationToken cancellationToken)
   at System.Net.Http.HttpConnectionPool.AddHttp11ConnectionAsync(QueueItem queueItem)
   at System.Threading.Tasks.TaskCompletionSourceWithCancellation`1.WaitWithCancellationAsync(CancellationToken cancellationToken)
   at System.Net.Http.HttpConnectionPool.SendWithVersionDetectionAndRetryAsync(HttpRequestMessage request, Boolean async, Boolean doRequestAuth, CancellationToken cancellationToken)
   at System.Net.Http.AuthenticationHelper.SendWithAuthAsync(HttpRequestMessage request, Uri authUri, Boolean async, ICredentials credentials, Boolean preAuthenticate, Boolean isProxyAuth, Boolean doRequestAuth, HttpConnectionPool pool, CancellationToken cancellationToken)
   at System.Net.Http.RedirectHandler.SendAsync(HttpRequestMessage request, Boolean async, CancellationToken cancellationToken)
   at GitHub.Services.Common.RawHttpMessageHandler.SendAsync(HttpRequestMessage request, CancellationToken cancellationToken)
   at GitHub.Services.Common.VssHttpRetryMessageHandler.SendAsync(HttpRequestMessage request, CancellationToken cancellationToken)
[2025-11-13 23:18:12Z ERR  RunServer] Catch exception during request
[2025-11-13 23:18:12Z ERR  RunServer] System.Net.Http.HttpRequestException: Este host não é conhecido. (run-actions-1-azure-eastus.actions.githubusercontent.com:443)
 ---> System.Net.Sockets.SocketException (11001): Este host não é conhecido.
   at System.Net.Sockets.Socket.AwaitableSocketAsyncEventArgs.ThrowException(SocketError error, CancellationToken cancellationToken)
   at System.Net.Sockets.Socket.AwaitableSocketAsyncEventArgs.System.Threading.Tasks.Sources.IValueTaskSource.GetResult(Int16 token)
   at System.Net.Sockets.Socket.<ConnectAsync>g__WaitForConnectWithCancellation|285_0(AwaitableSocketAsyncEventArgs saea, ValueTask connectTask, CancellationToken cancellationToken)
   at System.Net.Http.HttpConnectionPool.ConnectToTcpHostAsync(String host, Int32 port, HttpRequestMessage initialRequest, Boolean async, CancellationToken cancellationToken)
   --- End of inner exception stack trace ---
   at GitHub.Services.Common.VssHttpRetryMessageHandler.SendAsync(HttpRequestMessage request, CancellationToken cancellationToken)
   at System.Net.Http.HttpClient.<SendAsync>g__Core|83_0(HttpRequestMessage request, HttpCompletionOption completionOption, CancellationTokenSource cts, Boolean disposeCts, CancellationTokenSource pendingRequestsCts, CancellationToken originalCancellationToken)
   at Sdk.WebApi.WebApi.RawHttpClientBase.SendAsync(HttpRequestMessage message, HttpCompletionOption completionOption, Object userState, CancellationToken cancellationToken)
   at Sdk.WebApi.WebApi.RawHttpClientBase.SendAsync(HttpMethod method, Uri requestUri, HttpContent content, IEnumerable`1 queryParameters, Object userState, CancellationToken cancellationToken)
   at Sdk.WebApi.WebApi.RawHttpClientBase.Send2Async(HttpMethod method, Uri requestUri, HttpContent content, IEnumerable`1 queryParameters, Object userState, CancellationToken cancellationToken)
   at GitHub.Actions.RunService.WebApi.RunServiceHttpClient.CompleteJobAsync(Uri requestUri, Guid planId, Guid jobId, TaskResult conclusion, Dictionary`2 outputs, IList`1 stepResults, IList`1 jobAnnotations, String environmentUrl, IList`1 telemetry, String billingOwnerId, String infrastructureFailureCategory, CancellationToken cancellationToken)
   at GitHub.Runner.Common.RunServer.<>c__DisplayClass7_0.<<CompleteJobAsync>b__0>d.MoveNext()
--- End of stack trace from previous location ---
   at GitHub.Runner.Common.RunnerService.<>c__DisplayClass12_0.<<RetryRequest>g__wrappedFunc|0>d.MoveNext()
--- End of stack trace from previous location ---
   at GitHub.Runner.Common.RunnerService.RetryRequest[T](Func`1 func, CancellationToken cancellationToken, Int32 maxAttempts, Func`2 shouldRetry)
[2025-11-13 23:18:12Z ERR  RunServer] #####################################################
[2025-11-13 23:18:12Z ERR  RunServer] System.Net.Sockets.SocketException (11001): Este host não é conhecido.
   at System.Net.Sockets.Socket.AwaitableSocketAsyncEventArgs.ThrowException(SocketError error, CancellationToken cancellationToken)
   at System.Net.Sockets.Socket.AwaitableSocketAsyncEventArgs.System.Threading.Tasks.Sources.IValueTaskSource.GetResult(Int16 token)
   at System.Net.Sockets.Socket.<ConnectAsync>g__WaitForConnectWithCancellation|285_0(AwaitableSocketAsyncEventArgs saea, ValueTask connectTask, CancellationToken cancellationToken)
   at System.Net.Http.HttpConnectionPool.ConnectToTcpHostAsync(String host, Int32 port, HttpRequestMessage initialRequest, Boolean async, CancellationToken cancellationToken)
[2025-11-13 23:18:12Z WARN RunServer] Back off 13,036 seconds before next retry. 4 attempt left.
[2025-11-13 23:18:25Z ERR  GitHubActionsService] POST request to https://run-actions-1-azure-eastus.actions.githubusercontent.com/85/completejob failed. System.Net.Http.HttpRequestException: Este host não é conhecido. (run-actions-1-azure-eastus.actions.githubusercontent.com:443)
 ---> System.Net.Sockets.SocketException (11001): Este host não é conhecido.
   at System.Net.Sockets.Socket.AwaitableSocketAsyncEventArgs.ThrowException(SocketError error, CancellationToken cancellationToken)
   at System.Net.Sockets.Socket.AwaitableSocketAsyncEventArgs.System.Threading.Tasks.Sources.IValueTaskSource.GetResult(Int16 token)
   at System.Net.Sockets.Socket.<ConnectAsync>g__WaitForConnectWithCancellation|285_0(AwaitableSocketAsyncEventArgs saea, ValueTask connectTask, CancellationToken cancellationToken)
   at System.Net.Http.HttpConnectionPool.ConnectToTcpHostAsync(String host, Int32 port, HttpRequestMessage initialRequest, Boolean async, CancellationToken cancellationToken)
   --- End of inner exception stack trace ---
   at System.Net.Http.HttpConnectionPool.ConnectToTcpHostAsync(String host, Int32 port, HttpRequestMessage initialRequest, Boolean async, CancellationToken cancellationToken)
   at System.Net.Http.HttpConnectionPool.ConnectAsync(HttpRequestMessage request, Boolean async, CancellationToken cancellationToken)
   at System.Net.Http.HttpConnectionPool.CreateHttp11ConnectionAsync(HttpRequestMessage request, Boolean async, CancellationToken cancellationToken)
   at System.Net.Http.HttpConnectionPool.AddHttp11ConnectionAsync(QueueItem queueItem)
   at System.Threading.Tasks.TaskCompletionSourceWithCancellation`1.WaitWithCancellationAsync(CancellationToken cancellationToken)
   at System.Net.Http.HttpConnectionPool.SendWithVersionDetectionAndRetryAsync(HttpRequestMessage request, Boolean async, Boolean doRequestAuth, CancellationToken cancellationToken)
   at System.Net.Http.AuthenticationHelper.SendWithAuthAsync(HttpRequestMessage request, Uri authUri, Boolean async, ICredentials credentials, Boolean preAuthenticate, Boolean isProxyAuth, Boolean doRequestAuth, HttpConnectionPool pool, CancellationToken cancellationToken)
   at System.Net.Http.RedirectHandler.SendAsync(HttpRequestMessage request, Boolean async, CancellationToken cancellationToken)
   at GitHub.Services.Common.RawHttpMessageHandler.SendAsync(HttpRequestMessage request, CancellationToken cancellationToken)
   at GitHub.Services.Common.VssHttpRetryMessageHandler.SendAsync(HttpRequestMessage request, CancellationToken cancellationToken)
[2025-11-13 23:18:25Z ERR  RunServer] Catch exception during request
[2025-11-13 23:18:25Z ERR  RunServer] System.Net.Http.HttpRequestException: Este host não é conhecido. (run-actions-1-azure-eastus.actions.githubusercontent.com:443)
 ---> System.Net.Sockets.SocketException (11001): Este host não é conhecido.
   at System.Net.Sockets.Socket.AwaitableSocketAsyncEventArgs.ThrowException(SocketError error, CancellationToken cancellationToken)
   at System.Net.Sockets.Socket.AwaitableSocketAsyncEventArgs.System.Threading.Tasks.Sources.IValueTaskSource.GetResult(Int16 token)
   at System.Net.Sockets.Socket.<ConnectAsync>g__WaitForConnectWithCancellation|285_0(AwaitableSocketAsyncEventArgs saea, ValueTask connectTask, CancellationToken cancellationToken)
   at System.Net.Http.HttpConnectionPool.ConnectToTcpHostAsync(String host, Int32 port, HttpRequestMessage initialRequest, Boolean async, CancellationToken cancellationToken)
   --- End of inner exception stack trace ---
   at GitHub.Services.Common.VssHttpRetryMessageHandler.SendAsync(HttpRequestMessage request, CancellationToken cancellationToken)
   at System.Net.Http.HttpClient.<SendAsync>g__Core|83_0(HttpRequestMessage request, HttpCompletionOption completionOption, CancellationTokenSource cts, Boolean disposeCts, CancellationTokenSource pendingRequestsCts, CancellationToken originalCancellationToken)
   at Sdk.WebApi.WebApi.RawHttpClientBase.SendAsync(HttpRequestMessage message, HttpCompletionOption completionOption, Object userState, CancellationToken cancellationToken)
   at Sdk.WebApi.WebApi.RawHttpClientBase.SendAsync(HttpMethod method, Uri requestUri, HttpContent content, IEnumerable`1 queryParameters, Object userState, CancellationToken cancellationToken)
   at Sdk.WebApi.WebApi.RawHttpClientBase.Send2Async(HttpMethod method, Uri requestUri, HttpContent content, IEnumerable`1 queryParameters, Object userState, CancellationToken cancellationToken)
   at GitHub.Actions.RunService.WebApi.RunServiceHttpClient.CompleteJobAsync(Uri requestUri, Guid planId, Guid jobId, TaskResult conclusion, Dictionary`2 outputs, IList`1 stepResults, IList`1 jobAnnotations, String environmentUrl, IList`1 telemetry, String billingOwnerId, String infrastructureFailureCategory, CancellationToken cancellationToken)
   at GitHub.Runner.Common.RunServer.<>c__DisplayClass7_0.<<CompleteJobAsync>b__0>d.MoveNext()
--- End of stack trace from previous location ---
   at GitHub.Runner.Common.RunnerService.<>c__DisplayClass12_0.<<RetryRequest>g__wrappedFunc|0>d.MoveNext()
--- End of stack trace from previous location ---
   at GitHub.Runner.Common.RunnerService.RetryRequest[T](Func`1 func, CancellationToken cancellationToken, Int32 maxAttempts, Func`2 shouldRetry)
[2025-11-13 23:18:25Z ERR  RunServer] #####################################################
[2025-11-13 23:18:25Z ERR  RunServer] System.Net.Sockets.SocketException (11001): Este host não é conhecido.
   at System.Net.Sockets.Socket.AwaitableSocketAsyncEventArgs.ThrowException(SocketError error, CancellationToken cancellationToken)
   at System.Net.Sockets.Socket.AwaitableSocketAsyncEventArgs.System.Threading.Tasks.Sources.IValueTaskSource.GetResult(Int16 token)
   at System.Net.Sockets.Socket.<ConnectAsync>g__WaitForConnectWithCancellation|285_0(AwaitableSocketAsyncEventArgs saea, ValueTask connectTask, CancellationToken cancellationToken)
   at System.Net.Http.HttpConnectionPool.ConnectToTcpHostAsync(String host, Int32 port, HttpRequestMessage initialRequest, Boolean async, CancellationToken cancellationToken)
[2025-11-13 23:18:25Z WARN RunServer] Back off 9,184 seconds before next retry. 3 attempt left.
[2025-11-13 23:18:35Z INFO Worker] Job completed.
