[2025-11-13 23:38:37Z INFO HostContext] No proxy settings were found based on environmental variables (http_proxy/https_proxy/HTTP_PROXY/HTTPS_PROXY)
[2025-11-13 23:38:37Z INFO HostContext] Well known directory 'Bin': 'C:\Trabalho\actions-runner\bin'
[2025-11-13 23:38:37Z INFO HostContext] Well known directory 'Root': 'C:\Trabalho\actions-runner'
[2025-11-13 23:38:37Z INFO HostContext] Well known config file 'Credentials': 'C:\Trabalho\actions-runner\.credentials'
[2025-11-13 23:38:38Z INFO HostContext] Well known directory 'Bin': 'C:\Trabalho\actions-runner\bin'
[2025-11-13 23:38:38Z INFO HostContext] Well known directory 'Root': 'C:\Trabalho\actions-runner'
[2025-11-13 23:38:38Z INFO HostContext] Well known config file 'Runner': 'C:\Trabalho\actions-runner\.runner'
[2025-11-13 23:38:38Z INFO Worker] Version: 2.329.0
[2025-11-13 23:38:38Z INFO Worker] Commit: c76c59996c8fa32e989164a5a695efb12608ae5a
[2025-11-13 23:38:38Z INFO Worker] Culture: pt-BR
[2025-11-13 23:38:38Z INFO Worker] UI Culture: pt-BR
[2025-11-13 23:38:38Z INFO Worker] Waiting to receive the job message from the channel.
[2025-11-13 23:38:38Z INFO ProcessChannel] Receiving message of length 40148, with hash '25f61d39de900b1c3aee39130d4149caef7d63b7cd79d814b701e437e7ad38f0'
[2025-11-13 23:38:38Z INFO Worker] Message received.
[2025-11-13 23:38:39Z INFO Worker] Job message:
 {
  "fileTable": [
    ".github/workflows/cd.yml"
  ],
  "mask": [
    {
      "type": "regex",
      "value": "***"
    },
    {
      "type": "regex",
      "value": "***"
    },
    {
      "type": "regex",
      "value": "***"
    },
    {
      "type": "regex",
      "value": "***"
    },
    {
      "type": "regex",
      "value": "***"
    },
    {
      "type": "regex",
      "value": "***"
    },
    {
      "type": "regex",
      "value": "***"
    },
    {
      "type": "regex",
      "value": "***"
    },
    {
      "type": "regex",
      "value": "***"
    },
    {
      "type": "regex",
      "value": "***"
    },
    {
      "type": "regex",
      "value": "***"
    },
    {
      "type": "regex",
      "value": "***"
    },
    {
      "type": "regex",
      "value": "***"
    },
    {
      "type": "regex",
      "value": "***"
    },
    {
      "type": "regex",
      "value": "***"
    },
    {
      "type": "regex",
      "value": "***"
    },
    {
      "type": "regex",
      "value": "***"
    },
    {
      "type": "regex",
      "value": "***"
    }
  ],
  "steps": [
    {
      "type": "action",
      "reference": {
        "type": "repository",
        "name": "actions/checkout",
        "ref": "v4",
        "repositoryType": "GitHub"
      },
      "displayNameToken": {
        "type": 0,
        "file": 1,
        "line": 22,
        "col": 15,
        "lit": "Checkout"
      },
      "contextName": "__actions_checkout",
      "condition": "success()",
      "id": "7f6cb8f7-5fc4-4917-8f56-21873d81e17b",
      "name": "__actions_checkout"
    },
    {
      "type": "action",
      "reference": {
        "type": "script"
      },
      "displayNameToken": {
        "type": 0,
        "file": 1,
        "line": 25,
        "col": 15,
        "lit": "Set vars"
      },
      "contextName": "vars",
      "inputs": {
        "type": 2,
        "map": [
          {
            "key": "script",
            "value": {
              "type": 3,
              "file": 1,
              "line": 28,
              "col": 14,
              "expr": "format('\"IMAGE=jacksonugv/trabalho\" >> $env:GITHUB_OUTPUT\n\n# SHA do workflow de CI que terminou\n$sha = \"{0}\"\n\"TAG_SHA=$($sha.Substring(0,7))\" >> $env:GITHUB_OUTPUT\n\n$ns = \"{1}\"\nif ([string]::IsNullOrWhiteSpace($ns)) {{ $ns = \"***\" }}\n\"NAMESPACE=$ns\" >> $env:GITHUB_OUTPUT\n', github.event.workflow_run.head_sha, secrets.K8S_NAMESPACE)"
            }
          },
          {
            "key": "shell",
            "value": {
              "type": 0,
              "file": 1,
              "line": 27,
              "col": 16,
              "lit": "powershell"
            }
          }
        ]
      },
      "condition": "success()",
      "id": "ae2e2dc7-1d3a-4d0b-906d-2955abca155a",
      "name": "vars"
    },
    {
      "type": "action",
      "reference": {
        "type": "script"
      },
      "displayNameToken": {
        "type": 0,
        "file": 1,
        "line": 40,
        "col": 15,
        "lit": "Ensure kubectl"
      },
      "contextName": "__run",
      "inputs": {
        "type": 2,
        "map": [
          {
            "key": "script",
            "value": {
              "type": 0,
              "file": 1,
              "line": 42,
              "col": 14,
              "lit": "$ErrorActionPreference = 'Stop'\nif (-not (Get-Command kubectl -ErrorAction SilentlyContinue)) {\n  Write-Host \"kubectl não encontrado. Instalando...\"\n  Invoke-WebRequest -UseBasicParsing -Uri https://dl.k8s.io/release/stable.txt -OutFile stable.txt\n  $ver = Get-Content stable.txt\n  $url = \"https://dl.k8s.io/release/$ver/bin/windows/amd64/kubectl.exe\"\n  $bin = Join-Path $env:RUNNER_TEMP \"bin\"\n  New-Item -ItemType Directory -Force -Path $bin | Out-Null\n  Invoke-WebRequest -UseBasicParsing -Uri $url -OutFile (Join-Path $bin \"kubectl.exe\")\n  \"$bin\" | Out-File -FilePath $env:GITHUB_PATH -Encoding ascii -Append\n}\nkubectl version --client=true\n"
            }
          },
          {
            "key": "shell",
            "value": {
              "type": 0,
              "file": 1,
              "line": 41,
              "col": 16,
              "lit": "powershell"
            }
          }
        ]
      },
      "condition": "success()",
      "id": "adcd2cee-10e8-428a-b839-7d4405d590b3",
      "name": "__run"
    },
    {
      "type": "action",
      "reference": {
        "type": "script"
      },
      "displayNameToken": {
        "type": 0,
        "file": 1,
        "line": 57,
        "col": 15,
        "lit": "Ensure Minikube running"
      },
      "contextName": "__run_2",
      "inputs": {
        "type": 2,
        "map": [
          {
            "key": "script",
            "value": {
              "type": 0,
              "file": 1,
              "line": 59,
              "col": 14,
              "lit": "$ErrorActionPreference = 'Stop'\n\nif (-not (Get-Command minikube -ErrorAction SilentlyContinue)) {\n  throw \"Minikube não está instalado no runner. Instale no mesmo host.\"\n}\n\n# Driver preferível\n$driver = \"docker\"\nif (-not (Get-Command docker -ErrorAction SilentlyContinue)) {\n  $driver = \"hyperv\"\n}\n\n# Verifica se já está rodando\n$ok = $false\ntry {\n  $st = minikube status --output=json | ConvertFrom-Json\n  if ($st.Host -eq 'Running' -and $st.Kubelet -eq 'Running' -and $st.APIServer -eq 'Running') { $ok = $true }\n} catch { }\n\nif (-not $ok) {\n  Write-Host \"Iniciando Minikube (--driver=$driver)...\"\n  minikube start --driver=$driver\n}\n\n# Garante kubeconfig do minikube e contexto\nminikube update-context\n\n$ctx = kubectl config current-context\nWrite-Host \"Contexto atual: $ctx\"\n$server = kubectl config view --minify -o jsonpath='{.clusters[0].cluster.server}'\nWrite-Host \"API Server: $server\"\n"
            }
          },
          {
            "key": "shell",
            "value": {
              "type": 0,
              "file": 1,
              "line": 58,
              "col": 16,
              "lit": "powershell"
            }
          }
        ]
      },
      "condition": "success()",
      "id": "ad9aa84e-0b4e-4669-bfbd-f919dd5f2c10",
      "name": "__run_2"
    },
    {
      "type": "action",
      "reference": {
        "type": "script"
      },
      "displayNameToken": {
        "type": 0,
        "file": 1,
        "line": 93,
        "col": 15,
        "lit": "Wait for API server (healthz)"
      },
      "contextName": "__run_3",
      "inputs": {
        "type": 2,
        "map": [
          {
            "key": "script",
            "value": {
              "type": 0,
              "file": 1,
              "line": 95,
              "col": 14,
              "lit": "$ErrorActionPreference = 'Stop'\n$max = 20\nfor ($i=1; $i -le $max; $i++) {\n  try {\n    $h = kubectl get --raw=/healthz 2>$null\n    if ($LASTEXITCODE -eq 0 -and $h -match \"ok\") {\n      Write-Host \"API Server OK\"; break\n    }\n  } catch { }\n  Write-Host \"Aguardando API Server ($i/$max)...\"\n  Start-Sleep -Seconds 3\n  if ($i -eq $max) { throw \"API Server indisponível (timeout).\" }\n}\nkubectl cluster-info\nkubectl get nodes -o wide\n"
            }
          },
          {
            "key": "shell",
            "value": {
              "type": 0,
              "file": 1,
              "line": 94,
              "col": 16,
              "lit": "powershell"
            }
          }
        ]
      },
      "condition": "success()",
      "id": "8608e45d-15fc-4807-a53b-a5782e946d5c",
      "name": "__run_3"
    },
    {
      "type": "action",
      "reference": {
        "type": "script"
      },
      "displayNameToken": {
        "type": 0,
        "file": 1,
        "line": 113,
        "col": 15,
        "lit": "Create namespace if not exists"
      },
      "contextName": "__run_4",
      "environment": {
        "type": 2,
        "file": 1,
        "line": 116,
        "col": 11,
        "map": [
          {
            "key": {
              "type": 0,
              "file": 1,
              "line": 116,
              "col": 11,
              "lit": "NS"
            },
            "value": {
              "type": 3,
              "file": 1,
              "line": 116,
              "col": 15,
              "expr": "steps.vars.outputs.NAMESPACE"
            }
          }
        ]
      },
      "inputs": {
        "type": 2,
        "map": [
          {
            "key": "script",
            "value": {
              "type": 0,
              "file": 1,
              "line": 117,
              "col": 14,
              "lit": "kubectl get ns $env:NS *> $null\nif ($LASTEXITCODE -ne 0) { kubectl create ns $env:NS }\nkubectl get ns $env:NS\n"
            }
          },
          {
            "key": "shell",
            "value": {
              "type": 0,
              "file": 1,
              "line": 114,
              "col": 16,
              "lit": "powershell"
            }
          }
        ]
      },
      "condition": "success()",
      "id": "b4d5fd9c-2b32-47b1-a887-a6c338e66cbd",
      "name": "__run_4"
    },
    {
      "type": "action",
      "reference": {
        "type": "script"
      },
      "displayNameToken": {
        "type": 0,
        "file": 1,
        "line": 123,
        "col": 15,
        "lit": "Apply base manifests"
      },
      "contextName": "__run_5",
      "environment": {
        "type": 2,
        "file": 1,
        "line": 126,
        "col": 11,
        "map": [
          {
            "key": {
              "type": 0,
              "file": 1,
              "line": 126,
              "col": 11,
              "lit": "NS"
            },
            "value": {
              "type": 3,
              "file": 1,
              "line": 126,
              "col": 15,
              "expr": "steps.vars.outputs.NAMESPACE"
            }
          }
        ]
      },
      "inputs": {
        "type": 2,
        "map": [
          {
            "key": "script",
            "value": {
              "type": 0,
              "file": 1,
              "line": 127,
              "col": 14,
              "lit": "$ErrorActionPreference = 'Continue'\n\n$files = @(\n  \"k8s/service.yaml\",\n  \"k8s/prometheus-deployment.yaml\",\n  \"k8s/grafana-deployment.yaml\",\n  \"k8s/nginx-deployment.yaml\",\n  \"k8s/nginx-service.yaml\",\n  \"k8s/prometheus-config.yaml\"\n)\n\nforeach ($f in $files) {\n  if (Test-Path $f) {\n    Write-Host \"Aplicando $f...\"\n    kubectl apply -n $env:NS -f $f\n    if ($LASTEXITCODE -ne 0) {\n      Write-Host \"⚠ Falha ao aplicar $f, continuando...\"\n    }\n  } else {\n    Write-Host \"⚠ Arquivo não encontrado: $f (ignorando).\"\n  }\n}\n"
            }
          },
          {
            "key": "shell",
            "value": {
              "type": 0,
              "file": 1,
              "line": 124,
              "col": 16,
              "lit": "powershell"
            }
          }
        ]
      },
      "condition": "success()",
      "id": "0be5f30b-06b0-45d2-8d81-c8087bb3e0d7",
      "name": "__run_5"
    },
    {
      "type": "action",
      "reference": {
        "type": "script"
      },
      "displayNameToken": {
        "type": 0,
        "file": 1,
        "line": 152,
        "col": 15,
        "lit": "Apply app deployment"
      },
      "contextName": "__run_6",
      "environment": {
        "type": 2,
        "file": 1,
        "line": 155,
        "col": 11,
        "map": [
          {
            "key": {
              "type": 0,
              "file": 1,
              "line": 155,
              "col": 11,
              "lit": "NS"
            },
            "value": {
              "type": 3,
              "file": 1,
              "line": 155,
              "col": 15,
              "expr": "steps.vars.outputs.NAMESPACE"
            }
          }
        ]
      },
      "inputs": {
        "type": 2,
        "map": [
          {
            "key": "script",
            "value": {
              "type": 0,
              "file": 1,
              "line": 156,
              "col": 14,
              "lit": "kubectl apply -n $env:NS -f k8s/deployment.yaml\n"
            }
          },
          {
            "key": "shell",
            "value": {
              "type": 0,
              "file": 1,
              "line": 153,
              "col": 16,
              "lit": "powershell"
            }
          }
        ]
      },
      "condition": "success()",
      "id": "9ce5388d-b63f-4662-be31-97b3df8f312c",
      "name": "__run_6"
    },
    {
      "type": "action",
      "reference": {
        "type": "script"
      },
      "displayNameToken": {
        "type": 0,
        "file": 1,
        "line": 159,
        "col": 15,
        "lit": "Set image to new tag"
      },
      "contextName": "__run_7",
      "environment": {
        "type": 2,
        "file": 1,
        "line": 162,
        "col": 11,
        "map": [
          {
            "key": {
              "type": 0,
              "file": 1,
              "line": 162,
              "col": 11,
              "lit": "NS"
            },
            "value": {
              "type": 3,
              "file": 1,
              "line": 162,
              "col": 16,
              "expr": "steps.vars.outputs.NAMESPACE"
            }
          },
          {
            "key": {
              "type": 0,
              "file": 1,
              "line": 163,
              "col": 11,
              "lit": "IMG"
            },
            "value": {
              "type": 3,
              "file": 1,
              "line": 163,
              "col": 16,
              "expr": "steps.vars.outputs.IMAGE"
            }
          },
          {
            "key": {
              "type": 0,
              "file": 1,
              "line": 164,
              "col": 11,
              "lit": "TAG"
            },
            "value": {
              "type": 3,
              "file": 1,
              "line": 164,
              "col": 16,
              "expr": "steps.vars.outputs.TAG_SHA"
            }
          }
        ]
      },
      "inputs": {
        "type": 2,
        "map": [
          {
            "key": "script",
            "value": {
              "type": 0,
              "file": 1,
              "line": 165,
              "col": 14,
              "lit": "kubectl set image deployment/trabalho trabalho=\"$env:IMG:$env:TAG\" -n $env:NS\n"
            }
          },
          {
            "key": "shell",
            "value": {
              "type": 0,
              "file": 1,
              "line": 160,
              "col": 16,
              "lit": "powershell"
            }
          }
        ]
      },
      "condition": "success()",
      "id": "51973d0f-baa5-4f85-a7a2-e8b28147834e",
      "name": "__run_7"
    },
    {
      "type": "action",
      "reference": {
        "type": "script"
      },
      "displayNameToken": {
        "type": 0,
        "file": 1,
        "line": 168,
        "col": 15,
        "lit": "Wait rollout"
      },
      "contextName": "__run_8",
      "environment": {
        "type": 2,
        "file": 1,
        "line": 171,
        "col": 11,
        "map": [
          {
            "key": {
              "type": 0,
              "file": 1,
              "line": 171,
              "col": 11,
              "lit": "NS"
            },
            "value": {
              "type": 3,
              "file": 1,
              "line": 171,
              "col": 15,
              "expr": "steps.vars.outputs.NAMESPACE"
            }
          }
        ]
      },
      "inputs": {
        "type": 2,
        "map": [
          {
            "key": "script",
            "value": {
              "type": 0,
              "file": 1,
              "line": 172,
              "col": 14,
              "lit": "kubectl rollout status deployment/trabalho -n $env:NS --timeout=180s\n"
            }
          },
          {
            "key": "shell",
            "value": {
              "type": 0,
              "file": 1,
              "line": 169,
              "col": 16,
              "lit": "powershell"
            }
          }
        ]
      },
      "condition": "success()",
      "id": "322577e1-f103-4391-a897-bb83858f6b6f",
      "name": "__run_8"
    },
    {
      "type": "action",
      "reference": {
        "type": "script"
      },
      "displayNameToken": {
        "type": 0,
        "file": 1,
        "line": 175,
        "col": 15,
        "lit": "Show services/pods"
      },
      "contextName": "__run_9",
      "environment": {
        "type": 2,
        "file": 1,
        "line": 178,
        "col": 11,
        "map": [
          {
            "key": {
              "type": 0,
              "file": 1,
              "line": 178,
              "col": 11,
              "lit": "NS"
            },
            "value": {
              "type": 3,
              "file": 1,
              "line": 178,
              "col": 15,
              "expr": "steps.vars.outputs.NAMESPACE"
            }
          }
        ]
      },
      "inputs": {
        "type": 2,
        "map": [
          {
            "key": "script",
            "value": {
              "type": 0,
              "file": 1,
              "line": 179,
              "col": 14,
              "lit": "kubectl get svc -n $env:NS\nkubectl get deploy -n $env:NS\nkubectl get pods -o wide -n $env:NS\n"
            }
          },
          {
            "key": "shell",
            "value": {
              "type": 0,
              "file": 1,
              "line": 176,
              "col": 16,
              "lit": "powershell"
            }
          }
        ]
      },
      "condition": "success()",
      "id": "dbbea623-cf20-4874-8730-8c3425799d0d",
      "name": "__run_9"
    }
  ],
  "variables": {
    "Actions.EnableHttpRedirects": {
      "value": "true"
    },
    "DistributedTask.AddWarningToNode12Action": {
      "value": "true"
    },
    "DistributedTask.AddWarningToNode16Action": {
      "value": "true"
    },
    "DistributedTask.AllowRunnerContainerHooks": {
      "value": "true"
    },
    "DistributedTask.DeprecateStepOutputCommands": {
      "value": "true"
    },
    "DistributedTask.DetailUntarFailure": {
      "value": "true"
    },
    "DistributedTask.EnableCompositeActions": {
      "value": "true"
    },
    "DistributedTask.EnableJobServerQueueTelemetry": {
      "value": "true"
    },
    "DistributedTask.EnhancedAnnotations": {
      "value": "true"
    },
    "DistributedTask.ForceGithubJavascriptActionsToNode16": {
      "value": "true"
    },
    "DistributedTask.ForceGithubJavascriptActionsToNode20": {
      "value": "true"
    },
    "DistributedTask.LogTemplateErrorsAsDebugMessages": {
      "value": "true"
    },
    "DistributedTask.MarkJobAsFailedOnWorkerCrash": {
      "value": "true"
    },
    "DistributedTask.NewActionMetadata": {
      "value": "true"
    },
    "DistributedTask.UploadStepSummary": {
      "value": "true"
    },
    "DistributedTask.UseActionArchiveCache": {
      "value": "true"
    },
    "DistributedTask.UseWhich2": {
      "value": "true"
    },
    "K8S_NAMESPACE": {
      "value": "***",
      "isSecret": true
    },
    "RunService.FixEmbeddedIssues": {
      "value": "true"
    },
    "actions_add_check_run_id_to_job_context": {
      "value": "true"
    },
    "actions_container_action_runner_temp": {
      "value": "false"
    },
    "actions_display_helpful_actions_download_errors": {
      "value": "true"
    },
    "actions_skip_retry_complete_job_upon_known_errors": {
      "value": "true"
    },
    "actions_uses_cache_service_v2": {
      "value": "true"
    },
    "github_token": {
      "value": "***",
      "isSecret": true
    },
    "system.from_run_service": {
      "value": "true"
    },
    "system.github.job": {
      "value": "deploy"
    },
    "system.github.launch_endpoint": {
      "value": "https://launch.actions.githubusercontent.com"
    },
    "system.github.results_endpoint": {
      "value": "https://results-receiver.actions.githubusercontent.com/"
    },
    "system.github.results_upload_with_sdk": {
      "value": "true"
    },
    "system.github.token": {
      "value": "***",
      "isSecret": true
    },
    "system.github.token.permissions": {
      "value": "{\"Contents\":\"read\",\"Metadata\":\"read\"}"
    },
    "system.orchestrationId": {
      "value": "4931e80d-852a-4950-82d2-b86d0516d641.deploy.__***"
    },
    "system.phaseDisplayName": {
      "value": "deploy"
    },
    "system.runner.lowdiskspacethreshold": {
      "value": "100"
    },
    "system.runnerEnvironment": {
      "value": "self-hosted"
    },
    "system.runnerGroupName": {
      "value": "Default"
    }
  },
  "messageType": "RunnerJobRequest",
  "plan": {
    "scopeIdentifier": "00000000-0000-0000-0000-000000000000",
    "planType": "actions",
    "version": 0,
    "planId": "4931e80d-852a-4950-82d2-b86d0516d641",
    "planGroup": null,
    "artifactUri": null,
    "artifactLocation": null,
    "definition": null,
    "owner": null
  },
  "timeline": {
    "id": "4931e80d-852a-4950-82d2-b86d0516d641",
    "changeId": 0,
    "location": null
  },
  "jobId": "a718d3fe-f9df-5935-932b-6f39a8748c07",
  "jobDisplayName": "deploy",
  "jobName": "__***",
  "requestId": 0,
  "lockedUntil": "0001-01-01T00:00:00",
  "resources": {
    "endpoints": [
      {
        "data": {
          "ServerId": "",
          "ServerName": "",
          "CacheServerUrl": "https://artifactcache.actions.githubusercontent.com/8JPZzNWccmXB7pq2VFBusNDSXBCXxapWLLJA8jAevyJ7azicMC/",
          "FeedStreamUrl": "wss://results-receiver.actions.githubusercontent.com/_ws/ingest.sock",
          "ResultsServiceUrl": "https://results-receiver.actions.githubusercontent.com/",
          "PipelinesServiceUrl": "https://pipelinesghubeus24.actions.githubusercontent.com/8JPZzNWccmXB7pq2VFBusNDSXBCXxapWLLJA8jAevyJ7azicMC/",
          "GenerateIdTokenUrl": ""
        },
        "name": "SystemVssConnection",
        "url": "https://run-actions-1-azure-eastus.actions.githubusercontent.com/83/",
        "authorization": {
          "parameters": {
            "AccessToken": "***"
          },
          "scheme": "OAuth"
        },
        "isShared": false,
        "isReady": true
      }
    ]
  },
  "contextData": {
    "github": {
      "t": 2,
      "d": [
        {
          "k": "ref",
          "v": "refs/heads/main"
        },
        {
          "k": "sha",
          "v": "ea61ca80e364090f658e99c9c0e78353e5564c2e"
        },
        {
          "k": "repository",
          "v": "potinhek/Trabalho"
        },
        {
          "k": "repository_owner",
          "v": "potinhek"
        },
        {
          "k": "repository_owner_id",
          "v": "127362942"
        },
        {
          "k": "repositoryUrl",
          "v": "git://github.com/potinhek/Trabalho.git"
        },
        {
          "k": "run_id",
          "v": "19349265212"
        },
        {
          "k": "run_number",
          "v": "20"
        },
        {
          "k": "retention_days",
          "v": "90"
        },
        {
          "k": "run_attempt",
          "v": "1"
        },
        {
          "k": "artifact_cache_size_limit",
          "v": "10"
        },
        {
          "k": "repository_visibility",
          "v": "public"
        },
        {
          "k": "actor_id",
          "v": "127362942"
        },
        {
          "k": "actor",
          "v": "potinhek"
        },
        {
          "k": "workflow",
          "v": "CD - Deploy to Kubernetes (Self-Hosted)"
        },
        {
          "k": "head_ref",
          "v": ""
        },
        {
          "k": "base_ref",
          "v": ""
        },
        {
          "k": "event_name",
          "v": "workflow_run"
        },
        {
          "k": "server_url",
          "v": "https://github.com"
        },
        {
          "k": "api_url",
          "v": "https://api.github.com"
        },
        {
          "k": "graphql_url",
          "v": "https://api.github.com/graphql"
        },
        {
          "k": "ref_name",
          "v": "main"
        },
        {
          "k": "ref_protected",
          "v": false
        },
        {
          "k": "ref_type",
          "v": "branch"
        },
        {
          "k": "secret_source",
          "v": "Actions"
        },
        {
          "k": "event",
          "v": {
            "t": 2,
            "d": [
              {
                "k": "action",
                "v": "completed"
              },
              {
                "k": "repository",
                "v": {
                  "t": 2,
                  "d": [
                    {
                      "k": "allow_forking",
                      "v": true
                    },
                    {
                      "k": "archive_url",
                      "v": "https://api.github.com/repos/potinhek/Trabalho/{archive_format}{/ref}"
                    },
                    {
                      "k": "archived",
                      "v": false
                    },
                    {
                      "k": "assignees_url",
                      "v": "https://api.github.com/repos/potinhek/Trabalho/assignees{/user}"
                    },
                    {
                      "k": "blobs_url",
                      "v": "https://api.github.com/repos/potinhek/Trabalho/git/blobs{/sha}"
                    },
                    {
                      "k": "branches_url",
                      "v": "https://api.github.com/repos/potinhek/Trabalho/branches{/branch}"
                    },
                    {
                      "k": "clone_url",
                      "v": "https://github.com/potinhek/Trabalho.git"
                    },
                    {
                      "k": "collaborators_url",
                      "v": "https://api.github.com/repos/potinhek/Trabalho/collaborators{/collaborator}"
                    },
                    {
                      "k": "comments_url",
                      "v": "https://api.github.com/repos/potinhek/Trabalho/comments{/number}"
                    },
                    {
                      "k": "commits_url",
                      "v": "https://api.github.com/repos/potinhek/Trabalho/commits{/sha}"
                    },
                    {
                      "k": "compare_url",
                      "v": "https://api.github.com/repos/potinhek/Trabalho/compare/{base}...{head}"
                    },
                    {
                      "k": "contents_url",
                      "v": "https://api.github.com/repos/potinhek/Trabalho/contents/{+path}"
                    },
                    {
                      "k": "contributors_url",
                      "v": "https://api.github.com/repos/potinhek/Trabalho/contributors"
                    },
                    {
                      "k": "created_at",
                      "v": "2025-10-31T22:59:52Z"
                    },
                    {
                      "k": "***_branch",
                      "v": "main"
                    },
                    {
                      "k": "deployments_url",
                      "v": "https://api.github.com/repos/potinhek/Trabalho/deployments"
                    },
                    {
                      "k": "description",
                      "v": null
                    },
                    {
                      "k": "disabled",
                      "v": false
                    },
                    {
                      "k": "downloads_url",
                      "v": "https://api.github.com/repos/potinhek/Trabalho/downloads"
                    },
                    {
                      "k": "events_url",
                      "v": "https://api.github.com/repos/potinhek/Trabalho/events"
                    },
                    {
                      "k": "fork",
                      "v": false
                    },
                    {
                      "k": "forks",
                      "v": 0.0
                    },
                    {
                      "k": "forks_count",
                      "v": 0.0
                    },
                    {
                      "k": "forks_url",
                      "v": "https://api.github.com/repos/potinhek/Trabalho/forks"
                    },
                    {
                      "k": "full_name",
                      "v": "potinhek/Trabalho"
                    },
                    {
                      "k": "git_commits_url",
                      "v": "https://api.github.com/repos/potinhek/Trabalho/git/commits{/sha}"
                    },
                    {
                      "k": "git_refs_url",
                      "v": "https://api.github.com/repos/potinhek/Trabalho/git/refs{/sha}"
                    },
                    {
                      "k": "git_tags_url",
                      "v": "https://api.github.com/repos/potinhek/Trabalho/git/tags{/sha}"
                    },
                    {
                      "k": "git_url",
                      "v": "git://github.com/potinhek/Trabalho.git"
                    },
                    {
                      "k": "has_discussions",
                      "v": false
                    },
                    {
                      "k": "has_downloads",
                      "v": true
                    },
                    {
                      "k": "has_issues",
                      "v": true
                    },
                    {
                      "k": "has_pages",
                      "v": false
                    },
                    {
                      "k": "has_projects",
                      "v": true
                    },
                    {
                      "k": "has_wiki",
                      "v": true
                    },
                    {
                      "k": "homepage",
                      "v": null
                    },
                    {
                      "k": "hooks_url",
                      "v": "https://api.github.com/repos/potinhek/Trabalho/hooks"
                    },
                    {
                      "k": "html_url",
                      "v": "https://github.com/potinhek/Trabalho"
                    },
                    {
                      "k": "id",
                      "v": 1087436599.0
                    },
                    {
                      "k": "is_template",
                      "v": false
                    },
                    {
                      "k": "issue_comment_url",
                      "v": "https://api.github.com/repos/potinhek/Trabalho/issues/comments{/number}"
                    },
                    {
                      "k": "issue_events_url",
                      "v": "https://api.github.com/repos/potinhek/Trabalho/issues/events{/number}"
                    },
                    {
                      "k": "issues_url",
                      "v": "https://api.github.com/repos/potinhek/Trabalho/issues{/number}"
                    },
                    {
                      "k": "keys_url",
                      "v": "https://api.github.com/repos/potinhek/Trabalho/keys{/key_id}"
                    },
                    {
                      "k": "labels_url",
                      "v": "https://api.github.com/repos/potinhek/Trabalho/labels{/name}"
                    },
                    {
                      "k": "language",
                      "v": "JavaScript"
                    },
                    {
                      "k": "languages_url",
                      "v": "https://api.github.com/repos/potinhek/Trabalho/languages"
                    },
                    {
                      "k": "license",
                      "v": null
                    },
                    {
                      "k": "merges_url",
                      "v": "https://api.github.com/repos/potinhek/Trabalho/merges"
                    },
                    {
                      "k": "milestones_url",
                      "v": "https://api.github.com/repos/potinhek/Trabalho/milestones{/number}"
                    },
                    {
                      "k": "mirror_url",
                      "v": null
                    },
                    {
                      "k": "name",
                      "v": "Trabalho"
                    },
                    {
                      "k": "node_id",
                      "v": "R_kgDOQND3Nw"
                    },
                    {
                      "k": "notifications_url",
                      "v": "https://api.github.com/repos/potinhek/Trabalho/notifications{?since,all,participating}"
                    },
                    {
                      "k": "open_issues",
                      "v": 0.0
                    },
                    {
                      "k": "open_issues_count",
                      "v": 0.0
                    },
                    {
                      "k": "owner",
                      "v": {
                        "t": 2,
                        "d": [
                          {
                            "k": "avatar_url",
                            "v": "https://avatars.githubusercontent.com/u/127362942?v=4"
                          },
                          {
                            "k": "events_url",
                            "v": "https://api.github.com/users/potinhek/events{/privacy}"
                          },
                          {
                            "k": "followers_url",
                            "v": "https://api.github.com/users/potinhek/followers"
                          },
                          {
                            "k": "following_url",
                            "v": "https://api.github.com/users/potinhek/following{/other_user}"
                          },
                          {
                            "k": "gists_url",
                            "v": "https://api.github.com/users/potinhek/gists{/gist_id}"
                          },
                          {
                            "k": "gravatar_id",
                            "v": ""
                          },
                          {
                            "k": "html_url",
                            "v": "https://github.com/potinhek"
                          },
                          {
                            "k": "id",
                            "v": 127362942.0
                          },
                          {
                            "k": "login",
                            "v": "potinhek"
                          },
                          {
                            "k": "node_id",
                            "v": "U_kgDOB5dnfg"
                          },
                          {
                            "k": "organizations_url",
                            "v": "https://api.github.com/users/potinhek/orgs"
                          },
                          {
                            "k": "received_events_url",
                            "v": "https://api.github.com/users/potinhek/received_events"
                          },
                          {
                            "k": "repos_url",
                            "v": "https://api.github.com/users/potinhek/repos"
                          },
                          {
                            "k": "site_admin",
                            "v": false
                          },
                          {
                            "k": "starred_url",
                            "v": "https://api.github.com/users/potinhek/starred{/owner}{/repo}"
                          },
                          {
                            "k": "subscriptions_url",
                            "v": "https://api.github.com/users/potinhek/subscriptions"
                          },
                          {
                            "k": "type",
                            "v": "User"
                          },
                          {
                            "k": "url",
                            "v": "https://api.github.com/users/potinhek"
                          },
                          {
                            "k": "user_view_type",
                            "v": "public"
                          }
                        ]
                      }
                    },
                    {
                      "k": "private",
                      "v": false
                    },
                    {
                      "k": "pulls_url",
                      "v": "https://api.github.com/repos/potinhek/Trabalho/pulls{/number}"
                    },
                    {
                      "k": "pushed_at",
                      "v": "2025-11-13T23:36:58Z"
                    },
                    {
                      "k": "releases_url",
                      "v": "https://api.github.com/repos/potinhek/Trabalho/releases{/id}"
                    },
                    {
                      "k": "size",
                      "v": 194598.0
                    },
                    {
                      "k": "ssh_url",
                      "v": "git@github.com:potinhek/Trabalho.git"
                    },
                    {
                      "k": "stargazers_count",
                      "v": 0.0
                    },
                    {
                      "k": "stargazers_url",
                      "v": "https://api.github.com/repos/potinhek/Trabalho/stargazers"
                    },
                    {
                      "k": "statuses_url",
                      "v": "https://api.github.com/repos/potinhek/Trabalho/statuses/{sha}"
                    },
                    {
                      "k": "subscribers_url",
                      "v": "https://api.github.com/repos/potinhek/Trabalho/subscribers"
                    },
                    {
                      "k": "subscription_url",
                      "v": "https://api.github.com/repos/potinhek/Trabalho/subscription"
                    },
                    {
                      "k": "svn_url",
                      "v": "https://github.com/potinhek/Trabalho"
                    },
                    {
                      "k": "tags_url",
                      "v": "https://api.github.com/repos/potinhek/Trabalho/tags"
                    },
                    {
                      "k": "teams_url",
                      "v": "https://api.github.com/repos/potinhek/Trabalho/teams"
                    },
                    {
                      "k": "topics",
                      "v": {
                        "t": 1
                      }
                    },
                    {
                      "k": "trees_url",
                      "v": "https://api.github.com/repos/potinhek/Trabalho/git/trees{/sha}"
                    },
                    {
                      "k": "updated_at",
                      "v": "2025-11-13T23:37:02Z"
                    },
                    {
                      "k": "url",
                      "v": "https://api.github.com/repos/potinhek/Trabalho"
                    },
                    {
                      "k": "visibility",
                      "v": "public"
                    },
                    {
                      "k": "watchers",
                      "v": 0.0
                    },
                    {
                      "k": "watchers_count",
                      "v": 0.0
                    },
                    {
                      "k": "web_commit_signoff_required",
                      "v": false
                    }
                  ]
                }
              },
              {
                "k": "sender",
                "v": {
                  "t": 2,
                  "d": [
                    {
                      "k": "avatar_url",
                      "v": "https://avatars.githubusercontent.com/u/127362942?v=4"
                    },
                    {
                      "k": "events_url",
                      "v": "https://api.github.com/users/potinhek/events{/privacy}"
                    },
                    {
                      "k": "followers_url",
                      "v": "https://api.github.com/users/potinhek/followers"
                    },
                    {
                      "k": "following_url",
                      "v": "https://api.github.com/users/potinhek/following{/other_user}"
                    },
                    {
                      "k": "gists_url",
                      "v": "https://api.github.com/users/potinhek/gists{/gist_id}"
                    },
                    {
                      "k": "gravatar_id",
                      "v": ""
                    },
                    {
                      "k": "html_url",
                      "v": "https://github.com/potinhek"
                    },
                    {
                      "k": "id",
                      "v": 127362942.0
                    },
                    {
                      "k": "login",
                      "v": "potinhek"
                    },
                    {
                      "k": "node_id",
                      "v": "U_kgDOB5dnfg"
                    },
                    {
                      "k": "organizations_url",
                      "v": "https://api.github.com/users/potinhek/orgs"
                    },
                    {
                      "k": "received_events_url",
                      "v": "https://api.github.com/users/potinhek/received_events"
                    },
                    {
                      "k": "repos_url",
                      "v": "https://api.github.com/users/potinhek/repos"
                    },
                    {
                      "k": "site_admin",
                      "v": false
                    },
                    {
                      "k": "starred_url",
                      "v": "https://api.github.com/users/potinhek/starred{/owner}{/repo}"
                    },
                    {
                      "k": "subscriptions_url",
                      "v": "https://api.github.com/users/potinhek/subscriptions"
                    },
                    {
                      "k": "type",
                      "v": "User"
                    },
                    {
                      "k": "url",
                      "v": "https://api.github.com/users/potinhek"
                    },
                    {
                      "k": "user_view_type",
                      "v": "public"
                    }
                  ]
                }
              },
              {
                "k": "workflow",
                "v": {
                  "t": 2,
                  "d": [
                    {
                      "k": "badge_url",
                      "v": "https://github.com/potinhek/Trabalho/workflows/CI%20Build%20&%20Push%20Docker/badge.svg"
                    },
                    {
                      "k": "created_at",
                      "v": "2025-11-07T15:36:09.000Z"
                    },
                    {
                      "k": "html_url",
                      "v": "https://github.com/potinhek/Trabalho/blob/main/.github/workflows/ci.yml"
                    },
                    {
                      "k": "id",
                      "v": 204903889.0
                    },
                    {
                      "k": "name",
                      "v": "CI Build & Push Docker"
                    },
                    {
                      "k": "node_id",
                      "v": "W_kwDOQND3N84MNpXR"
                    },
                    {
                      "k": "path",
                      "v": ".github/workflows/ci.yml"
                    },
                    {
                      "k": "state",
                      "v": "active"
                    },
                    {
                      "k": "updated_at",
                      "v": "2025-11-12T19:08:49.000Z"
                    },
                    {
                      "k": "url",
                      "v": "https://api.github.com/repos/potinhek/Trabalho/actions/workflows/204903889"
                    }
                  ]
                }
              },
              {
                "k": "workflow_run",
                "v": {
                  "t": 2,
                  "d": [
                    {
                      "k": "actor",
                      "v": {
                        "t": 2,
                        "d": [
                          {
                            "k": "avatar_url",
                            "v": "https://avatars.githubusercontent.com/u/127362942?v=4"
                          },
                          {
                            "k": "events_url",
                            "v": "https://api.github.com/users/potinhek/events{/privacy}"
                          },
                          {
                            "k": "followers_url",
                            "v": "https://api.github.com/users/potinhek/followers"
                          },
                          {
                            "k": "following_url",
                            "v": "https://api.github.com/users/potinhek/following{/other_user}"
                          },
                          {
                            "k": "gists_url",
                            "v": "https://api.github.com/users/potinhek/gists{/gist_id}"
                          },
                          {
                            "k": "gravatar_id",
                            "v": ""
                          },
                          {
                            "k": "html_url",
                            "v": "https://github.com/potinhek"
                          },
                          {
                            "k": "id",
                            "v": 127362942.0
                          },
                          {
                            "k": "login",
                            "v": "potinhek"
                          },
                          {
                            "k": "node_id",
                            "v": "U_kgDOB5dnfg"
                          },
                          {
                            "k": "organizations_url",
                            "v": "https://api.github.com/users/potinhek/orgs"
                          },
                          {
                            "k": "received_events_url",
                            "v": "https://api.github.com/users/potinhek/received_events"
                          },
                          {
                            "k": "repos_url",
                            "v": "https://api.github.com/users/potinhek/repos"
                          },
                          {
                            "k": "site_admin",
                            "v": false
                          },
                          {
                            "k": "starred_url",
                            "v": "https://api.github.com/users/potinhek/starred{/owner}{/repo}"
                          },
                          {
                            "k": "subscriptions_url",
                            "v": "https://api.github.com/users/potinhek/subscriptions"
                          },
                          {
                            "k": "type",
                            "v": "User"
                          },
                          {
                            "k": "url",
                            "v": "https://api.github.com/users/potinhek"
                          },
                          {
                            "k": "user_view_type",
                            "v": "public"
                          }
                        ]
                      }
                    },
                    {
                      "k": "artifacts_url",
                      "v": "https://api.github.com/repos/potinhek/Trabalho/actions/runs/19349237123/artifacts"
                    },
                    {
                      "k": "cancel_url",
                      "v": "https://api.github.com/repos/potinhek/Trabalho/actions/runs/19349237123/cancel"
                    },
                    {
                      "k": "check_suite_id",
                      "v": 49874535197.0
                    },
                    {
                      "k": "check_suite_node_id",
                      "v": "CS_kwDOQND3N88AAAALnMEDHQ"
                    },
                    {
                      "k": "check_suite_url",
                      "v": "https://api.github.com/repos/potinhek/Trabalho/check-suites/49874535197"
                    },
                    {
                      "k": "conclusion",
                      "v": "success"
                    },
                    {
                      "k": "created_at",
                      "v": "2025-11-13T23:37:00Z"
                    },
                    {
                      "k": "display_title",
                      "v": "Adiciona workflows CI CD teste 3"
                    },
                    {
                      "k": "event",
                      "v": "push"
                    },
                    {
                      "k": "head_branch",
                      "v": "main"
                    },
                    {
                      "k": "head_commit",
                      "v": {
                        "t": 2,
                        "d": [
                          {
                            "k": "author",
                            "v": {
                              "t": 2,
                              "d": [
                                {
                                  "k": "email",
                                  "v": "jacksonpotinhek@gmail.com"
                                },
                                {
                                  "k": "name",
                                  "v": "jackson"
                                }
                              ]
                            }
                          },
                          {
                            "k": "committer",
                            "v": {
                              "t": 2,
                              "d": [
                                {
                                  "k": "email",
                                  "v": "jacksonpotinhek@gmail.com"
                                },
                                {
                                  "k": "name",
                                  "v": "jackson"
                                }
                              ]
                            }
                          },
                          {
                            "k": "id",
                            "v": "ea61ca80e364090f658e99c9c0e78353e5564c2e"
                          },
                          {
                            "k": "message",
                            "v": "Adiciona workflows CI CD teste 3"
                          },
                          {
                            "k": "timestamp",
                            "v": "2025-11-13T23:36:54Z"
                          },
                          {
                            "k": "tree_id",
                            "v": "8b02d9d2e17ef01b25949bb50d8a48911d79f0d5"
                          }
                        ]
                      }
                    },
                    {
                      "k": "head_repository",
                      "v": {
                        "t": 2,
                        "d": [
                          {
                            "k": "archive_url",
                            "v": "https://api.github.com/repos/potinhek/Trabalho/{archive_format}{/ref}"
                          },
                          {
                            "k": "assignees_url",
                            "v": "https://api.github.com/repos/potinhek/Trabalho/assignees{/user}"
                          },
                          {
                            "k": "blobs_url",
                            "v": "https://api.github.com/repos/potinhek/Trabalho/git/blobs{/sha}"
                          },
                          {
                            "k": "branches_url",
                            "v": "https://api.github.com/repos/potinhek/Trabalho/branches{/branch}"
                          },
                          {
                            "k": "collaborators_url",
                            "v": "https://api.github.com/repos/potinhek/Trabalho/collaborators{/collaborator}"
                          },
                          {
                            "k": "comments_url",
                            "v": "https://api.github.com/repos/potinhek/Trabalho/comments{/number}"
                          },
                          {
                            "k": "commits_url",
                            "v": "https://api.github.com/repos/potinhek/Trabalho/commits{/sha}"
                          },
                          {
                            "k": "compare_url",
                            "v": "https://api.github.com/repos/potinhek/Trabalho/compare/{base}...{head}"
                          },
                          {
                            "k": "contents_url",
                            "v": "https://api.github.com/repos/potinhek/Trabalho/contents/{+path}"
                          },
                          {
                            "k": "contributors_url",
                            "v": "https://api.github.com/repos/potinhek/Trabalho/contributors"
                          },
                          {
                            "k": "deployments_url",
                            "v": "https://api.github.com/repos/potinhek/Trabalho/deployments"
                          },
                          {
                            "k": "description",
                            "v": null
                          },
                          {
                            "k": "downloads_url",
                            "v": "https://api.github.com/repos/potinhek/Trabalho/downloads"
                          },
                          {
                            "k": "events_url",
                            "v": "https://api.github.com/repos/potinhek/Trabalho/events"
                          },
                          {
                            "k": "fork",
                            "v": false
                          },
                          {
                            "k": "forks_url",
                            "v": "https://api.github.com/repos/potinhek/Trabalho/forks"
                          },
                          {
                            "k": "full_name",
                            "v": "potinhek/Trabalho"
                          },
                          {
                            "k": "git_commits_url",
                            "v": "https://api.github.com/repos/potinhek/Trabalho/git/commits{/sha}"
                          },
                          {
                            "k": "git_refs_url",
                            "v": "https://api.github.com/repos/potinhek/Trabalho/git/refs{/sha}"
                          },
                          {
                            "k": "git_tags_url",
                            "v": "https://api.github.com/repos/potinhek/Trabalho/git/tags{/sha}"
                          },
                          {
                            "k": "hooks_url",
                            "v": "https://api.github.com/repos/potinhek/Trabalho/hooks"
                          },
                          {
                            "k": "html_url",
                            "v": "https://github.com/potinhek/Trabalho"
                          },
                          {
                            "k": "id",
                            "v": 1087436599.0
                          },
                          {
                            "k": "issue_comment_url",
                            "v": "https://api.github.com/repos/potinhek/Trabalho/issues/comments{/number}"
                          },
                          {
                            "k": "issue_events_url",
                            "v": "https://api.github.com/repos/potinhek/Trabalho/issues/events{/number}"
                          },
                          {
                            "k": "issues_url",
                            "v": "https://api.github.com/repos/potinhek/Trabalho/issues{/number}"
                          },
                          {
                            "k": "keys_url",
                            "v": "https://api.github.com/repos/potinhek/Trabalho/keys{/key_id}"
                          },
                          {
                            "k": "labels_url",
                            "v": "https://api.github.com/repos/potinhek/Trabalho/labels{/name}"
                          },
                          {
                            "k": "languages_url",
                            "v": "https://api.github.com/repos/potinhek/Trabalho/languages"
                          },
                          {
                            "k": "merges_url",
                            "v": "https://api.github.com/repos/potinhek/Trabalho/merges"
                          },
                          {
                            "k": "milestones_url",
                            "v": "https://api.github.com/repos/potinhek/Trabalho/milestones{/number}"
                          },
                          {
                            "k": "name",
                            "v": "Trabalho"
                          },
                          {
                            "k": "node_id",
                            "v": "R_kgDOQND3Nw"
                          },
                          {
                            "k": "notifications_url",
                            "v": "https://api.github.com/repos/potinhek/Trabalho/notifications{?since,all,participating}"
                          },
                          {
                            "k": "owner",
                            "v": {
                              "t": 2,
                              "d": [
                                {
                                  "k": "avatar_url",
                                  "v": "https://avatars.githubusercontent.com/u/127362942?v=4"
                                },
                                {
                                  "k": "events_url",
                                  "v": "https://api.github.com/users/potinhek/events{/privacy}"
                                },
                                {
                                  "k": "followers_url",
                                  "v": "https://api.github.com/users/potinhek/followers"
                                },
                                {
                                  "k": "following_url",
                                  "v": "https://api.github.com/users/potinhek/following{/other_user}"
                                },
                                {
                                  "k": "gists_url",
                                  "v": "https://api.github.com/users/potinhek/gists{/gist_id}"
                                },
                                {
                                  "k": "gravatar_id",
                                  "v": ""
                                },
                                {
                                  "k": "html_url",
                                  "v": "https://github.com/potinhek"
                                },
                                {
                                  "k": "id",
                                  "v": 127362942.0
                                },
                                {
                                  "k": "login",
                                  "v": "potinhek"
                                },
                                {
                                  "k": "node_id",
                                  "v": "U_kgDOB5dnfg"
                                },
                                {
                                  "k": "organizations_url",
                                  "v": "https://api.github.com/users/potinhek/orgs"
                                },
                                {
                                  "k": "received_events_url",
                                  "v": "https://api.github.com/users/potinhek/received_events"
                                },
                                {
                                  "k": "repos_url",
                                  "v": "https://api.github.com/users/potinhek/repos"
                                },
                                {
                                  "k": "site_admin",
                                  "v": false
                                },
                                {
                                  "k": "starred_url",
                                  "v": "https://api.github.com/users/potinhek/starred{/owner}{/repo}"
                                },
                                {
                                  "k": "subscriptions_url",
                                  "v": "https://api.github.com/users/potinhek/subscriptions"
                                },
                                {
                                  "k": "type",
                                  "v": "User"
                                },
                                {
                                  "k": "url",
                                  "v": "https://api.github.com/users/potinhek"
                                },
                                {
                                  "k": "user_view_type",
                                  "v": "public"
                                }
                              ]
                            }
                          },
                          {
                            "k": "private",
                            "v": false
                          },
                          {
                            "k": "pulls_url",
                            "v": "https://api.github.com/repos/potinhek/Trabalho/pulls{/number}"
                          },
                          {
                            "k": "releases_url",
                            "v": "https://api.github.com/repos/potinhek/Trabalho/releases{/id}"
                          },
                          {
                            "k": "stargazers_url",
                            "v": "https://api.github.com/repos/potinhek/Trabalho/stargazers"
                          },
                          {
                            "k": "statuses_url",
                            "v": "https://api.github.com/repos/potinhek/Trabalho/statuses/{sha}"
                          },
                          {
                            "k": "subscribers_url",
                            "v": "https://api.github.com/repos/potinhek/Trabalho/subscribers"
                          },
                          {
                            "k": "subscription_url",
                            "v": "https://api.github.com/repos/potinhek/Trabalho/subscription"
                          },
                          {
                            "k": "tags_url",
                            "v": "https://api.github.com/repos/potinhek/Trabalho/tags"
                          },
                          {
                            "k": "teams_url",
                            "v": "https://api.github.com/repos/potinhek/Trabalho/teams"
                          },
                          {
                            "k": "trees_url",
                            "v": "https://api.github.com/repos/potinhek/Trabalho/git/trees{/sha}"
                          },
                          {
                            "k": "url",
                            "v": "https://api.github.com/repos/potinhek/Trabalho"
                          }
                        ]
                      }
                    },
                    {
                      "k": "head_sha",
                      "v": "ea61ca80e364090f658e99c9c0e78353e5564c2e"
                    },
                    {
                      "k": "html_url",
                      "v": "https://github.com/potinhek/Trabalho/actions/runs/19349237123"
                    },
                    {
                      "k": "id",
                      "v": 19349237123.0
                    },
                    {
                      "k": "jobs_url",
                      "v": "https://api.github.com/repos/potinhek/Trabalho/actions/runs/19349237123/jobs"
                    },
                    {
                      "k": "logs_url",
                      "v": "https://api.github.com/repos/potinhek/Trabalho/actions/runs/19349237123/logs"
                    },
                    {
                      "k": "name",
                      "v": "CI Build & Push Docker"
                    },
                    {
                      "k": "node_id",
                      "v": "WFR_kwLOQND3N88AAAAEgU3tgw"
                    },
                    {
                      "k": "path",
                      "v": ".github/workflows/ci.yml"
                    },
                    {
                      "k": "previous_attempt_url",
                      "v": null
                    },
                    {
                      "k": "pull_requests",
                      "v": {
                        "t": 1
                      }
                    },
                    {
                      "k": "referenced_workflows",
                      "v": {
                        "t": 1
                      }
                    },
                    {
                      "k": "repository",
                      "v": {
                        "t": 2,
                        "d": [
                          {
                            "k": "archive_url",
                            "v": "https://api.github.com/repos/potinhek/Trabalho/{archive_format}{/ref}"
                          },
                          {
                            "k": "assignees_url",
                            "v": "https://api.github.com/repos/potinhek/Trabalho/assignees{/user}"
                          },
                          {
                            "k": "blobs_url",
                            "v": "https://api.github.com/repos/potinhek/Trabalho/git/blobs{/sha}"
                          },
                          {
                            "k": "branches_url",
                            "v": "https://api.github.com/repos/potinhek/Trabalho/branches{/branch}"
                          },
                          {
                            "k": "collaborators_url",
                            "v": "https://api.github.com/repos/potinhek/Trabalho/collaborators{/collaborator}"
                          },
                          {
                            "k": "comments_url",
                            "v": "https://api.github.com/repos/potinhek/Trabalho/comments{/number}"
                          },
                          {
                            "k": "commits_url",
                            "v": "https://api.github.com/repos/potinhek/Trabalho/commits{/sha}"
                          },
                          {
                            "k": "compare_url",
                            "v": "https://api.github.com/repos/potinhek/Trabalho/compare/{base}...{head}"
                          },
                          {
                            "k": "contents_url",
                            "v": "https://api.github.com/repos/potinhek/Trabalho/contents/{+path}"
                          },
                          {
                            "k": "contributors_url",
                            "v": "https://api.github.com/repos/potinhek/Trabalho/contributors"
                          },
                          {
                            "k": "deployments_url",
                            "v": "https://api.github.com/repos/potinhek/Trabalho/deployments"
                          },
                          {
                            "k": "description",
                            "v": null
                          },
                          {
                            "k": "downloads_url",
                            "v": "https://api.github.com/repos/potinhek/Trabalho/downloads"
                          },
                          {
                            "k": "events_url",
                            "v": "https://api.github.com/repos/potinhek/Trabalho/events"
                          },
                          {
                            "k": "fork",
                            "v": false
                          },
                          {
                            "k": "forks_url",
                            "v": "https://api.github.com/repos/potinhek/Trabalho/forks"
                          },
                          {
                            "k": "full_name",
                            "v": "potinhek/Trabalho"
                          },
                          {
                            "k": "git_commits_url",
                            "v": "https://api.github.com/repos/potinhek/Trabalho/git/commits{/sha}"
                          },
                          {
                            "k": "git_refs_url",
                            "v": "https://api.github.com/repos/potinhek/Trabalho/git/refs{/sha}"
                          },
                          {
                            "k": "git_tags_url",
                            "v": "https://api.github.com/repos/potinhek/Trabalho/git/tags{/sha}"
                          },
                          {
                            "k": "hooks_url",
                            "v": "https://api.github.com/repos/potinhek/Trabalho/hooks"
                          },
                          {
                            "k": "html_url",
                            "v": "https://github.com/potinhek/Trabalho"
                          },
                          {
                            "k": "id",
                            "v": 1087436599.0
                          },
                          {
                            "k": "issue_comment_url",
                            "v": "https://api.github.com/repos/potinhek/Trabalho/issues/comments{/number}"
                          },
                          {
                            "k": "issue_events_url",
                            "v": "https://api.github.com/repos/potinhek/Trabalho/issues/events{/number}"
                          },
                          {
                            "k": "issues_url",
                            "v": "https://api.github.com/repos/potinhek/Trabalho/issues{/number}"
                          },
                          {
                            "k": "keys_url",
                            "v": "https://api.github.com/repos/potinhek/Trabalho/keys{/key_id}"
                          },
                          {
                            "k": "labels_url",
                            "v": "https://api.github.com/repos/potinhek/Trabalho/labels{/name}"
                          },
                          {
                            "k": "languages_url",
                            "v": "https://api.github.com/repos/potinhek/Trabalho/languages"
                          },
                          {
                            "k": "merges_url",
                            "v": "https://api.github.com/repos/potinhek/Trabalho/merges"
                          },
                          {
                            "k": "milestones_url",
                            "v": "https://api.github.com/repos/potinhek/Trabalho/milestones{/number}"
                          },
                          {
                            "k": "name",
                            "v": "Trabalho"
                          },
                          {
                            "k": "node_id",
                            "v": "R_kgDOQND3Nw"
                          },
                          {
                            "k": "notifications_url",
                            "v": "https://api.github.com/repos/potinhek/Trabalho/notifications{?since,all,participating}"
                          },
                          {
                            "k": "owner",
                            "v": {
                              "t": 2,
                              "d": [
                                {
                                  "k": "avatar_url",
                                  "v": "https://avatars.githubusercontent.com/u/127362942?v=4"
                                },
                                {
                                  "k": "events_url",
                                  "v": "https://api.github.com/users/potinhek/events{/privacy}"
                                },
                                {
                                  "k": "followers_url",
                                  "v": "https://api.github.com/users/potinhek/followers"
                                },
                                {
                                  "k": "following_url",
                                  "v": "https://api.github.com/users/potinhek/following{/other_user}"
                                },
                                {
                                  "k": "gists_url",
                                  "v": "https://api.github.com/users/potinhek/gists{/gist_id}"
                                },
                                {
                                  "k": "gravatar_id",
                                  "v": ""
                                },
                                {
                                  "k": "html_url",
                                  "v": "https://github.com/potinhek"
                                },
                                {
                                  "k": "id",
                                  "v": 127362942.0
                                },
                                {
                                  "k": "login",
                                  "v": "potinhek"
                                },
                                {
                                  "k": "node_id",
                                  "v": "U_kgDOB5dnfg"
                                },
                                {
                                  "k": "organizations_url",
                                  "v": "https://api.github.com/users/potinhek/orgs"
                                },
                                {
                                  "k": "received_events_url",
                                  "v": "https://api.github.com/users/potinhek/received_events"
                                },
                                {
                                  "k": "repos_url",
                                  "v": "https://api.github.com/users/potinhek/repos"
                                },
                                {
                                  "k": "site_admin",
                                  "v": false
                                },
                                {
                                  "k": "starred_url",
                                  "v": "https://api.github.com/users/potinhek/starred{/owner}{/repo}"
                                },
                                {
                                  "k": "subscriptions_url",
                                  "v": "https://api.github.com/users/potinhek/subscriptions"
                                },
                                {
                                  "k": "type",
                                  "v": "User"
                                },
                                {
                                  "k": "url",
                                  "v": "https://api.github.com/users/potinhek"
                                },
                                {
                                  "k": "user_view_type",
                                  "v": "public"
                                }
                              ]
                            }
                          },
                          {
                            "k": "private",
                            "v": false
                          },
                          {
                            "k": "pulls_url",
                            "v": "https://api.github.com/repos/potinhek/Trabalho/pulls{/number}"
                          },
                          {
                            "k": "releases_url",
                            "v": "https://api.github.com/repos/potinhek/Trabalho/releases{/id}"
                          },
                          {
                            "k": "stargazers_url",
                            "v": "https://api.github.com/repos/potinhek/Trabalho/stargazers"
                          },
                          {
                            "k": "statuses_url",
                            "v": "https://api.github.com/repos/potinhek/Trabalho/statuses/{sha}"
                          },
                          {
                            "k": "subscribers_url",
                            "v": "https://api.github.com/repos/potinhek/Trabalho/subscribers"
                          },
                          {
                            "k": "subscription_url",
                            "v": "https://api.github.com/repos/potinhek/Trabalho/subscription"
                          },
                          {
                            "k": "tags_url",
                            "v": "https://api.github.com/repos/potinhek/Trabalho/tags"
                          },
                          {
                            "k": "teams_url",
                            "v": "https://api.github.com/repos/potinhek/Trabalho/teams"
                          },
                          {
                            "k": "trees_url",
                            "v": "https://api.github.com/repos/potinhek/Trabalho/git/trees{/sha}"
                          },
                          {
                            "k": "url",
                            "v": "https://api.github.com/repos/potinhek/Trabalho"
                          }
                        ]
                      }
                    },
                    {
                      "k": "rerun_url",
                      "v": "https://api.github.com/repos/potinhek/Trabalho/actions/runs/19349237123/rerun"
                    },
                    {
                      "k": "run_attempt",
                      "v": 1.0
                    },
                    {
                      "k": "run_number",
                      "v": 30.0
                    },
                    {
                      "k": "run_started_at",
                      "v": "2025-11-13T23:37:00Z"
                    },
                    {
                      "k": "status",
                      "v": "completed"
                    },
                    {
                      "k": "triggering_actor",
                      "v": {
                        "t": 2,
                        "d": [
                          {
                            "k": "avatar_url",
                            "v": "https://avatars.githubusercontent.com/u/127362942?v=4"
                          },
                          {
                            "k": "events_url",
                            "v": "https://api.github.com/users/potinhek/events{/privacy}"
                          },
                          {
                            "k": "followers_url",
                            "v": "https://api.github.com/users/potinhek/followers"
                          },
                          {
                            "k": "following_url",
                            "v": "https://api.github.com/users/potinhek/following{/other_user}"
                          },
                          {
                            "k": "gists_url",
                            "v": "https://api.github.com/users/potinhek/gists{/gist_id}"
                          },
                          {
                            "k": "gravatar_id",
                            "v": ""
                          },
                          {
                            "k": "html_url",
                            "v": "https://github.com/potinhek"
                          },
                          {
                            "k": "id",
                            "v": 127362942.0
                          },
                          {
                            "k": "login",
                            "v": "potinhek"
                          },
                          {
                            "k": "node_id",
                            "v": "U_kgDOB5dnfg"
                          },
                          {
                            "k": "organizations_url",
                            "v": "https://api.github.com/users/potinhek/orgs"
                          },
                          {
                            "k": "received_events_url",
                            "v": "https://api.github.com/users/potinhek/received_events"
                          },
                          {
                            "k": "repos_url",
                            "v": "https://api.github.com/users/potinhek/repos"
                          },
                          {
                            "k": "site_admin",
                            "v": false
                          },
                          {
                            "k": "starred_url",
                            "v": "https://api.github.com/users/potinhek/starred{/owner}{/repo}"
                          },
                          {
                            "k": "subscriptions_url",
                            "v": "https://api.github.com/users/potinhek/subscriptions"
                          },
                          {
                            "k": "type",
                            "v": "User"
                          },
                          {
                            "k": "url",
                            "v": "https://api.github.com/users/potinhek"
                          },
                          {
                            "k": "user_view_type",
                            "v": "public"
                          }
                        ]
                      }
                    },
                    {
                      "k": "updated_at",
                      "v": "2025-11-13T23:38:28Z"
                    },
                    {
                      "k": "url",
                      "v": "https://api.github.com/repos/potinhek/Trabalho/actions/runs/19349237123"
                    },
                    {
                      "k": "workflow_id",
                      "v": 204903889.0
                    },
                    {
                      "k": "workflow_url",
                      "v": "https://api.github.com/repos/potinhek/Trabalho/actions/workflows/204903889"
                    }
                  ]
                }
              }
            ]
          }
        },
        {
          "k": "workflow_ref",
          "v": "potinhek/Trabalho/.github/workflows/cd.yml@refs/heads/main"
        },
        {
          "k": "workflow_sha",
          "v": "ea61ca80e364090f658e99c9c0e78353e5564c2e"
        },
        {
          "k": "repository_id",
          "v": "1087436599"
        },
        {
          "k": "triggering_actor",
          "v": "potinhek"
        }
      ]
    },
    "inputs": {
      "t": 2
    },
    "job": {
      "t": 2,
      "d": [
        {
          "k": "check_run_id",
          "v": 55357138091.0
        }
      ]
    },
    "matrix": null,
    "needs": {
      "t": 2
    },
    "strategy": {
      "t": 2,
      "d": [
        {
          "k": "fail-fast",
          "v": true
        },
        {
          "k": "job-index",
          "v": 0.0
        },
        {
          "k": "job-total",
          "v": 1.0
        },
        {
          "k": "max-parallel",
          "v": 1.0
        }
      ]
    },
    "vars": {
      "t": 2
    }
  },
  "actionsEnvironment": {
    "name": "production",
    "url": null
  },
  "billingOwnerId": "U_kgDOB5dnfg"
}
[2025-11-13 23:38:39Z INFO JobRunner] Job ID a718d3fe-f9df-5935-932b-6f39a8748c07
[2025-11-13 23:38:39Z INFO ConfigurationStore] currentAssemblyLocation: C:\Trabalho\actions-runner\bin\Runner.Worker.dll
[2025-11-13 23:38:39Z INFO HostContext] Well known directory 'Bin': 'C:\Trabalho\actions-runner\bin'
[2025-11-13 23:38:39Z INFO ConfigurationStore] binPath: C:\Trabalho\actions-runner\bin
[2025-11-13 23:38:39Z INFO HostContext] Well known directory 'Bin': 'C:\Trabalho\actions-runner\bin'
[2025-11-13 23:38:39Z INFO HostContext] Well known directory 'Root': 'C:\Trabalho\actions-runner'
[2025-11-13 23:38:39Z INFO ConfigurationStore] RootFolder: C:\Trabalho\actions-runner
[2025-11-13 23:38:39Z INFO HostContext] Well known directory 'Bin': 'C:\Trabalho\actions-runner\bin'
[2025-11-13 23:38:39Z INFO HostContext] Well known directory 'Root': 'C:\Trabalho\actions-runner'
[2025-11-13 23:38:39Z INFO HostContext] Well known config file 'Runner': 'C:\Trabalho\actions-runner\.runner'
[2025-11-13 23:38:39Z INFO ConfigurationStore] ConfigFilePath: C:\Trabalho\actions-runner\.runner
[2025-11-13 23:38:39Z INFO HostContext] Well known directory 'Bin': 'C:\Trabalho\actions-runner\bin'
[2025-11-13 23:38:39Z INFO HostContext] Well known directory 'Root': 'C:\Trabalho\actions-runner'
[2025-11-13 23:38:39Z INFO HostContext] Well known config file 'MigratedRunner': 'C:\Trabalho\actions-runner\.runner_migrated'
[2025-11-13 23:38:39Z INFO ConfigurationStore] MigratedConfigFilePath: C:\Trabalho\actions-runner\.runner_migrated
[2025-11-13 23:38:39Z INFO HostContext] Well known directory 'Bin': 'C:\Trabalho\actions-runner\bin'
[2025-11-13 23:38:39Z INFO HostContext] Well known directory 'Root': 'C:\Trabalho\actions-runner'
[2025-11-13 23:38:39Z INFO HostContext] Well known config file 'Credentials': 'C:\Trabalho\actions-runner\.credentials'
[2025-11-13 23:38:39Z INFO ConfigurationStore] CredFilePath: C:\Trabalho\actions-runner\.credentials
[2025-11-13 23:38:39Z INFO HostContext] Well known directory 'Bin': 'C:\Trabalho\actions-runner\bin'
[2025-11-13 23:38:39Z INFO HostContext] Well known directory 'Root': 'C:\Trabalho\actions-runner'
[2025-11-13 23:38:39Z INFO HostContext] Well known config file 'MigratedCredentials': 'C:\Trabalho\actions-runner\.credentials_migrated'
[2025-11-13 23:38:39Z INFO ConfigurationStore] MigratedCredFilePath: C:\Trabalho\actions-runner\.credentials_migrated
[2025-11-13 23:38:39Z INFO HostContext] Well known directory 'Bin': 'C:\Trabalho\actions-runner\bin'
[2025-11-13 23:38:39Z INFO HostContext] Well known directory 'Root': 'C:\Trabalho\actions-runner'
[2025-11-13 23:38:39Z INFO HostContext] Well known config file 'Service': 'C:\Trabalho\actions-runner\.service'
[2025-11-13 23:38:39Z INFO ConfigurationStore] ServiceConfigFilePath: C:\Trabalho\actions-runner\.service
[2025-11-13 23:38:39Z INFO ConfigurationStore] Read setting file: 389 chars
[2025-11-13 23:38:39Z INFO JobRunner] Initializing launch client
[2025-11-13 23:38:39Z INFO JobServerQueue] Initializing results client
[2025-11-13 23:38:39Z INFO ResultServer] Creating websocket client ...wss://results-receiver.actions.githubusercontent.com/_ws/ingest.sock
[2025-11-13 23:38:39Z INFO ResultServer] Attempting to start websocket client with delay 00:00:00.
[2025-11-13 23:38:39Z INFO JobServerQueue] Start process web console line queue.
[2025-11-13 23:38:39Z INFO JobServerQueue] Start process file upload queue.
[2025-11-13 23:38:39Z INFO JobServerQueue] Start results file upload queue.
[2025-11-13 23:38:39Z INFO JobServerQueue] Starting results-based upload queue...
[2025-11-13 23:38:39Z INFO JobServerQueue] Start process timeline update queue.
[2025-11-13 23:38:39Z INFO ExecutionContext] Initializing Job context
[2025-11-13 23:38:39Z INFO ExecutionContext] Initialize GitHub context
[2025-11-13 23:38:39Z INFO ExecutionContext] Initialize Env context
[2025-11-13 23:38:39Z INFO HostContext] Well known directory 'Bin': 'C:\Trabalho\actions-runner\bin'
[2025-11-13 23:38:39Z INFO HostContext] Well known directory 'Root': 'C:\Trabalho\actions-runner'
[2025-11-13 23:38:39Z INFO HostContext] Well known directory 'Diag': 'C:\Trabalho\actions-runner\_diag'
[2025-11-13 23:38:39Z INFO HostContext] Well known directory 'Bin': 'C:\Trabalho\actions-runner\bin'
[2025-11-13 23:38:39Z INFO HostContext] Well known directory 'Root': 'C:\Trabalho\actions-runner'
[2025-11-13 23:38:39Z INFO HostContext] Well known directory 'Diag': 'C:\Trabalho\actions-runner\_diag'
[2025-11-13 23:38:39Z INFO JobRunner] Starting the job execution context.
[2025-11-13 23:38:39Z INFO HostContext] Well known directory 'Bin': 'C:\Trabalho\actions-runner\bin'
[2025-11-13 23:38:39Z INFO HostContext] Well known directory 'Root': 'C:\Trabalho\actions-runner'
[2025-11-13 23:38:39Z INFO HostContext] Well known directory 'Work': 'C:\Trabalho\actions-runner\_work'
[2025-11-13 23:38:39Z INFO JobRunner] Validating directory permissions for: 'C:\Trabalho\actions-runner\_work'
[2025-11-13 23:38:39Z INFO HostContext] Well known directory 'Bin': 'C:\Trabalho\actions-runner\bin'
[2025-11-13 23:38:39Z INFO HostContext] Well known directory 'Root': 'C:\Trabalho\actions-runner'
[2025-11-13 23:38:39Z INFO HostContext] Well known directory 'Work': 'C:\Trabalho\actions-runner\_work'
[2025-11-13 23:38:39Z INFO HostContext] Well known directory 'Tools': 'C:\Trabalho\actions-runner\_work\_tool'
[2025-11-13 23:38:39Z INFO HostContext] Well known directory 'Bin': 'C:\Trabalho\actions-runner\bin'
[2025-11-13 23:38:39Z INFO HostContext] Well known directory 'Root': 'C:\Trabalho\actions-runner'
[2025-11-13 23:38:39Z INFO HostContext] Well known directory 'Work': 'C:\Trabalho\actions-runner\_work'
[2025-11-13 23:38:39Z INFO HostContext] Well known directory 'Temp': 'C:\Trabalho\actions-runner\_work\_temp'
[2025-11-13 23:38:39Z INFO JobRunner] Getting job extension.
[2025-11-13 23:38:39Z INFO JobRunner] Initialize job. Getting all job steps.
[2025-11-13 23:38:39Z INFO HostContext] Well known directory 'Bin': 'C:\Trabalho\actions-runner\bin'
[2025-11-13 23:38:39Z INFO HostContext] Well known directory 'Root': 'C:\Trabalho\actions-runner'
[2025-11-13 23:38:39Z INFO HostContext] Well known directory 'Diag': 'C:\Trabalho\actions-runner\_diag'
[2025-11-13 23:38:39Z INFO HostContext] Well known directory 'Bin': 'C:\Trabalho\actions-runner\bin'
[2025-11-13 23:38:39Z INFO HostContext] Well known directory 'Root': 'C:\Trabalho\actions-runner'
[2025-11-13 23:38:39Z INFO HostContext] Well known directory 'Diag': 'C:\Trabalho\actions-runner\_diag'
[2025-11-13 23:38:39Z INFO HostContext] Well known directory 'Bin': 'C:\Trabalho\actions-runner\bin'
[2025-11-13 23:38:39Z INFO HostContext] Well known directory 'Root': 'C:\Trabalho\actions-runner'
[2025-11-13 23:38:39Z INFO HostContext] Well known config file 'Credentials': 'C:\Trabalho\actions-runner\.credentials'
[2025-11-13 23:38:39Z INFO HostContext] Well known directory 'Bin': 'C:\Trabalho\actions-runner\bin'
[2025-11-13 23:38:39Z INFO HostContext] Well known directory 'Root': 'C:\Trabalho\actions-runner'
[2025-11-13 23:38:39Z INFO HostContext] Well known config file 'SetupInfo': 'C:\Trabalho\actions-runner\.setup_info'
[2025-11-13 23:38:39Z INFO HostContext] Well known directory 'Bin': 'C:\Trabalho\actions-runner\bin'
[2025-11-13 23:38:39Z INFO HostContext] Well known directory 'Root': 'C:\Trabalho\actions-runner'
[2025-11-13 23:38:39Z INFO HostContext] Well known directory 'Work': 'C:\Trabalho\actions-runner\_work'
[2025-11-13 23:38:39Z INFO PipelineDirectoryManager] Loading tracking config if exists: C:\Trabalho\actions-runner\_work\_PipelineMapping\potinhek/Trabalho\PipelineFolder.json
[2025-11-13 23:38:39Z INFO PipelineDirectoryManager] Updating job run properties.
[2025-11-13 23:38:39Z INFO HostContext] Well known directory 'Bin': 'C:\Trabalho\actions-runner\bin'
[2025-11-13 23:38:39Z INFO HostContext] Well known directory 'Root': 'C:\Trabalho\actions-runner'
[2025-11-13 23:38:39Z INFO HostContext] Well known directory 'Work': 'C:\Trabalho\actions-runner\_work'
[2025-11-13 23:38:39Z INFO HostContext] Well known directory 'Bin': 'C:\Trabalho\actions-runner\bin'
[2025-11-13 23:38:39Z INFO HostContext] Well known directory 'Root': 'C:\Trabalho\actions-runner'
[2025-11-13 23:38:39Z INFO HostContext] Well known directory 'Work': 'C:\Trabalho\actions-runner\_work'
[2025-11-13 23:38:39Z INFO HostContext] Well known directory 'Bin': 'C:\Trabalho\actions-runner\bin'
[2025-11-13 23:38:39Z INFO HostContext] Well known directory 'Root': 'C:\Trabalho\actions-runner'
[2025-11-13 23:38:39Z INFO HostContext] Well known directory 'Work': 'C:\Trabalho\actions-runner\_work'
[2025-11-13 23:38:39Z INFO JobExtension] Downloading actions
[2025-11-13 23:38:39Z INFO HostContext] Well known directory 'Bin': 'C:\Trabalho\actions-runner\bin'
[2025-11-13 23:38:39Z INFO HostContext] Well known directory 'Root': 'C:\Trabalho\actions-runner'
[2025-11-13 23:38:39Z INFO HostContext] Well known directory 'Work': 'C:\Trabalho\actions-runner\_work'
[2025-11-13 23:38:39Z INFO HostContext] Well known directory 'Actions': 'C:\Trabalho\actions-runner\_work\_actions'
[2025-11-13 23:38:39Z INFO Worker] Listening for cancel message from the channel.
[2025-11-13 23:38:39Z INFO Worker] Waiting for the job to complete or for a cancel message from the channel.
[2025-11-13 23:38:39Z INFO ResultServer] Successfully started websocket client.
[2025-11-13 23:38:39Z INFO JobServerQueue] Try to append 1 batches web console lines for record '9c32157f-b0bc-4569-bd98-4a38ebdf2513', success rate: 1/1.
[2025-11-13 23:38:40Z INFO JobServerQueue] Try to append 1 batches web console lines for record '9c32157f-b0bc-4569-bd98-4a38ebdf2513', success rate: 1/1.
[2025-11-13 23:38:40Z INFO HostContext] Well known directory 'Bin': 'C:\Trabalho\actions-runner\bin'
[2025-11-13 23:38:40Z INFO HostContext] Well known directory 'Root': 'C:\Trabalho\actions-runner'
[2025-11-13 23:38:40Z INFO HostContext] Well known directory 'Work': 'C:\Trabalho\actions-runner\_work'
[2025-11-13 23:38:40Z INFO HostContext] Well known directory 'Actions': 'C:\Trabalho\actions-runner\_work\_actions'
[2025-11-13 23:38:40Z INFO HostContext] Well known directory 'Bin': 'C:\Trabalho\actions-runner\bin'
[2025-11-13 23:38:40Z INFO HostContext] Well known directory 'Root': 'C:\Trabalho\actions-runner'
[2025-11-13 23:38:40Z INFO HostContext] Well known directory 'Work': 'C:\Trabalho\actions-runner\_work'
[2025-11-13 23:38:40Z INFO HostContext] Well known directory 'Actions': 'C:\Trabalho\actions-runner\_work\_actions'
[2025-11-13 23:38:40Z INFO ActionManager] Save archive 'https://api.github.com/repos/actions/checkout/zipball/08eba0b27e820071cde6df949e0beb9ba4906955' into C:\Trabalho\actions-runner\_work\_actions\_temp_636aa702-bf42-46b2-be5d-c19e1f5fee9c\a88924de-40f1-414a-8fd2-bf8074928061.zip.
[2025-11-13 23:38:40Z INFO JobServerQueue] Job timeline record has been updated for the first time.
[2025-11-13 23:38:40Z INFO JobServerQueue] Try to append 1 batches web console lines for record '9c32157f-b0bc-4569-bd98-4a38ebdf2513', success rate: 1/1.
[2025-11-13 23:38:40Z INFO ActionManager] Request URL: https://api.github.com/repos/actions/checkout/zipball/08eba0b27e820071cde6df949e0beb9ba4906955 X-GitHub-Request-Id: E04B:2AEA62:5C303:10C520:69166BFC Http Status: OK
[2025-11-13 23:38:41Z INFO ActionManager] Finished getting action repository.
[2025-11-13 23:38:41Z INFO HostContext] Well known directory 'Bin': 'C:\Trabalho\actions-runner\bin'
[2025-11-13 23:38:41Z INFO HostContext] Well known directory 'Root': 'C:\Trabalho\actions-runner'
[2025-11-13 23:38:41Z INFO HostContext] Well known directory 'Work': 'C:\Trabalho\actions-runner\_work'
[2025-11-13 23:38:41Z INFO HostContext] Well known directory 'Actions': 'C:\Trabalho\actions-runner\_work\_actions'
[2025-11-13 23:38:41Z INFO ActionManifestManager] Load schema file with definitions: [
  "null",
  "boolean",
  "number",
  "string",
  "sequence",
  "mapping",
  "any",
  "action-root",
  "inputs",
  "input",
  "outputs",
  "output-definition",
  "runs",
  "container-runs",
  "container-runs-args",
  "container-runs-env",
  "node-runs",
  "plugin-runs",
  "composite-runs",
  "composite-steps",
  "composite-step",
  "run-step",
  "uses-step",
  "container-runs-context",
  "output-value",
  "input-***-context",
  "non-empty-string",
  "string-steps-context",
  "boolean-steps-context",
  "step-env",
  "step-if",
  "step-with"
]
[2025-11-13 23:38:41Z INFO HostContext] Well known directory 'Bin': 'C:\Trabalho\actions-runner\bin'
[2025-11-13 23:38:41Z INFO HostContext] Well known directory 'Root': 'C:\Trabalho\actions-runner'
[2025-11-13 23:38:41Z INFO HostContext] Well known directory 'Work': 'C:\Trabalho\actions-runner\_work'
[2025-11-13 23:38:41Z INFO HostContext] Well known directory 'Actions': 'C:\Trabalho\actions-runner\_work\_actions'
[2025-11-13 23:38:41Z INFO ActionManifestManager] Loaded action.yml file: {
  "name": "Checkout",
  "description": "Checkout a Git repository at a particular version",
  "inputs": {
    "type": 2,
    "map": [
      {
        "key": {
          "type": 0,
          "file": 2,
          "line": 4,
          "col": 3,
          "lit": "repository"
        },
        "value": {
          "type": 3,
          "file": 2,
          "line": 6,
          "col": 14,
          "expr": "github.repository"
        }
      },
      {
        "key": {
          "type": 0,
          "file": 2,
          "line": 7,
          "col": 3,
          "lit": "ref"
        },
        "value": ""
      },
      {
        "key": {
          "type": 0,
          "file": 2,
          "line": 12,
          "col": 3,
          "lit": "token"
        },
        "value": {
          "type": 3,
          "file": 2,
          "line": 24,
          "col": 14,
          "expr": "github.token"
        }
      },
      {
        "key": {
          "type": 0,
          "file": 2,
          "line": 25,
          "col": 3,
          "lit": "ssh-key"
        },
        "value": ""
      },
      {
        "key": {
          "type": 0,
          "file": 2,
          "line": 37,
          "col": 3,
          "lit": "ssh-known-hosts"
        },
        "value": ""
      },
      {
        "key": {
          "type": 0,
          "file": 2,
          "line": 42,
          "col": 3,
          "lit": "ssh-strict"
        },
        "value": {
          "type": 0,
          "file": 2,
          "line": 47,
          "col": 14,
          "lit": "true"
        }
      },
      {
        "key": {
          "type": 0,
          "file": 2,
          "line": 48,
          "col": 3,
          "lit": "ssh-user"
        },
        "value": {
          "type": 0,
          "file": 2,
          "line": 51,
          "col": 14,
          "lit": "git"
        }
      },
      {
        "key": {
          "type": 0,
          "file": 2,
          "line": 52,
          "col": 3,
          "lit": "persist-credentials"
        },
        "value": {
          "type": 0,
          "file": 2,
          "line": 54,
          "col": 14,
          "lit": "true"
        }
      },
      {
        "key": {
          "type": 0,
          "file": 2,
          "line": 55,
          "col": 3,
          "lit": "path"
        },
        "value": ""
      },
      {
        "key": {
          "type": 0,
          "file": 2,
          "line": 57,
          "col": 3,
          "lit": "clean"
        },
        "value": {
          "type": 0,
          "file": 2,
          "line": 59,
          "col": 14,
          "lit": "true"
        }
      },
      {
        "key": {
          "type": 0,
          "file": 2,
          "line": 60,
          "col": 3,
          "lit": "filter"
        },
        "value": {
          "type": 0,
          "file": 2,
          "line": 64,
          "col": 14,
          "lit": ""
        }
      },
      {
        "key": {
          "type": 0,
          "file": 2,
          "line": 65,
          "col": 3,
          "lit": "sparse-checkout"
        },
        "value": {
          "type": 0,
          "file": 2,
          "line": 69,
          "col": 14,
          "lit": ""
        }
      },
      {
        "key": {
          "type": 0,
          "file": 2,
          "line": 70,
          "col": 3,
          "lit": "sparse-checkout-cone-mode"
        },
        "value": {
          "type": 0,
          "file": 2,
          "line": 73,
          "col": 14,
          "lit": "true"
        }
      },
      {
        "key": {
          "type": 0,
          "file": 2,
          "line": 74,
          "col": 3,
          "lit": "fetch-depth"
        },
        "value": {
          "type": 0,
          "file": 2,
          "line": 76,
          "col": 14,
          "lit": "1"
        }
      },
      {
        "key": {
          "type": 0,
          "file": 2,
          "line": 77,
          "col": 3,
          "lit": "fetch-tags"
        },
        "value": {
          "type": 0,
          "file": 2,
          "line": 79,
          "col": 14,
          "lit": "false"
        }
      },
      {
        "key": {
          "type": 0,
          "file": 2,
          "line": 80,
          "col": 3,
          "lit": "show-progress"
        },
        "value": {
          "type": 0,
          "file": 2,
          "line": 82,
          "col": 14,
          "lit": "true"
        }
      },
      {
        "key": {
          "type": 0,
          "file": 2,
          "line": 83,
          "col": 3,
          "lit": "lfs"
        },
        "value": {
          "type": 0,
          "file": 2,
          "line": 85,
          "col": 14,
          "lit": "false"
        }
      },
      {
        "key": {
          "type": 0,
          "file": 2,
          "line": 86,
          "col": 3,
          "lit": "submodules"
        },
        "value": {
          "type": 0,
          "file": 2,
          "line": 94,
          "col": 14,
          "lit": "false"
        }
      },
      {
        "key": {
          "type": 0,
          "file": 2,
          "line": 95,
          "col": 3,
          "lit": "set-safe-directory"
        },
        "value": {
          "type": 0,
          "file": 2,
          "line": 97,
          "col": 14,
          "lit": "true"
        }
      },
      {
        "key": {
          "type": 0,
          "file": 2,
          "line": 98,
          "col": 3,
          "lit": "github-server-url"
        },
        "value": ""
      }
    ]
  },
  "execution": {
    "executionType": "nodeJS",
    "hasPre": false,
    "hasPost": true,
    "script": "dist/index.js",
    "pre": null,
    "post": "dist/index.js",
    "nodeVersion": "node20",
    "cleanupCondition": "always()",
    "initCondition": "always()"
  },
  "deprecated": null
}
[2025-11-13 23:38:41Z INFO ActionManager] Action node.js file: dist/index.js, no more preparation.
[2025-11-13 23:38:41Z INFO HostContext] Well known directory 'Bin': 'C:\Trabalho\actions-runner\bin'
[2025-11-13 23:38:41Z INFO HostContext] Well known directory 'Root': 'C:\Trabalho\actions-runner'
[2025-11-13 23:38:41Z INFO HostContext] Well known directory 'Work': 'C:\Trabalho\actions-runner\_work'
[2025-11-13 23:38:41Z INFO HostContext] Well known directory 'Actions': 'C:\Trabalho\actions-runner\_work\_actions'
[2025-11-13 23:38:41Z INFO ActionManager] Load action that reference repository from 'C:\Trabalho\actions-runner\_work\_actions\actions\checkout\v4'
[2025-11-13 23:38:41Z INFO HostContext] Well known directory 'Bin': 'C:\Trabalho\actions-runner\bin'
[2025-11-13 23:38:41Z INFO HostContext] Well known directory 'Root': 'C:\Trabalho\actions-runner'
[2025-11-13 23:38:41Z INFO HostContext] Well known directory 'Work': 'C:\Trabalho\actions-runner\_work'
[2025-11-13 23:38:41Z INFO HostContext] Well known directory 'Actions': 'C:\Trabalho\actions-runner\_work\_actions'
[2025-11-13 23:38:41Z INFO ActionManifestManager] Loaded action.yml file: {
  "name": "Checkout",
  "description": "Checkout a Git repository at a particular version",
  "inputs": {
    "type": 2,
    "map": [
      {
        "key": {
          "type": 0,
          "file": 2,
          "line": 4,
          "col": 3,
          "lit": "repository"
        },
        "value": {
          "type": 3,
          "file": 2,
          "line": 6,
          "col": 14,
          "expr": "github.repository"
        }
      },
      {
        "key": {
          "type": 0,
          "file": 2,
          "line": 7,
          "col": 3,
          "lit": "ref"
        },
        "value": ""
      },
      {
        "key": {
          "type": 0,
          "file": 2,
          "line": 12,
          "col": 3,
          "lit": "token"
        },
        "value": {
          "type": 3,
          "file": 2,
          "line": 24,
          "col": 14,
          "expr": "github.token"
        }
      },
      {
        "key": {
          "type": 0,
          "file": 2,
          "line": 25,
          "col": 3,
          "lit": "ssh-key"
        },
        "value": ""
      },
      {
        "key": {
          "type": 0,
          "file": 2,
          "line": 37,
          "col": 3,
          "lit": "ssh-known-hosts"
        },
        "value": ""
      },
      {
        "key": {
          "type": 0,
          "file": 2,
          "line": 42,
          "col": 3,
          "lit": "ssh-strict"
        },
        "value": {
          "type": 0,
          "file": 2,
          "line": 47,
          "col": 14,
          "lit": "true"
        }
      },
      {
        "key": {
          "type": 0,
          "file": 2,
          "line": 48,
          "col": 3,
          "lit": "ssh-user"
        },
        "value": {
          "type": 0,
          "file": 2,
          "line": 51,
          "col": 14,
          "lit": "git"
        }
      },
      {
        "key": {
          "type": 0,
          "file": 2,
          "line": 52,
          "col": 3,
          "lit": "persist-credentials"
        },
        "value": {
          "type": 0,
          "file": 2,
          "line": 54,
          "col": 14,
          "lit": "true"
        }
      },
      {
        "key": {
          "type": 0,
          "file": 2,
          "line": 55,
          "col": 3,
          "lit": "path"
        },
        "value": ""
      },
      {
        "key": {
          "type": 0,
          "file": 2,
          "line": 57,
          "col": 3,
          "lit": "clean"
        },
        "value": {
          "type": 0,
          "file": 2,
          "line": 59,
          "col": 14,
          "lit": "true"
        }
      },
      {
        "key": {
          "type": 0,
          "file": 2,
          "line": 60,
          "col": 3,
          "lit": "filter"
        },
        "value": {
          "type": 0,
          "file": 2,
          "line": 64,
          "col": 14,
          "lit": ""
        }
      },
      {
        "key": {
          "type": 0,
          "file": 2,
          "line": 65,
          "col": 3,
          "lit": "sparse-checkout"
        },
        "value": {
          "type": 0,
          "file": 2,
          "line": 69,
          "col": 14,
          "lit": ""
        }
      },
      {
        "key": {
          "type": 0,
          "file": 2,
          "line": 70,
          "col": 3,
          "lit": "sparse-checkout-cone-mode"
        },
        "value": {
          "type": 0,
          "file": 2,
          "line": 73,
          "col": 14,
          "lit": "true"
        }
      },
      {
        "key": {
          "type": 0,
          "file": 2,
          "line": 74,
          "col": 3,
          "lit": "fetch-depth"
        },
        "value": {
          "type": 0,
          "file": 2,
          "line": 76,
          "col": 14,
          "lit": "1"
        }
      },
      {
        "key": {
          "type": 0,
          "file": 2,
          "line": 77,
          "col": 3,
          "lit": "fetch-tags"
        },
        "value": {
          "type": 0,
          "file": 2,
          "line": 79,
          "col": 14,
          "lit": "false"
        }
      },
      {
        "key": {
          "type": 0,
          "file": 2,
          "line": 80,
          "col": 3,
          "lit": "show-progress"
        },
        "value": {
          "type": 0,
          "file": 2,
          "line": 82,
          "col": 14,
          "lit": "true"
        }
      },
      {
        "key": {
          "type": 0,
          "file": 2,
          "line": 83,
          "col": 3,
          "lit": "lfs"
        },
        "value": {
          "type": 0,
          "file": 2,
          "line": 85,
          "col": 14,
          "lit": "false"
        }
      },
      {
        "key": {
          "type": 0,
          "file": 2,
          "line": 86,
          "col": 3,
          "lit": "submodules"
        },
        "value": {
          "type": 0,
          "file": 2,
          "line": 94,
          "col": 14,
          "lit": "false"
        }
      },
      {
        "key": {
          "type": 0,
          "file": 2,
          "line": 95,
          "col": 3,
          "lit": "set-safe-directory"
        },
        "value": {
          "type": 0,
          "file": 2,
          "line": 97,
          "col": 14,
          "lit": "true"
        }
      },
      {
        "key": {
          "type": 0,
          "file": 2,
          "line": 98,
          "col": 3,
          "lit": "github-server-url"
        },
        "value": ""
      }
    ]
  },
  "execution": {
    "executionType": "nodeJS",
    "hasPre": false,
    "hasPost": true,
    "script": "dist/index.js",
    "pre": null,
    "post": "dist/index.js",
    "nodeVersion": "node20",
    "cleanupCondition": "always()",
    "initCondition": "always()"
  },
  "deprecated": null
}
[2025-11-13 23:38:41Z INFO ActionManager] Action pre node.js file: N/A.
[2025-11-13 23:38:41Z INFO ActionManager] Action node.js file: dist/index.js.
[2025-11-13 23:38:41Z INFO ActionManager] Action post node.js file: dist/index.js.
[2025-11-13 23:38:41Z INFO JobExtension] Adding .
[2025-11-13 23:38:41Z INFO JobExtension] Adding .
[2025-11-13 23:38:41Z INFO JobExtension] Adding .
[2025-11-13 23:38:41Z INFO JobExtension] Adding .
[2025-11-13 23:38:41Z INFO JobExtension] Adding .
[2025-11-13 23:38:41Z INFO JobExtension] Adding .
[2025-11-13 23:38:41Z INFO JobExtension] Adding .
[2025-11-13 23:38:41Z INFO JobExtension] Adding .
[2025-11-13 23:38:41Z INFO JobExtension] Adding .
[2025-11-13 23:38:41Z INFO JobExtension] Adding .
[2025-11-13 23:38:41Z INFO JobExtension] Adding .
[2025-11-13 23:38:41Z INFO HostContext] Well known directory 'Bin': 'C:\Trabalho\actions-runner\bin'
[2025-11-13 23:38:41Z INFO HostContext] Well known directory 'Root': 'C:\Trabalho\actions-runner'
[2025-11-13 23:38:41Z INFO HostContext] Well known directory 'Diag': 'C:\Trabalho\actions-runner\_diag'
[2025-11-13 23:38:41Z INFO HostContext] Well known directory 'Bin': 'C:\Trabalho\actions-runner\bin'
[2025-11-13 23:38:41Z INFO HostContext] Well known directory 'Root': 'C:\Trabalho\actions-runner'
[2025-11-13 23:38:41Z INFO HostContext] Well known directory 'Diag': 'C:\Trabalho\actions-runner\_diag'
[2025-11-13 23:38:41Z INFO HostContext] Well known directory 'Bin': 'C:\Trabalho\actions-runner\bin'
[2025-11-13 23:38:41Z INFO HostContext] Well known directory 'Root': 'C:\Trabalho\actions-runner'
[2025-11-13 23:38:41Z INFO HostContext] Well known directory 'Diag': 'C:\Trabalho\actions-runner\_diag'
[2025-11-13 23:38:41Z INFO HostContext] Well known directory 'Bin': 'C:\Trabalho\actions-runner\bin'
[2025-11-13 23:38:41Z INFO HostContext] Well known directory 'Root': 'C:\Trabalho\actions-runner'
[2025-11-13 23:38:41Z INFO HostContext] Well known directory 'Diag': 'C:\Trabalho\actions-runner\_diag'
[2025-11-13 23:38:41Z INFO HostContext] Well known directory 'Bin': 'C:\Trabalho\actions-runner\bin'
[2025-11-13 23:38:41Z INFO HostContext] Well known directory 'Root': 'C:\Trabalho\actions-runner'
[2025-11-13 23:38:41Z INFO HostContext] Well known directory 'Diag': 'C:\Trabalho\actions-runner\_diag'
[2025-11-13 23:38:41Z INFO HostContext] Well known directory 'Bin': 'C:\Trabalho\actions-runner\bin'
[2025-11-13 23:38:41Z INFO HostContext] Well known directory 'Root': 'C:\Trabalho\actions-runner'
[2025-11-13 23:38:41Z INFO HostContext] Well known directory 'Diag': 'C:\Trabalho\actions-runner\_diag'
[2025-11-13 23:38:41Z INFO HostContext] Well known directory 'Bin': 'C:\Trabalho\actions-runner\bin'
[2025-11-13 23:38:41Z INFO HostContext] Well known directory 'Root': 'C:\Trabalho\actions-runner'
[2025-11-13 23:38:41Z INFO HostContext] Well known directory 'Diag': 'C:\Trabalho\actions-runner\_diag'
[2025-11-13 23:38:41Z INFO HostContext] Well known directory 'Bin': 'C:\Trabalho\actions-runner\bin'
[2025-11-13 23:38:41Z INFO HostContext] Well known directory 'Root': 'C:\Trabalho\actions-runner'
[2025-11-13 23:38:41Z INFO HostContext] Well known directory 'Diag': 'C:\Trabalho\actions-runner\_diag'
[2025-11-13 23:38:41Z INFO HostContext] Well known directory 'Bin': 'C:\Trabalho\actions-runner\bin'
[2025-11-13 23:38:41Z INFO HostContext] Well known directory 'Root': 'C:\Trabalho\actions-runner'
[2025-11-13 23:38:41Z INFO HostContext] Well known directory 'Diag': 'C:\Trabalho\actions-runner\_diag'
[2025-11-13 23:38:41Z INFO HostContext] Well known directory 'Bin': 'C:\Trabalho\actions-runner\bin'
[2025-11-13 23:38:41Z INFO HostContext] Well known directory 'Root': 'C:\Trabalho\actions-runner'
[2025-11-13 23:38:41Z INFO HostContext] Well known directory 'Diag': 'C:\Trabalho\actions-runner\_diag'
[2025-11-13 23:38:41Z INFO HostContext] Well known directory 'Bin': 'C:\Trabalho\actions-runner\bin'
[2025-11-13 23:38:41Z INFO HostContext] Well known directory 'Root': 'C:\Trabalho\actions-runner'
[2025-11-13 23:38:41Z INFO HostContext] Well known directory 'Diag': 'C:\Trabalho\actions-runner\_diag'
[2025-11-13 23:38:41Z INFO HostContext] Well known directory 'Bin': 'C:\Trabalho\actions-runner\bin'
[2025-11-13 23:38:41Z INFO HostContext] Well known directory 'Root': 'C:\Trabalho\actions-runner'
[2025-11-13 23:38:41Z INFO HostContext] Well known directory 'Diag': 'C:\Trabalho\actions-runner\_diag'
[2025-11-13 23:38:41Z INFO HostContext] Well known directory 'Bin': 'C:\Trabalho\actions-runner\bin'
[2025-11-13 23:38:41Z INFO HostContext] Well known directory 'Root': 'C:\Trabalho\actions-runner'
[2025-11-13 23:38:41Z INFO HostContext] Well known directory 'Diag': 'C:\Trabalho\actions-runner\_diag'
[2025-11-13 23:38:41Z INFO HostContext] Well known directory 'Bin': 'C:\Trabalho\actions-runner\bin'
[2025-11-13 23:38:41Z INFO HostContext] Well known directory 'Root': 'C:\Trabalho\actions-runner'
[2025-11-13 23:38:41Z INFO HostContext] Well known directory 'Diag': 'C:\Trabalho\actions-runner\_diag'
[2025-11-13 23:38:41Z INFO HostContext] Well known directory 'Bin': 'C:\Trabalho\actions-runner\bin'
[2025-11-13 23:38:41Z INFO HostContext] Well known directory 'Root': 'C:\Trabalho\actions-runner'
[2025-11-13 23:38:41Z INFO HostContext] Well known directory 'Diag': 'C:\Trabalho\actions-runner\_diag'
[2025-11-13 23:38:41Z INFO HostContext] Well known directory 'Bin': 'C:\Trabalho\actions-runner\bin'
[2025-11-13 23:38:41Z INFO HostContext] Well known directory 'Root': 'C:\Trabalho\actions-runner'
[2025-11-13 23:38:41Z INFO HostContext] Well known directory 'Diag': 'C:\Trabalho\actions-runner\_diag'
[2025-11-13 23:38:41Z INFO HostContext] Well known directory 'Bin': 'C:\Trabalho\actions-runner\bin'
[2025-11-13 23:38:41Z INFO HostContext] Well known directory 'Root': 'C:\Trabalho\actions-runner'
[2025-11-13 23:38:41Z INFO HostContext] Well known directory 'Diag': 'C:\Trabalho\actions-runner\_diag'
[2025-11-13 23:38:41Z INFO HostContext] Well known directory 'Bin': 'C:\Trabalho\actions-runner\bin'
[2025-11-13 23:38:41Z INFO HostContext] Well known directory 'Root': 'C:\Trabalho\actions-runner'
[2025-11-13 23:38:41Z INFO HostContext] Well known directory 'Diag': 'C:\Trabalho\actions-runner\_diag'
[2025-11-13 23:38:41Z INFO HostContext] Well known directory 'Bin': 'C:\Trabalho\actions-runner\bin'
[2025-11-13 23:38:41Z INFO HostContext] Well known directory 'Root': 'C:\Trabalho\actions-runner'
[2025-11-13 23:38:41Z INFO HostContext] Well known directory 'Diag': 'C:\Trabalho\actions-runner\_diag'
[2025-11-13 23:38:41Z INFO HostContext] Well known directory 'Bin': 'C:\Trabalho\actions-runner\bin'
[2025-11-13 23:38:41Z INFO HostContext] Well known directory 'Root': 'C:\Trabalho\actions-runner'
[2025-11-13 23:38:41Z INFO HostContext] Well known directory 'Diag': 'C:\Trabalho\actions-runner\_diag'
[2025-11-13 23:38:41Z INFO HostContext] Well known directory 'Bin': 'C:\Trabalho\actions-runner\bin'
[2025-11-13 23:38:41Z INFO HostContext] Well known directory 'Root': 'C:\Trabalho\actions-runner'
[2025-11-13 23:38:41Z INFO HostContext] Well known directory 'Diag': 'C:\Trabalho\actions-runner\_diag'
[2025-11-13 23:38:41Z INFO HostContext] Well known directory 'Bin': 'C:\Trabalho\actions-runner\bin'
[2025-11-13 23:38:41Z INFO HostContext] Well known directory 'Root': 'C:\Trabalho\actions-runner'
[2025-11-13 23:38:41Z INFO HostContext] Well known directory 'Diag': 'C:\Trabalho\actions-runner\_diag'
[2025-11-13 23:38:41Z INFO JobExtension] Total accessible running process: 274.
[2025-11-13 23:38:41Z INFO HostContext] Well known directory 'Bin': 'C:\Trabalho\actions-runner\bin'
[2025-11-13 23:38:41Z INFO HostContext] Well known directory 'Root': 'C:\Trabalho\actions-runner'
[2025-11-13 23:38:41Z INFO HostContext] Well known directory 'Work': 'C:\Trabalho\actions-runner\_work'
[2025-11-13 23:38:41Z INFO JobExtension] Start checking service connectivity in background.
[2025-11-13 23:38:41Z INFO ExecutionContext] Publish step telemetry for current step {
  "action": "setup_job",
  "type": "runner",
  "stage": "Pre",
  "stepId": "9c32157f-b0bc-4569-bd98-4a38ebdf2513",
  "result": "succeeded",
  "errorMessages": [],
  "executionTimeInSeconds": 3,
  "startTime": "2025-11-13T23:38:39.3284739Z",
  "finishTime": "2025-11-13T23:38:41.744385Z"
}.
[2025-11-13 23:38:41Z INFO JobRunner] Total job steps: 11.
[2025-11-13 23:38:41Z INFO JobRunner] Run all job steps.
[2025-11-13 23:38:41Z INFO StepsRunner] Processing step: DisplayName='Checkout'
[2025-11-13 23:38:41Z INFO StepsRunner] Evaluating: success()
[2025-11-13 23:38:41Z INFO StepsRunner] Result: true
[2025-11-13 23:38:41Z INFO StepsRunner] Starting the step.
[2025-11-13 23:38:41Z INFO HostContext] Well known directory 'Bin': 'C:\Trabalho\actions-runner\bin'
[2025-11-13 23:38:41Z INFO HostContext] Well known directory 'Root': 'C:\Trabalho\actions-runner'
[2025-11-13 23:38:41Z INFO HostContext] Well known directory 'Work': 'C:\Trabalho\actions-runner\_work'
[2025-11-13 23:38:41Z INFO StepsRunner] Which2: 'chcp'
[2025-11-13 23:38:41Z INFO StepsRunner] Location: 'C:\WINDOWS\system32\chcp.COM'
[2025-11-13 23:38:41Z INFO ProcessInvokerWrapper] Starting process:
[2025-11-13 23:38:41Z INFO ProcessInvokerWrapper]   File name: 'C:\WINDOWS\system32\chcp.COM'
[2025-11-13 23:38:41Z INFO ProcessInvokerWrapper]   Arguments: '65001'
[2025-11-13 23:38:41Z INFO ProcessInvokerWrapper]   Working directory: 'C:\Trabalho\actions-runner\_work'
[2025-11-13 23:38:41Z INFO ProcessInvokerWrapper]   Require exit code zero: 'False'
[2025-11-13 23:38:41Z INFO ProcessInvokerWrapper]   Encoding web name:  ; code page: ''
[2025-11-13 23:38:41Z INFO ProcessInvokerWrapper]   Force kill process on cancellation: 'False'
[2025-11-13 23:38:41Z INFO ProcessInvokerWrapper]   Redirected STDIN: 'False'
[2025-11-13 23:38:41Z INFO ProcessInvokerWrapper]   Persist current code page: 'True'
[2025-11-13 23:38:41Z INFO ProcessInvokerWrapper]   Keep redirected STDIN open: 'False'
[2025-11-13 23:38:41Z INFO ProcessInvokerWrapper]   High priority process: 'False'
[2025-11-13 23:38:41Z INFO JobServerQueue] Try to append 1 batches web console lines for record '9c32157f-b0bc-4569-bd98-4a38ebdf2513', success rate: 1/1.
[2025-11-13 23:38:41Z INFO ProcessInvokerWrapper] Process started with process id 20760, waiting for process exit.
[2025-11-13 23:38:41Z INFO ProcessInvokerWrapper] STDOUT/STDERR stream read finished.
[2025-11-13 23:38:41Z INFO ProcessInvokerWrapper] STDOUT/STDERR stream read finished.
[2025-11-13 23:38:41Z INFO ProcessInvokerWrapper] Finished process 20760 with exit code 0, and elapsed time 00:00:00.0468056.
[2025-11-13 23:38:41Z INFO StepsRunner] Successfully returned to code page 65001 (UTF8)
[2025-11-13 23:38:41Z INFO HostContext] Well known directory 'Bin': 'C:\Trabalho\actions-runner\bin'
[2025-11-13 23:38:41Z INFO HostContext] Well known directory 'Root': 'C:\Trabalho\actions-runner'
[2025-11-13 23:38:41Z INFO HostContext] Well known directory 'Work': 'C:\Trabalho\actions-runner\_work'
[2025-11-13 23:38:41Z INFO HostContext] Well known directory 'Actions': 'C:\Trabalho\actions-runner\_work\_actions'
[2025-11-13 23:38:41Z INFO ActionManager] Load action that reference repository from 'C:\Trabalho\actions-runner\_work\_actions\actions\checkout\v4'
[2025-11-13 23:38:41Z INFO HostContext] Well known directory 'Bin': 'C:\Trabalho\actions-runner\bin'
[2025-11-13 23:38:41Z INFO HostContext] Well known directory 'Root': 'C:\Trabalho\actions-runner'
[2025-11-13 23:38:41Z INFO HostContext] Well known directory 'Work': 'C:\Trabalho\actions-runner\_work'
[2025-11-13 23:38:41Z INFO HostContext] Well known directory 'Actions': 'C:\Trabalho\actions-runner\_work\_actions'
[2025-11-13 23:38:41Z INFO ActionManifestManager] Loaded action.yml file: {
  "name": "Checkout",
  "description": "Checkout a Git repository at a particular version",
  "inputs": {
    "type": 2,
    "map": [
      {
        "key": {
          "type": 0,
          "file": 2,
          "line": 4,
          "col": 3,
          "lit": "repository"
        },
        "value": {
          "type": 3,
          "file": 2,
          "line": 6,
          "col": 14,
          "expr": "github.repository"
        }
      },
      {
        "key": {
          "type": 0,
          "file": 2,
          "line": 7,
          "col": 3,
          "lit": "ref"
        },
        "value": ""
      },
      {
        "key": {
          "type": 0,
          "file": 2,
          "line": 12,
          "col": 3,
          "lit": "token"
        },
        "value": {
          "type": 3,
          "file": 2,
          "line": 24,
          "col": 14,
          "expr": "github.token"
        }
      },
      {
        "key": {
          "type": 0,
          "file": 2,
          "line": 25,
          "col": 3,
          "lit": "ssh-key"
        },
        "value": ""
      },
      {
        "key": {
          "type": 0,
          "file": 2,
          "line": 37,
          "col": 3,
          "lit": "ssh-known-hosts"
        },
        "value": ""
      },
      {
        "key": {
          "type": 0,
          "file": 2,
          "line": 42,
          "col": 3,
          "lit": "ssh-strict"
        },
        "value": {
          "type": 0,
          "file": 2,
          "line": 47,
          "col": 14,
          "lit": "true"
        }
      },
      {
        "key": {
          "type": 0,
          "file": 2,
          "line": 48,
          "col": 3,
          "lit": "ssh-user"
        },
        "value": {
          "type": 0,
          "file": 2,
          "line": 51,
          "col": 14,
          "lit": "git"
        }
      },
      {
        "key": {
          "type": 0,
          "file": 2,
          "line": 52,
          "col": 3,
          "lit": "persist-credentials"
        },
        "value": {
          "type": 0,
          "file": 2,
          "line": 54,
          "col": 14,
          "lit": "true"
        }
      },
      {
        "key": {
          "type": 0,
          "file": 2,
          "line": 55,
          "col": 3,
          "lit": "path"
        },
        "value": ""
      },
      {
        "key": {
          "type": 0,
          "file": 2,
          "line": 57,
          "col": 3,
          "lit": "clean"
        },
        "value": {
          "type": 0,
          "file": 2,
          "line": 59,
          "col": 14,
          "lit": "true"
        }
      },
      {
        "key": {
          "type": 0,
          "file": 2,
          "line": 60,
          "col": 3,
          "lit": "filter"
        },
        "value": {
          "type": 0,
          "file": 2,
          "line": 64,
          "col": 14,
          "lit": ""
        }
      },
      {
        "key": {
          "type": 0,
          "file": 2,
          "line": 65,
          "col": 3,
          "lit": "sparse-checkout"
        },
        "value": {
          "type": 0,
          "file": 2,
          "line": 69,
          "col": 14,
          "lit": ""
        }
      },
      {
        "key": {
          "type": 0,
          "file": 2,
          "line": 70,
          "col": 3,
          "lit": "sparse-checkout-cone-mode"
        },
        "value": {
          "type": 0,
          "file": 2,
          "line": 73,
          "col": 14,
          "lit": "true"
        }
      },
      {
        "key": {
          "type": 0,
          "file": 2,
          "line": 74,
          "col": 3,
          "lit": "fetch-depth"
        },
        "value": {
          "type": 0,
          "file": 2,
          "line": 76,
          "col": 14,
          "lit": "1"
        }
      },
      {
        "key": {
          "type": 0,
          "file": 2,
          "line": 77,
          "col": 3,
          "lit": "fetch-tags"
        },
        "value": {
          "type": 0,
          "file": 2,
          "line": 79,
          "col": 14,
          "lit": "false"
        }
      },
      {
        "key": {
          "type": 0,
          "file": 2,
          "line": 80,
          "col": 3,
          "lit": "show-progress"
        },
        "value": {
          "type": 0,
          "file": 2,
          "line": 82,
          "col": 14,
          "lit": "true"
        }
      },
      {
        "key": {
          "type": 0,
          "file": 2,
          "line": 83,
          "col": 3,
          "lit": "lfs"
        },
        "value": {
          "type": 0,
          "file": 2,
          "line": 85,
          "col": 14,
          "lit": "false"
        }
      },
      {
        "key": {
          "type": 0,
          "file": 2,
          "line": 86,
          "col": 3,
          "lit": "submodules"
        },
        "value": {
          "type": 0,
          "file": 2,
          "line": 94,
          "col": 14,
          "lit": "false"
        }
      },
      {
        "key": {
          "type": 0,
          "file": 2,
          "line": 95,
          "col": 3,
          "lit": "set-safe-directory"
        },
        "value": {
          "type": 0,
          "file": 2,
          "line": 97,
          "col": 14,
          "lit": "true"
        }
      },
      {
        "key": {
          "type": 0,
          "file": 2,
          "line": 98,
          "col": 3,
          "lit": "github-server-url"
        },
        "value": ""
      }
    ]
  },
  "execution": {
    "executionType": "nodeJS",
    "hasPre": false,
    "hasPost": true,
    "script": "dist/index.js",
    "pre": null,
    "post": "dist/index.js",
    "nodeVersion": "node20",
    "cleanupCondition": "always()",
    "initCondition": "always()"
  },
  "deprecated": null
}
[2025-11-13 23:38:41Z INFO ActionManager] Action pre node.js file: N/A.
[2025-11-13 23:38:41Z INFO ActionManager] Action node.js file: dist/index.js.
[2025-11-13 23:38:41Z INFO ActionManager] Action post node.js file: dist/index.js.
[2025-11-13 23:38:41Z INFO ExecutionContext] Reserve record order 13 to 24 for post job actions.
[2025-11-13 23:38:41Z INFO HostContext] Well known directory 'Bin': 'C:\Trabalho\actions-runner\bin'
[2025-11-13 23:38:41Z INFO HostContext] Well known directory 'Root': 'C:\Trabalho\actions-runner'
[2025-11-13 23:38:41Z INFO HostContext] Well known directory 'Diag': 'C:\Trabalho\actions-runner\_diag'
[2025-11-13 23:38:41Z INFO HostContext] Well known directory 'Bin': 'C:\Trabalho\actions-runner\bin'
[2025-11-13 23:38:41Z INFO HostContext] Well known directory 'Root': 'C:\Trabalho\actions-runner'
[2025-11-13 23:38:41Z INFO HostContext] Well known directory 'Diag': 'C:\Trabalho\actions-runner\_diag'
[2025-11-13 23:38:41Z INFO HostContext] Well known directory 'Bin': 'C:\Trabalho\actions-runner\bin'
[2025-11-13 23:38:41Z INFO HostContext] Well known directory 'Root': 'C:\Trabalho\actions-runner'
[2025-11-13 23:38:41Z INFO HostContext] Well known directory 'Work': 'C:\Trabalho\actions-runner\_work'
[2025-11-13 23:38:41Z INFO HostContext] Well known directory 'Temp': 'C:\Trabalho\actions-runner\_work\_temp'
[2025-11-13 23:38:41Z INFO ExecutionContext] Write event payload to C:\Trabalho\actions-runner\_work\_temp\_github_workflow\event.json
[2025-11-13 23:38:41Z INFO HostContext] Well known directory 'Bin': 'C:\Trabalho\actions-runner\bin'
[2025-11-13 23:38:41Z INFO HostContext] Well known directory 'Root': 'C:\Trabalho\actions-runner'
[2025-11-13 23:38:41Z INFO HostContext] Well known directory 'Work': 'C:\Trabalho\actions-runner\_work'
[2025-11-13 23:38:41Z INFO HostContext] Well known directory 'Temp': 'C:\Trabalho\actions-runner\_work\_temp'
[2025-11-13 23:38:41Z INFO ExtensionManager] Getting extensions for interface: 'GitHub.Runner.Worker.IFileCommandExtension'
[2025-11-13 23:38:41Z INFO ExtensionManager] Creating instance: GitHub.Runner.Worker.AddPathFileCommand, Runner.Worker
[2025-11-13 23:38:41Z INFO ExtensionManager] Creating instance: GitHub.Runner.Worker.SetEnvFileCommand, Runner.Worker
[2025-11-13 23:38:41Z INFO ExtensionManager] Creating instance: GitHub.Runner.Worker.CreateStepSummaryCommand, Runner.Worker
[2025-11-13 23:38:41Z INFO ExtensionManager] Creating instance: GitHub.Runner.Worker.SaveStateFileCommand, Runner.Worker
[2025-11-13 23:38:41Z INFO ExtensionManager] Creating instance: GitHub.Runner.Worker.SetOutputFileCommand, Runner.Worker
[2025-11-13 23:38:41Z INFO ActionManifestManager] Input 'repository': *** value evaluate result: {
  "type": 0,
  "file": 2,
  "line": 6,
  "col": 14,
  "lit": "potinhek/Trabalho"
}
[2025-11-13 23:38:41Z INFO ActionManifestManager] Input 'ref': *** value evaluate result: ""
[2025-11-13 23:38:41Z INFO ActionManifestManager] Input 'token': *** value evaluate result: {
  "type": 0,
  "file": 2,
  "line": 24,
  "col": 14,
  "lit": "***"
}
[2025-11-13 23:38:41Z INFO ActionManifestManager] Input 'ssh-key': *** value evaluate result: ""
[2025-11-13 23:38:41Z INFO ActionManifestManager] Input 'ssh-known-hosts': *** value evaluate result: ""
[2025-11-13 23:38:41Z INFO ActionManifestManager] Input 'ssh-strict': *** value evaluate result: {
  "type": 0,
  "file": 2,
  "line": 47,
  "col": 14,
  "lit": "true"
}
[2025-11-13 23:38:41Z INFO ActionManifestManager] Input 'ssh-user': *** value evaluate result: {
  "type": 0,
  "file": 2,
  "line": 51,
  "col": 14,
  "lit": "git"
}
[2025-11-13 23:38:41Z INFO ActionManifestManager] Input 'persist-credentials': *** value evaluate result: {
  "type": 0,
  "file": 2,
  "line": 54,
  "col": 14,
  "lit": "true"
}
[2025-11-13 23:38:41Z INFO ActionManifestManager] Input 'path': *** value evaluate result: ""
[2025-11-13 23:38:41Z INFO ActionManifestManager] Input 'clean': *** value evaluate result: {
  "type": 0,
  "file": 2,
  "line": 59,
  "col": 14,
  "lit": "true"
}
[2025-11-13 23:38:41Z INFO ActionManifestManager] Input 'filter': *** value evaluate result: {
  "type": 0,
  "file": 2,
  "line": 64,
  "col": 14,
  "lit": ""
}
[2025-11-13 23:38:41Z INFO ActionManifestManager] Input 'sparse-checkout': *** value evaluate result: {
  "type": 0,
  "file": 2,
  "line": 69,
  "col": 14,
  "lit": ""
}
[2025-11-13 23:38:41Z INFO ActionManifestManager] Input 'sparse-checkout-cone-mode': *** value evaluate result: {
  "type": 0,
  "file": 2,
  "line": 73,
  "col": 14,
  "lit": "true"
}
[2025-11-13 23:38:41Z INFO ActionManifestManager] Input 'fetch-depth': *** value evaluate result: {
  "type": 0,
  "file": 2,
  "line": 76,
  "col": 14,
  "lit": "1"
}
[2025-11-13 23:38:41Z INFO ActionManifestManager] Input 'fetch-tags': *** value evaluate result: {
  "type": 0,
  "file": 2,
  "line": 79,
  "col": 14,
  "lit": "false"
}
[2025-11-13 23:38:41Z INFO ActionManifestManager] Input 'show-progress': *** value evaluate result: {
  "type": 0,
  "file": 2,
  "line": 82,
  "col": 14,
  "lit": "true"
}
[2025-11-13 23:38:41Z INFO ActionManifestManager] Input 'lfs': *** value evaluate result: {
  "type": 0,
  "file": 2,
  "line": 85,
  "col": 14,
  "lit": "false"
}
[2025-11-13 23:38:41Z INFO ActionManifestManager] Input 'submodules': *** value evaluate result: {
  "type": 0,
  "file": 2,
  "line": 94,
  "col": 14,
  "lit": "false"
}
[2025-11-13 23:38:41Z INFO ActionManifestManager] Input 'set-safe-directory': *** value evaluate result: {
  "type": 0,
  "file": 2,
  "line": 97,
  "col": 14,
  "lit": "true"
}
[2025-11-13 23:38:41Z INFO ActionManifestManager] Input 'github-server-url': *** value evaluate result: ""
[2025-11-13 23:38:42Z INFO ExtensionManager] Getting extensions for interface: 'GitHub.Runner.Worker.IActionCommandExtension'
[2025-11-13 23:38:42Z INFO ExtensionManager] Creating instance: GitHub.Runner.Worker.InternalPluginSetRepoPathCommandExtension, Runner.Worker
[2025-11-13 23:38:42Z INFO ExtensionManager] Creating instance: GitHub.Runner.Worker.SetEnvCommandExtension, Runner.Worker
[2025-11-13 23:38:42Z INFO ExtensionManager] Creating instance: GitHub.Runner.Worker.SetOutputCommandExtension, Runner.Worker
[2025-11-13 23:38:42Z INFO ExtensionManager] Creating instance: GitHub.Runner.Worker.SaveStateCommandExtension, Runner.Worker
[2025-11-13 23:38:42Z INFO ExtensionManager] Creating instance: GitHub.Runner.Worker.AddPathCommandExtension, Runner.Worker
[2025-11-13 23:38:42Z INFO ExtensionManager] Creating instance: GitHub.Runner.Worker.AddMaskCommandExtension, Runner.Worker
[2025-11-13 23:38:42Z INFO ExtensionManager] Creating instance: GitHub.Runner.Worker.AddMatcherCommandExtension, Runner.Worker
[2025-11-13 23:38:42Z INFO ExtensionManager] Creating instance: GitHub.Runner.Worker.RemoveMatcherCommandExtension, Runner.Worker
[2025-11-13 23:38:42Z INFO ExtensionManager] Creating instance: GitHub.Runner.Worker.WarningCommandExtension, Runner.Worker
[2025-11-13 23:38:42Z INFO ExtensionManager] Creating instance: GitHub.Runner.Worker.ErrorCommandExtension, Runner.Worker
[2025-11-13 23:38:42Z INFO ExtensionManager] Creating instance: GitHub.Runner.Worker.NoticeCommandExtension, Runner.Worker
[2025-11-13 23:38:42Z INFO ExtensionManager] Creating instance: GitHub.Runner.Worker.DebugCommandExtension, Runner.Worker
[2025-11-13 23:38:42Z INFO ExtensionManager] Creating instance: GitHub.Runner.Worker.GroupCommandExtension, Runner.Worker
[2025-11-13 23:38:42Z INFO ExtensionManager] Creating instance: GitHub.Runner.Worker.EndGroupCommandExtension, Runner.Worker
[2025-11-13 23:38:42Z INFO ExtensionManager] Creating instance: GitHub.Runner.Worker.EchoCommandExtension, Runner.Worker
[2025-11-13 23:38:42Z INFO ActionCommandManager] Register action command extension for command internal-set-repo-path
[2025-11-13 23:38:42Z INFO ActionCommandManager] Register action command extension for command set-env
[2025-11-13 23:38:42Z INFO ActionCommandManager] Register action command extension for command set-output
[2025-11-13 23:38:42Z INFO ActionCommandManager] Register action command extension for command save-state
[2025-11-13 23:38:42Z INFO ActionCommandManager] Register action command extension for command add-path
[2025-11-13 23:38:42Z INFO ActionCommandManager] Register action command extension for command add-mask
[2025-11-13 23:38:42Z INFO ActionCommandManager] Register action command extension for command add-matcher
[2025-11-13 23:38:42Z INFO ActionCommandManager] Register action command extension for command remove-matcher
[2025-11-13 23:38:42Z INFO ActionCommandManager] Register action command extension for command warning
[2025-11-13 23:38:42Z INFO ActionCommandManager] Register action command extension for command error
[2025-11-13 23:38:42Z INFO ActionCommandManager] Register action command extension for command notice
[2025-11-13 23:38:42Z INFO ActionCommandManager] Register action command extension for command debug
[2025-11-13 23:38:42Z INFO ActionCommandManager] Register action command extension for command group
[2025-11-13 23:38:42Z INFO ActionCommandManager] Register action command extension for command endgroup
[2025-11-13 23:38:42Z INFO ActionCommandManager] Register action command extension for command echo
[2025-11-13 23:38:42Z INFO HostContext] Well known directory 'Bin': 'C:\Trabalho\actions-runner\bin'
[2025-11-13 23:38:42Z INFO HostContext] Well known directory 'Root': 'C:\Trabalho\actions-runner'
[2025-11-13 23:38:42Z INFO HostContext] Well known directory 'Externals': 'C:\Trabalho\actions-runner\externals'
[2025-11-13 23:38:42Z INFO ProcessInvokerWrapper] Starting process:
[2025-11-13 23:38:42Z INFO ProcessInvokerWrapper]   File name: 'C:\Trabalho\actions-runner\externals\node20\bin\node.exe'
[2025-11-13 23:38:42Z INFO ProcessInvokerWrapper]   Arguments: '"C:\Trabalho\actions-runner\_work\_actions\actions\checkout\v4\dist/index.js"'
[2025-11-13 23:38:42Z INFO ProcessInvokerWrapper]   Working directory: 'C:\Trabalho\actions-runner\_work\Trabalho\Trabalho'
[2025-11-13 23:38:42Z INFO ProcessInvokerWrapper]   Require exit code zero: 'False'
[2025-11-13 23:38:42Z INFO ProcessInvokerWrapper]   Encoding web name: utf-8 ; code page: '65001'
[2025-11-13 23:38:42Z INFO ProcessInvokerWrapper]   Force kill process on cancellation: 'False'
[2025-11-13 23:38:42Z INFO ProcessInvokerWrapper]   Redirected STDIN: 'False'
[2025-11-13 23:38:42Z INFO ProcessInvokerWrapper]   Persist current code page: 'True'
[2025-11-13 23:38:42Z INFO ProcessInvokerWrapper]   Keep redirected STDIN open: 'False'
[2025-11-13 23:38:42Z INFO ProcessInvokerWrapper]   High priority process: 'False'
[2025-11-13 23:38:42Z INFO ProcessInvokerWrapper] Process started with process id 7688, waiting for process exit.
[2025-11-13 23:38:42Z INFO JobServerQueue] Try to append 1 batches web console lines for record '7f6cb8f7-5fc4-4917-8f56-21873d81e17b', success rate: 1/1.
[2025-11-13 23:38:42Z INFO JobServerQueue] Try to upload 1 log files or attachments, success rate: 1/1.
[2025-11-13 23:38:42Z INFO JobServerQueue] Got a step log file to send to results service.
[2025-11-13 23:38:42Z INFO JobServerQueue] Starting upload of step log file to results service ResultsLog, C:\Trabalho\actions-runner\_diag\blocks\4931e80d-852a-4950-82d2-b86d0516d641_9c32157f-b0bc-4569-bd98-4a38ebdf2513.1
[2025-11-13 23:38:42Z INFO AddMaskCommandExtension] Add new secret mask with length of 76
[2025-11-13 23:38:42Z INFO JobServerQueue] Try to append 1 batches web console lines for record '7f6cb8f7-5fc4-4917-8f56-21873d81e17b', success rate: 1/1.
[2025-11-13 23:38:43Z INFO JobServerQueue] Try to append 1 batches web console lines for record '7f6cb8f7-5fc4-4917-8f56-21873d81e17b', success rate: 1/1.
[2025-11-13 23:38:43Z INFO JobServerQueue] Try to append 1 batches web console lines for record '7f6cb8f7-5fc4-4917-8f56-21873d81e17b', success rate: 1/1.
[2025-11-13 23:38:43Z INFO JobServerQueue] Tried to upload 1 file(s) to results, success rate: 1/1.
[2025-11-13 23:38:43Z INFO JobServerQueue] Try to append 1 batches web console lines for record '7f6cb8f7-5fc4-4917-8f56-21873d81e17b', success rate: 1/1.
[2025-11-13 23:38:43Z INFO JobServerQueue] Try to append 1 batches web console lines for record '7f6cb8f7-5fc4-4917-8f56-21873d81e17b', success rate: 1/1.
[2025-11-13 23:38:45Z INFO JobServerQueue] Try to append 1 batches web console lines for record '7f6cb8f7-5fc4-4917-8f56-21873d81e17b', success rate: 1/1.
[2025-11-13 23:38:46Z INFO JobServerQueue] Try to append 1 batches web console lines for record '7f6cb8f7-5fc4-4917-8f56-21873d81e17b', success rate: 1/1.
[2025-11-13 23:38:46Z INFO JobServerQueue] Try to append 1 batches web console lines for record '7f6cb8f7-5fc4-4917-8f56-21873d81e17b', success rate: 1/1.
[2025-11-13 23:38:47Z INFO JobServerQueue] Try to append 1 batches web console lines for record '7f6cb8f7-5fc4-4917-8f56-21873d81e17b', success rate: 1/1.
[2025-11-13 23:38:47Z INFO JobServerQueue] Try to append 1 batches web console lines for record '7f6cb8f7-5fc4-4917-8f56-21873d81e17b', success rate: 1/1.
[2025-11-13 23:38:47Z INFO JobServerQueue] Try to append 1 batches web console lines for record '7f6cb8f7-5fc4-4917-8f56-21873d81e17b', success rate: 1/1.
[2025-11-13 23:38:48Z INFO JobServerQueue] Try to append 1 batches web console lines for record '7f6cb8f7-5fc4-4917-8f56-21873d81e17b', success rate: 1/1.
[2025-11-13 23:38:50Z INFO JobServerQueue] Try to append 1 batches web console lines for record '7f6cb8f7-5fc4-4917-8f56-21873d81e17b', success rate: 1/1.
[2025-11-13 23:38:51Z INFO HostContext] Well known directory 'Bin': 'C:\Trabalho\actions-runner\bin'
[2025-11-13 23:38:51Z INFO HostContext] Well known directory 'Root': 'C:\Trabalho\actions-runner'
[2025-11-13 23:38:51Z INFO HostContext] Well known directory 'Work': 'C:\Trabalho\actions-runner\_work'
[2025-11-13 23:38:52Z INFO JobServerQueue] Try to append 1 batches web console lines for record '7f6cb8f7-5fc4-4917-8f56-21873d81e17b', success rate: 1/1.
[2025-11-13 23:38:52Z INFO JobServerQueue] Try to append 1 batches web console lines for record '7f6cb8f7-5fc4-4917-8f56-21873d81e17b', success rate: 1/1.
[2025-11-13 23:39:01Z INFO HostContext] Well known directory 'Bin': 'C:\Trabalho\actions-runner\bin'
[2025-11-13 23:39:01Z INFO HostContext] Well known directory 'Root': 'C:\Trabalho\actions-runner'
[2025-11-13 23:39:01Z INFO HostContext] Well known directory 'Work': 'C:\Trabalho\actions-runner\_work'
[2025-11-13 23:39:11Z INFO HostContext] Well known directory 'Bin': 'C:\Trabalho\actions-runner\bin'
[2025-11-13 23:39:11Z INFO HostContext] Well known directory 'Root': 'C:\Trabalho\actions-runner'
[2025-11-13 23:39:11Z INFO HostContext] Well known directory 'Work': 'C:\Trabalho\actions-runner\_work'
[2025-11-13 23:39:16Z INFO JobServerQueue] Try to append 1 batches web console lines for record '7f6cb8f7-5fc4-4917-8f56-21873d81e17b', success rate: 1/1.
[2025-11-13 23:39:16Z INFO JobServerQueue] Try to append 1 batches web console lines for record '7f6cb8f7-5fc4-4917-8f56-21873d81e17b', success rate: 1/1.
[2025-11-13 23:39:16Z INFO JobServerQueue] Try to append 1 batches web console lines for record '7f6cb8f7-5fc4-4917-8f56-21873d81e17b', success rate: 1/1.
[2025-11-13 23:39:19Z INFO JobServerQueue] Try to append 1 batches web console lines for record '7f6cb8f7-5fc4-4917-8f56-21873d81e17b', success rate: 1/1.
[2025-11-13 23:39:19Z INFO JobServerQueue] Try to append 1 batches web console lines for record '7f6cb8f7-5fc4-4917-8f56-21873d81e17b', success rate: 1/1.
[2025-11-13 23:39:19Z INFO JobServerQueue] Try to append 1 batches web console lines for record '7f6cb8f7-5fc4-4917-8f56-21873d81e17b', success rate: 1/1.
[2025-11-13 23:39:20Z INFO JobServerQueue] Try to append 1 batches web console lines for record '7f6cb8f7-5fc4-4917-8f56-21873d81e17b', success rate: 1/1.
[2025-11-13 23:39:20Z INFO JobServerQueue] Try to append 1 batches web console lines for record '7f6cb8f7-5fc4-4917-8f56-21873d81e17b', success rate: 1/1.
[2025-11-13 23:39:21Z INFO JobServerQueue] Try to append 1 batches web console lines for record '7f6cb8f7-5fc4-4917-8f56-21873d81e17b', success rate: 1/1.
[2025-11-13 23:39:21Z INFO JobServerQueue] Try to append 1 batches web console lines for record '7f6cb8f7-5fc4-4917-8f56-21873d81e17b', success rate: 1/1.
[2025-11-13 23:39:21Z INFO JobServerQueue] Try to append 1 batches web console lines for record '7f6cb8f7-5fc4-4917-8f56-21873d81e17b', success rate: 1/1.
[2025-11-13 23:39:21Z INFO HostContext] Well known directory 'Bin': 'C:\Trabalho\actions-runner\bin'
[2025-11-13 23:39:21Z INFO HostContext] Well known directory 'Root': 'C:\Trabalho\actions-runner'
[2025-11-13 23:39:21Z INFO HostContext] Well known directory 'Work': 'C:\Trabalho\actions-runner\_work'
[2025-11-13 23:39:21Z INFO JobServerQueue] Try to append 1 batches web console lines for record '7f6cb8f7-5fc4-4917-8f56-21873d81e17b', success rate: 1/1.
[2025-11-13 23:39:22Z INFO JobServerQueue] Try to append 1 batches web console lines for record '7f6cb8f7-5fc4-4917-8f56-21873d81e17b', success rate: 1/1.
[2025-11-13 23:39:25Z INFO JobServerQueue] Try to append 1 batches web console lines for record '7f6cb8f7-5fc4-4917-8f56-21873d81e17b', success rate: 1/1.
[2025-11-13 23:39:26Z INFO JobServerQueue] Try to append 1 batches web console lines for record '7f6cb8f7-5fc4-4917-8f56-21873d81e17b', success rate: 1/1.
[2025-11-13 23:39:26Z INFO JobServerQueue] Try to append 1 batches web console lines for record '7f6cb8f7-5fc4-4917-8f56-21873d81e17b', success rate: 1/1.
[2025-11-13 23:39:26Z INFO JobServerQueue] Try to append 1 batches web console lines for record '7f6cb8f7-5fc4-4917-8f56-21873d81e17b', success rate: 1/1.
[2025-11-13 23:39:27Z INFO JobServerQueue] Try to append 1 batches web console lines for record '7f6cb8f7-5fc4-4917-8f56-21873d81e17b', success rate: 1/1.
[2025-11-13 23:39:27Z INFO JobServerQueue] Try to append 1 batches web console lines for record '7f6cb8f7-5fc4-4917-8f56-21873d81e17b', success rate: 1/1.
[2025-11-13 23:39:27Z INFO JobServerQueue] Try to append 1 batches web console lines for record '7f6cb8f7-5fc4-4917-8f56-21873d81e17b', success rate: 1/1.
[2025-11-13 23:39:27Z INFO JobServerQueue] Try to append 1 batches web console lines for record '7f6cb8f7-5fc4-4917-8f56-21873d81e17b', success rate: 1/1.
[2025-11-13 23:39:28Z INFO JobServerQueue] Try to append 1 batches web console lines for record '7f6cb8f7-5fc4-4917-8f56-21873d81e17b', success rate: 1/1.
[2025-11-13 23:39:28Z INFO JobServerQueue] Try to append 1 batches web console lines for record '7f6cb8f7-5fc4-4917-8f56-21873d81e17b', success rate: 1/1.
[2025-11-13 23:39:28Z INFO JobServerQueue] Try to append 1 batches web console lines for record '7f6cb8f7-5fc4-4917-8f56-21873d81e17b', success rate: 1/1.
[2025-11-13 23:39:28Z INFO JobServerQueue] Try to append 1 batches web console lines for record '7f6cb8f7-5fc4-4917-8f56-21873d81e17b', success rate: 1/1.
[2025-11-13 23:39:29Z INFO JobServerQueue] Try to append 1 batches web console lines for record '7f6cb8f7-5fc4-4917-8f56-21873d81e17b', success rate: 1/1.
[2025-11-13 23:39:29Z INFO JobServerQueue] Try to append 1 batches web console lines for record '7f6cb8f7-5fc4-4917-8f56-21873d81e17b', success rate: 1/1.
[2025-11-13 23:39:29Z INFO JobServerQueue] Try to append 1 batches web console lines for record '7f6cb8f7-5fc4-4917-8f56-21873d81e17b', success rate: 1/1.
[2025-11-13 23:39:30Z INFO JobServerQueue] Try to append 1 batches web console lines for record '7f6cb8f7-5fc4-4917-8f56-21873d81e17b', success rate: 1/1.
[2025-11-13 23:39:30Z INFO JobServerQueue] Try to append 1 batches web console lines for record '7f6cb8f7-5fc4-4917-8f56-21873d81e17b', success rate: 1/1.
[2025-11-13 23:39:30Z INFO JobServerQueue] Try to append 1 batches web console lines for record '7f6cb8f7-5fc4-4917-8f56-21873d81e17b', success rate: 1/1.
[2025-11-13 23:39:30Z INFO JobServerQueue] Try to append 1 batches web console lines for record '7f6cb8f7-5fc4-4917-8f56-21873d81e17b', success rate: 1/1.
[2025-11-13 23:39:31Z INFO JobServerQueue] Try to append 1 batches web console lines for record '7f6cb8f7-5fc4-4917-8f56-21873d81e17b', success rate: 1/1.
[2025-11-13 23:39:31Z INFO ProcessInvokerWrapper] STDOUT/STDERR stream read finished.
[2025-11-13 23:39:31Z INFO ProcessInvokerWrapper] STDOUT/STDERR stream read finished.
[2025-11-13 23:39:31Z INFO ProcessInvokerWrapper] Finished process 7688 with exit code 0, and elapsed time 00:00:49.1243892.
[2025-11-13 23:39:31Z INFO CreateStepSummaryCommand] Step Summary file (C:\Trabalho\actions-runner\_work\_temp\_runner_file_commands\step_summary_60740fa6-948c-448d-8c7b-bea08aefa5e5) is empty; skipping attachment upload
[2025-11-13 23:39:31Z INFO StepsRunner] Step result: 
[2025-11-13 23:39:31Z INFO ExecutionContext] Publish step telemetry for current step {
  "action": "actions/checkout",
  "ref": "v4",
  "type": "node20",
  "stage": "Main",
  "stepId": "7f6cb8f7-5fc4-4917-8f56-21873d81e17b",
  "stepContextName": "__actions_checkout",
  "hasPreStep": false,
  "hasPostStep": true,
  "result": "succeeded",
  "errorMessages": [
    "no submodule mapping found in .gitmodules for path 'actions-runner/_work/Trabalho/Trabalho'",
    "Unable to clean or reset the repository. The repository will be recreated instead."
  ],
  "executionTimeInSeconds": 50,
  "startTime": "2025-11-13T23:38:41.7854401Z",
  "finishTime": "2025-11-13T23:39:31.2043409Z"
}.
[2025-11-13 23:39:31Z INFO StepsRunner] No need for updating job result with current step result 'Succeeded'.
[2025-11-13 23:39:31Z INFO StepsRunner] Current state: job state = ''
[2025-11-13 23:39:31Z INFO StepsRunner] Processing step: DisplayName='Set vars'
[2025-11-13 23:39:31Z INFO StepsRunner] Evaluating: success()
[2025-11-13 23:39:31Z INFO StepsRunner] Result: true
[2025-11-13 23:39:31Z INFO StepsRunner] Starting the step.
[2025-11-13 23:39:31Z INFO HostContext] Well known directory 'Bin': 'C:\Trabalho\actions-runner\bin'
[2025-11-13 23:39:31Z INFO HostContext] Well known directory 'Root': 'C:\Trabalho\actions-runner'
[2025-11-13 23:39:31Z INFO HostContext] Well known directory 'Work': 'C:\Trabalho\actions-runner\_work'
[2025-11-13 23:39:31Z INFO StepsRunner] Which2: 'chcp'
[2025-11-13 23:39:31Z INFO StepsRunner] Location: 'C:\WINDOWS\system32\chcp.COM'
[2025-11-13 23:39:31Z INFO ProcessInvokerWrapper] Starting process:
[2025-11-13 23:39:31Z INFO ProcessInvokerWrapper]   File name: 'C:\WINDOWS\system32\chcp.COM'
[2025-11-13 23:39:31Z INFO ProcessInvokerWrapper]   Arguments: '65001'
[2025-11-13 23:39:31Z INFO ProcessInvokerWrapper]   Working directory: 'C:\Trabalho\actions-runner\_work'
[2025-11-13 23:39:31Z INFO ProcessInvokerWrapper]   Require exit code zero: 'False'
[2025-11-13 23:39:31Z INFO ProcessInvokerWrapper]   Encoding web name:  ; code page: ''
[2025-11-13 23:39:31Z INFO ProcessInvokerWrapper]   Force kill process on cancellation: 'False'
[2025-11-13 23:39:31Z INFO ProcessInvokerWrapper]   Redirected STDIN: 'False'
[2025-11-13 23:39:31Z INFO ProcessInvokerWrapper]   Persist current code page: 'True'
[2025-11-13 23:39:31Z INFO ProcessInvokerWrapper]   Keep redirected STDIN open: 'False'
[2025-11-13 23:39:31Z INFO ProcessInvokerWrapper]   High priority process: 'False'
[2025-11-13 23:39:31Z INFO ProcessInvokerWrapper] Process started with process id 10908, waiting for process exit.
[2025-11-13 23:39:31Z INFO ProcessInvokerWrapper] STDOUT/STDERR stream read finished.
[2025-11-13 23:39:31Z INFO ProcessInvokerWrapper] STDOUT/STDERR stream read finished.
[2025-11-13 23:39:31Z INFO ProcessInvokerWrapper] Finished process 10908 with exit code 0, and elapsed time 00:00:00.0282910.
[2025-11-13 23:39:31Z INFO StepsRunner] Successfully returned to code page 65001 (UTF8)
[2025-11-13 23:39:31Z INFO HostContext] Well known directory 'Bin': 'C:\Trabalho\actions-runner\bin'
[2025-11-13 23:39:31Z INFO HostContext] Well known directory 'Root': 'C:\Trabalho\actions-runner'
[2025-11-13 23:39:31Z INFO HostContext] Well known directory 'Work': 'C:\Trabalho\actions-runner\_work'
[2025-11-13 23:39:31Z INFO HostContext] Well known directory 'Temp': 'C:\Trabalho\actions-runner\_work\_temp'
[2025-11-13 23:39:31Z INFO ExecutionContext] Write event payload to C:\Trabalho\actions-runner\_work\_temp\_github_workflow\event.json
[2025-11-13 23:39:31Z INFO HostContext] Well known directory 'Bin': 'C:\Trabalho\actions-runner\bin'
[2025-11-13 23:39:31Z INFO HostContext] Well known directory 'Root': 'C:\Trabalho\actions-runner'
[2025-11-13 23:39:31Z INFO HostContext] Well known directory 'Work': 'C:\Trabalho\actions-runner\_work'
[2025-11-13 23:39:31Z INFO HostContext] Well known directory 'Temp': 'C:\Trabalho\actions-runner\_work\_temp'
[2025-11-13 23:39:31Z INFO ExtensionManager] Getting extensions for interface: 'GitHub.Runner.Worker.IFileCommandExtension'
[2025-11-13 23:39:31Z INFO ExtensionManager] Getting extensions for interface: 'GitHub.Runner.Worker.IActionCommandExtension'
[2025-11-13 23:39:31Z INFO ActionCommandManager] Register action command extension for command internal-set-repo-path
[2025-11-13 23:39:31Z INFO ActionCommandManager] Register action command extension for command set-env
[2025-11-13 23:39:31Z INFO ActionCommandManager] Register action command extension for command set-output
[2025-11-13 23:39:31Z INFO ActionCommandManager] Register action command extension for command save-state
[2025-11-13 23:39:31Z INFO ActionCommandManager] Register action command extension for command add-path
[2025-11-13 23:39:31Z INFO ActionCommandManager] Register action command extension for command add-mask
[2025-11-13 23:39:31Z INFO ActionCommandManager] Register action command extension for command add-matcher
[2025-11-13 23:39:31Z INFO ActionCommandManager] Register action command extension for command remove-matcher
[2025-11-13 23:39:31Z INFO ActionCommandManager] Register action command extension for command warning
[2025-11-13 23:39:31Z INFO ActionCommandManager] Register action command extension for command error
[2025-11-13 23:39:31Z INFO ActionCommandManager] Register action command extension for command notice
[2025-11-13 23:39:31Z INFO ActionCommandManager] Register action command extension for command debug
[2025-11-13 23:39:31Z INFO ActionCommandManager] Register action command extension for command group
[2025-11-13 23:39:31Z INFO ActionCommandManager] Register action command extension for command endgroup
[2025-11-13 23:39:31Z INFO ActionCommandManager] Register action command extension for command echo
[2025-11-13 23:39:31Z INFO ScriptHandler] Which2: 'powershell'
[2025-11-13 23:39:31Z INFO JobServerQueue] Try to append 1 batches web console lines for record '7f6cb8f7-5fc4-4917-8f56-21873d81e17b', success rate: 1/1.
[2025-11-13 23:39:31Z INFO JobServerQueue] Try to append 1 batches web console lines for record 'ae2e2dc7-1d3a-4d0b-906d-2955abca155a', success rate: 1/1.
[2025-11-13 23:39:31Z INFO ScriptHandler] Location: 'C:\WINDOWS\System32\WindowsPowerShell\v1.0\powershell.EXE'
[2025-11-13 23:39:31Z INFO HostContext] Well known directory 'Bin': 'C:\Trabalho\actions-runner\bin'
[2025-11-13 23:39:31Z INFO HostContext] Well known directory 'Root': 'C:\Trabalho\actions-runner'
[2025-11-13 23:39:31Z INFO HostContext] Well known directory 'Work': 'C:\Trabalho\actions-runner\_work'
[2025-11-13 23:39:31Z INFO HostContext] Well known directory 'Temp': 'C:\Trabalho\actions-runner\_work\_temp'
[2025-11-13 23:39:31Z INFO ScriptHandler] Which2: 'powershell'
[2025-11-13 23:39:31Z INFO ScriptHandler] Location: 'C:\WINDOWS\System32\WindowsPowerShell\v1.0\powershell.EXE'
[2025-11-13 23:39:31Z INFO ProcessInvokerWrapper] Starting process:
[2025-11-13 23:39:31Z INFO ProcessInvokerWrapper]   File name: 'C:\WINDOWS\System32\WindowsPowerShell\v1.0\powershell.EXE'
[2025-11-13 23:39:31Z INFO ProcessInvokerWrapper]   Arguments: '-command ". 'C:\Trabalho\actions-runner\_work\_temp\72c5892c-b4dd-4126-ae59-28117d180145.ps1'"'
[2025-11-13 23:39:31Z INFO ProcessInvokerWrapper]   Working directory: 'C:\Trabalho\actions-runner\_work\Trabalho\Trabalho'
[2025-11-13 23:39:31Z INFO ProcessInvokerWrapper]   Require exit code zero: 'False'
[2025-11-13 23:39:31Z INFO ProcessInvokerWrapper]   Encoding web name:  ; code page: ''
[2025-11-13 23:39:31Z INFO ProcessInvokerWrapper]   Force kill process on cancellation: 'False'
[2025-11-13 23:39:31Z INFO ProcessInvokerWrapper]   Redirected STDIN: 'False'
[2025-11-13 23:39:31Z INFO ProcessInvokerWrapper]   Persist current code page: 'True'
[2025-11-13 23:39:31Z INFO ProcessInvokerWrapper]   Keep redirected STDIN open: 'False'
[2025-11-13 23:39:31Z INFO ProcessInvokerWrapper]   High priority process: 'False'
[2025-11-13 23:39:31Z INFO ProcessInvokerWrapper] Process started with process id 13800, waiting for process exit.
[2025-11-13 23:39:31Z INFO JobServerQueue] Try to append 1 batches web console lines for record 'ae2e2dc7-1d3a-4d0b-906d-2955abca155a', success rate: 1/1.
[2025-11-13 23:39:31Z INFO JobServerQueue] Try to upload 1 log files or attachments, success rate: 1/1.
[2025-11-13 23:39:31Z INFO HostContext] Well known directory 'Bin': 'C:\Trabalho\actions-runner\bin'
[2025-11-13 23:39:31Z INFO HostContext] Well known directory 'Root': 'C:\Trabalho\actions-runner'
[2025-11-13 23:39:31Z INFO HostContext] Well known directory 'Work': 'C:\Trabalho\actions-runner\_work'
[2025-11-13 23:39:31Z INFO JobServerQueue] Got a step log file to send to results service.
[2025-11-13 23:39:31Z INFO JobServerQueue] Starting upload of step log file to results service ResultsLog, C:\Trabalho\actions-runner\_diag\blocks\4931e80d-852a-4950-82d2-b86d0516d641_7f6cb8f7-5fc4-4917-8f56-21873d81e17b.1
[2025-11-13 23:39:32Z INFO JobServerQueue] Tried to upload 1 file(s) to results, success rate: 1/1.
[2025-11-13 23:39:32Z INFO ProcessInvokerWrapper] STDOUT/STDERR stream read finished.
[2025-11-13 23:39:32Z INFO ProcessInvokerWrapper] STDOUT/STDERR stream read finished.
[2025-11-13 23:39:32Z INFO ProcessInvokerWrapper] Finished process 13800 with exit code 0, and elapsed time 00:00:01.6442110.
[2025-11-13 23:39:32Z INFO CreateStepSummaryCommand] Step Summary file (C:\Trabalho\actions-runner\_work\_temp\_runner_file_commands\step_summary_be425714-d83f-4cb8-ad79-96c358f0e43e) is empty; skipping attachment upload
[2025-11-13 23:39:32Z INFO StepsRunner] Step result: 
[2025-11-13 23:39:32Z INFO ExecutionContext] Publish step telemetry for current step {
  "action": "powershell",
  "type": "run",
  "stage": "Main",
  "stepId": "ae2e2dc7-1d3a-4d0b-906d-2955abca155a",
  "stepContextName": "vars",
  "result": "succeeded",
  "errorMessages": [],
  "executionTimeInSeconds": 2,
  "startTime": "2025-11-13T23:39:31.2160379Z",
  "finishTime": "2025-11-13T23:39:32.9969691Z"
}.
[2025-11-13 23:39:33Z INFO StepsRunner] No need for updating job result with current step result 'Succeeded'.
[2025-11-13 23:39:33Z INFO StepsRunner] Current state: job state = ''
[2025-11-13 23:39:33Z INFO StepsRunner] Processing step: DisplayName='Ensure kubectl'
[2025-11-13 23:39:33Z INFO StepsRunner] Evaluating: success()
[2025-11-13 23:39:33Z INFO StepsRunner] Result: true
[2025-11-13 23:39:33Z INFO StepsRunner] Starting the step.
[2025-11-13 23:39:33Z INFO HostContext] Well known directory 'Bin': 'C:\Trabalho\actions-runner\bin'
[2025-11-13 23:39:33Z INFO HostContext] Well known directory 'Root': 'C:\Trabalho\actions-runner'
[2025-11-13 23:39:33Z INFO HostContext] Well known directory 'Work': 'C:\Trabalho\actions-runner\_work'
[2025-11-13 23:39:33Z INFO StepsRunner] Which2: 'chcp'
[2025-11-13 23:39:33Z INFO StepsRunner] Location: 'C:\WINDOWS\system32\chcp.COM'
[2025-11-13 23:39:33Z INFO ProcessInvokerWrapper] Starting process:
[2025-11-13 23:39:33Z INFO ProcessInvokerWrapper]   File name: 'C:\WINDOWS\system32\chcp.COM'
[2025-11-13 23:39:33Z INFO ProcessInvokerWrapper]   Arguments: '65001'
[2025-11-13 23:39:33Z INFO ProcessInvokerWrapper]   Working directory: 'C:\Trabalho\actions-runner\_work'
[2025-11-13 23:39:33Z INFO ProcessInvokerWrapper]   Require exit code zero: 'False'
[2025-11-13 23:39:33Z INFO ProcessInvokerWrapper]   Encoding web name:  ; code page: ''
[2025-11-13 23:39:33Z INFO ProcessInvokerWrapper]   Force kill process on cancellation: 'False'
[2025-11-13 23:39:33Z INFO ProcessInvokerWrapper]   Redirected STDIN: 'False'
[2025-11-13 23:39:33Z INFO ProcessInvokerWrapper]   Persist current code page: 'True'
[2025-11-13 23:39:33Z INFO ProcessInvokerWrapper]   Keep redirected STDIN open: 'False'
[2025-11-13 23:39:33Z INFO ProcessInvokerWrapper]   High priority process: 'False'
[2025-11-13 23:39:33Z INFO ProcessInvokerWrapper] Process started with process id 14580, waiting for process exit.
[2025-11-13 23:39:33Z INFO ProcessInvokerWrapper] STDOUT/STDERR stream read finished.
[2025-11-13 23:39:33Z INFO ProcessInvokerWrapper] STDOUT/STDERR stream read finished.
[2025-11-13 23:39:33Z INFO ProcessInvokerWrapper] Finished process 14580 with exit code 0, and elapsed time 00:00:00.0232821.
[2025-11-13 23:39:33Z INFO StepsRunner] Successfully returned to code page 65001 (UTF8)
[2025-11-13 23:39:33Z INFO HostContext] Well known directory 'Bin': 'C:\Trabalho\actions-runner\bin'
[2025-11-13 23:39:33Z INFO HostContext] Well known directory 'Root': 'C:\Trabalho\actions-runner'
[2025-11-13 23:39:33Z INFO HostContext] Well known directory 'Work': 'C:\Trabalho\actions-runner\_work'
[2025-11-13 23:39:33Z INFO HostContext] Well known directory 'Temp': 'C:\Trabalho\actions-runner\_work\_temp'
[2025-11-13 23:39:33Z INFO ExecutionContext] Write event payload to C:\Trabalho\actions-runner\_work\_temp\_github_workflow\event.json
[2025-11-13 23:39:33Z INFO HostContext] Well known directory 'Bin': 'C:\Trabalho\actions-runner\bin'
[2025-11-13 23:39:33Z INFO HostContext] Well known directory 'Root': 'C:\Trabalho\actions-runner'
[2025-11-13 23:39:33Z INFO HostContext] Well known directory 'Work': 'C:\Trabalho\actions-runner\_work'
[2025-11-13 23:39:33Z INFO HostContext] Well known directory 'Temp': 'C:\Trabalho\actions-runner\_work\_temp'
[2025-11-13 23:39:33Z INFO ExtensionManager] Getting extensions for interface: 'GitHub.Runner.Worker.IFileCommandExtension'
[2025-11-13 23:39:33Z INFO ExtensionManager] Getting extensions for interface: 'GitHub.Runner.Worker.IActionCommandExtension'
[2025-11-13 23:39:33Z INFO ActionCommandManager] Register action command extension for command internal-set-repo-path
[2025-11-13 23:39:33Z INFO ActionCommandManager] Register action command extension for command set-env
[2025-11-13 23:39:33Z INFO ActionCommandManager] Register action command extension for command set-output
[2025-11-13 23:39:33Z INFO ActionCommandManager] Register action command extension for command save-state
[2025-11-13 23:39:33Z INFO ActionCommandManager] Register action command extension for command add-path
[2025-11-13 23:39:33Z INFO ActionCommandManager] Register action command extension for command add-mask
[2025-11-13 23:39:33Z INFO ActionCommandManager] Register action command extension for command add-matcher
[2025-11-13 23:39:33Z INFO ActionCommandManager] Register action command extension for command remove-matcher
[2025-11-13 23:39:33Z INFO ActionCommandManager] Register action command extension for command warning
[2025-11-13 23:39:33Z INFO ActionCommandManager] Register action command extension for command error
[2025-11-13 23:39:33Z INFO ActionCommandManager] Register action command extension for command notice
[2025-11-13 23:39:33Z INFO ActionCommandManager] Register action command extension for command debug
[2025-11-13 23:39:33Z INFO ActionCommandManager] Register action command extension for command group
[2025-11-13 23:39:33Z INFO ActionCommandManager] Register action command extension for command endgroup
[2025-11-13 23:39:33Z INFO ActionCommandManager] Register action command extension for command echo
[2025-11-13 23:39:33Z INFO ScriptHandler] Which2: 'powershell'
[2025-11-13 23:39:33Z INFO ScriptHandler] Location: 'C:\WINDOWS\System32\WindowsPowerShell\v1.0\powershell.EXE'
[2025-11-13 23:39:33Z INFO HostContext] Well known directory 'Bin': 'C:\Trabalho\actions-runner\bin'
[2025-11-13 23:39:33Z INFO HostContext] Well known directory 'Root': 'C:\Trabalho\actions-runner'
[2025-11-13 23:39:33Z INFO HostContext] Well known directory 'Work': 'C:\Trabalho\actions-runner\_work'
[2025-11-13 23:39:33Z INFO HostContext] Well known directory 'Temp': 'C:\Trabalho\actions-runner\_work\_temp'
[2025-11-13 23:39:33Z INFO ScriptHandler] Which2: 'powershell'
[2025-11-13 23:39:33Z INFO ScriptHandler] Location: 'C:\WINDOWS\System32\WindowsPowerShell\v1.0\powershell.EXE'
[2025-11-13 23:39:33Z INFO ProcessInvokerWrapper] Starting process:
[2025-11-13 23:39:33Z INFO ProcessInvokerWrapper]   File name: 'C:\WINDOWS\System32\WindowsPowerShell\v1.0\powershell.EXE'
[2025-11-13 23:39:33Z INFO ProcessInvokerWrapper]   Arguments: '-command ". 'C:\Trabalho\actions-runner\_work\_temp\4fe28cff-24eb-4633-a050-71c3e43c491f.ps1'"'
[2025-11-13 23:39:33Z INFO ProcessInvokerWrapper]   Working directory: 'C:\Trabalho\actions-runner\_work\Trabalho\Trabalho'
[2025-11-13 23:39:33Z INFO ProcessInvokerWrapper]   Require exit code zero: 'False'
[2025-11-13 23:39:33Z INFO ProcessInvokerWrapper]   Encoding web name:  ; code page: ''
[2025-11-13 23:39:33Z INFO ProcessInvokerWrapper]   Force kill process on cancellation: 'False'
[2025-11-13 23:39:33Z INFO ProcessInvokerWrapper]   Redirected STDIN: 'False'
[2025-11-13 23:39:33Z INFO ProcessInvokerWrapper]   Persist current code page: 'True'
[2025-11-13 23:39:33Z INFO ProcessInvokerWrapper]   Keep redirected STDIN open: 'False'
[2025-11-13 23:39:33Z INFO ProcessInvokerWrapper]   High priority process: 'False'
[2025-11-13 23:39:33Z INFO JobServerQueue] Try to append 1 batches web console lines for record 'adcd2cee-10e8-428a-b839-7d4405d590b3', success rate: 1/1.
[2025-11-13 23:39:33Z INFO ProcessInvokerWrapper] Process started with process id 15152, waiting for process exit.
[2025-11-13 23:39:33Z INFO JobServerQueue] Got a step log file to send to results service.
[2025-11-13 23:39:33Z INFO JobServerQueue] Starting upload of step log file to results service ResultsLog, C:\Trabalho\actions-runner\_diag\blocks\4931e80d-852a-4950-82d2-b86d0516d641_ae2e2dc7-1d3a-4d0b-906d-2955abca155a.1
[2025-11-13 23:39:33Z INFO JobServerQueue] Try to upload 1 log files or attachments, success rate: 1/1.
[2025-11-13 23:39:33Z INFO JobServerQueue] Tried to upload 1 file(s) to results, success rate: 1/1.
[2025-11-13 23:39:34Z INFO JobServerQueue] Try to append 1 batches web console lines for record 'adcd2cee-10e8-428a-b839-7d4405d590b3', success rate: 1/1.
[2025-11-13 23:39:34Z INFO ProcessInvokerWrapper] STDOUT/STDERR stream read finished.
[2025-11-13 23:39:34Z INFO ProcessInvokerWrapper] STDOUT/STDERR stream read finished.
[2025-11-13 23:39:34Z INFO ProcessInvokerWrapper] Finished process 15152 with exit code 0, and elapsed time 00:00:01.1704277.
[2025-11-13 23:39:34Z INFO CreateStepSummaryCommand] Step Summary file (C:\Trabalho\actions-runner\_work\_temp\_runner_file_commands\step_summary_c868a700-e07d-45f2-9c80-b2269d04e691) is empty; skipping attachment upload
[2025-11-13 23:39:34Z INFO StepsRunner] Step result: 
[2025-11-13 23:39:34Z INFO ExecutionContext] Publish step telemetry for current step {
  "action": "powershell",
  "type": "run",
  "stage": "Main",
  "stepId": "adcd2cee-10e8-428a-b839-7d4405d590b3",
  "stepContextName": "__run",
  "result": "succeeded",
  "errorMessages": [],
  "executionTimeInSeconds": 2,
  "startTime": "2025-11-13T23:39:33.0012337Z",
  "finishTime": "2025-11-13T23:39:34.2442879Z"
}.
[2025-11-13 23:39:34Z INFO StepsRunner] No need for updating job result with current step result 'Succeeded'.
[2025-11-13 23:39:34Z INFO StepsRunner] Current state: job state = ''
[2025-11-13 23:39:34Z INFO StepsRunner] Processing step: DisplayName='Ensure Minikube running'
[2025-11-13 23:39:34Z INFO StepsRunner] Evaluating: success()
[2025-11-13 23:39:34Z INFO StepsRunner] Result: true
[2025-11-13 23:39:34Z INFO StepsRunner] Starting the step.
[2025-11-13 23:39:34Z INFO HostContext] Well known directory 'Bin': 'C:\Trabalho\actions-runner\bin'
[2025-11-13 23:39:34Z INFO HostContext] Well known directory 'Root': 'C:\Trabalho\actions-runner'
[2025-11-13 23:39:34Z INFO HostContext] Well known directory 'Work': 'C:\Trabalho\actions-runner\_work'
[2025-11-13 23:39:34Z INFO StepsRunner] Which2: 'chcp'
[2025-11-13 23:39:34Z INFO StepsRunner] Location: 'C:\WINDOWS\system32\chcp.COM'
[2025-11-13 23:39:34Z INFO ProcessInvokerWrapper] Starting process:
[2025-11-13 23:39:34Z INFO ProcessInvokerWrapper]   File name: 'C:\WINDOWS\system32\chcp.COM'
[2025-11-13 23:39:34Z INFO ProcessInvokerWrapper]   Arguments: '65001'
[2025-11-13 23:39:34Z INFO ProcessInvokerWrapper]   Working directory: 'C:\Trabalho\actions-runner\_work'
[2025-11-13 23:39:34Z INFO ProcessInvokerWrapper]   Require exit code zero: 'False'
[2025-11-13 23:39:34Z INFO ProcessInvokerWrapper]   Encoding web name:  ; code page: ''
[2025-11-13 23:39:34Z INFO ProcessInvokerWrapper]   Force kill process on cancellation: 'False'
[2025-11-13 23:39:34Z INFO ProcessInvokerWrapper]   Redirected STDIN: 'False'
[2025-11-13 23:39:34Z INFO ProcessInvokerWrapper]   Persist current code page: 'True'
[2025-11-13 23:39:34Z INFO ProcessInvokerWrapper]   Keep redirected STDIN open: 'False'
[2025-11-13 23:39:34Z INFO ProcessInvokerWrapper]   High priority process: 'False'
[2025-11-13 23:39:34Z INFO ProcessInvokerWrapper] Process started with process id 9440, waiting for process exit.
[2025-11-13 23:39:34Z INFO ProcessInvokerWrapper] STDOUT/STDERR stream read finished.
[2025-11-13 23:39:34Z INFO ProcessInvokerWrapper] STDOUT/STDERR stream read finished.
[2025-11-13 23:39:34Z INFO ProcessInvokerWrapper] Finished process 9440 with exit code 0, and elapsed time 00:00:00.0242645.
[2025-11-13 23:39:34Z INFO StepsRunner] Successfully returned to code page 65001 (UTF8)
[2025-11-13 23:39:34Z INFO HostContext] Well known directory 'Bin': 'C:\Trabalho\actions-runner\bin'
[2025-11-13 23:39:34Z INFO HostContext] Well known directory 'Root': 'C:\Trabalho\actions-runner'
[2025-11-13 23:39:34Z INFO HostContext] Well known directory 'Work': 'C:\Trabalho\actions-runner\_work'
[2025-11-13 23:39:34Z INFO HostContext] Well known directory 'Temp': 'C:\Trabalho\actions-runner\_work\_temp'
[2025-11-13 23:39:34Z INFO ExecutionContext] Write event payload to C:\Trabalho\actions-runner\_work\_temp\_github_workflow\event.json
[2025-11-13 23:39:34Z INFO HostContext] Well known directory 'Bin': 'C:\Trabalho\actions-runner\bin'
[2025-11-13 23:39:34Z INFO HostContext] Well known directory 'Root': 'C:\Trabalho\actions-runner'
[2025-11-13 23:39:34Z INFO HostContext] Well known directory 'Work': 'C:\Trabalho\actions-runner\_work'
[2025-11-13 23:39:34Z INFO HostContext] Well known directory 'Temp': 'C:\Trabalho\actions-runner\_work\_temp'
[2025-11-13 23:39:34Z INFO ExtensionManager] Getting extensions for interface: 'GitHub.Runner.Worker.IFileCommandExtension'
[2025-11-13 23:39:34Z INFO ExtensionManager] Getting extensions for interface: 'GitHub.Runner.Worker.IActionCommandExtension'
[2025-11-13 23:39:34Z INFO ActionCommandManager] Register action command extension for command internal-set-repo-path
[2025-11-13 23:39:34Z INFO ActionCommandManager] Register action command extension for command set-env
[2025-11-13 23:39:34Z INFO ActionCommandManager] Register action command extension for command set-output
[2025-11-13 23:39:34Z INFO ActionCommandManager] Register action command extension for command save-state
[2025-11-13 23:39:34Z INFO ActionCommandManager] Register action command extension for command add-path
[2025-11-13 23:39:34Z INFO ActionCommandManager] Register action command extension for command add-mask
[2025-11-13 23:39:34Z INFO ActionCommandManager] Register action command extension for command add-matcher
[2025-11-13 23:39:34Z INFO ActionCommandManager] Register action command extension for command remove-matcher
[2025-11-13 23:39:34Z INFO ActionCommandManager] Register action command extension for command warning
[2025-11-13 23:39:34Z INFO ActionCommandManager] Register action command extension for command error
[2025-11-13 23:39:34Z INFO ActionCommandManager] Register action command extension for command notice
[2025-11-13 23:39:34Z INFO ActionCommandManager] Register action command extension for command debug
[2025-11-13 23:39:34Z INFO ActionCommandManager] Register action command extension for command group
[2025-11-13 23:39:34Z INFO ActionCommandManager] Register action command extension for command endgroup
[2025-11-13 23:39:34Z INFO ActionCommandManager] Register action command extension for command echo
[2025-11-13 23:39:34Z INFO ScriptHandler] Which2: 'powershell'
[2025-11-13 23:39:34Z INFO ScriptHandler] Location: 'C:\WINDOWS\System32\WindowsPowerShell\v1.0\powershell.EXE'
[2025-11-13 23:39:34Z INFO HostContext] Well known directory 'Bin': 'C:\Trabalho\actions-runner\bin'
[2025-11-13 23:39:34Z INFO HostContext] Well known directory 'Root': 'C:\Trabalho\actions-runner'
[2025-11-13 23:39:34Z INFO HostContext] Well known directory 'Work': 'C:\Trabalho\actions-runner\_work'
[2025-11-13 23:39:34Z INFO HostContext] Well known directory 'Temp': 'C:\Trabalho\actions-runner\_work\_temp'
[2025-11-13 23:39:34Z INFO ScriptHandler] Which2: 'powershell'
[2025-11-13 23:39:34Z INFO ScriptHandler] Location: 'C:\WINDOWS\System32\WindowsPowerShell\v1.0\powershell.EXE'
[2025-11-13 23:39:34Z INFO ProcessInvokerWrapper] Starting process:
[2025-11-13 23:39:34Z INFO ProcessInvokerWrapper]   File name: 'C:\WINDOWS\System32\WindowsPowerShell\v1.0\powershell.EXE'
[2025-11-13 23:39:34Z INFO ProcessInvokerWrapper]   Arguments: '-command ". 'C:\Trabalho\actions-runner\_work\_temp\f86d8fa7-a586-4faf-a089-7f4560082ea6.ps1'"'
[2025-11-13 23:39:34Z INFO ProcessInvokerWrapper]   Working directory: 'C:\Trabalho\actions-runner\_work\Trabalho\Trabalho'
[2025-11-13 23:39:34Z INFO ProcessInvokerWrapper]   Require exit code zero: 'False'
[2025-11-13 23:39:34Z INFO ProcessInvokerWrapper]   Encoding web name:  ; code page: ''
[2025-11-13 23:39:34Z INFO ProcessInvokerWrapper]   Force kill process on cancellation: 'False'
[2025-11-13 23:39:34Z INFO ProcessInvokerWrapper]   Redirected STDIN: 'False'
[2025-11-13 23:39:34Z INFO ProcessInvokerWrapper]   Persist current code page: 'True'
[2025-11-13 23:39:34Z INFO ProcessInvokerWrapper]   Keep redirected STDIN open: 'False'
[2025-11-13 23:39:34Z INFO ProcessInvokerWrapper]   High priority process: 'False'
[2025-11-13 23:39:34Z INFO ProcessInvokerWrapper] Process started with process id 15036, waiting for process exit.
[2025-11-13 23:39:34Z INFO JobServerQueue] Try to append 1 batches web console lines for record 'ad9aa84e-0b4e-4669-bfbd-f919dd5f2c10', success rate: 1/1.
[2025-11-13 23:39:34Z INFO JobServerQueue] Try to upload 1 log files or attachments, success rate: 1/1.
[2025-11-13 23:39:34Z INFO JobServerQueue] Got a step log file to send to results service.
[2025-11-13 23:39:34Z INFO JobServerQueue] Starting upload of step log file to results service ResultsLog, C:\Trabalho\actions-runner\_diag\blocks\4931e80d-852a-4950-82d2-b86d0516d641_adcd2cee-10e8-428a-b839-7d4405d590b3.1
[2025-11-13 23:39:35Z INFO JobServerQueue] Tried to upload 1 file(s) to results, success rate: 1/1.
[2025-11-13 23:39:37Z INFO JobServerQueue] Try to append 1 batches web console lines for record 'ad9aa84e-0b4e-4669-bfbd-f919dd5f2c10', success rate: 1/1.
[2025-11-13 23:39:38Z INFO JobServerQueue] Try to append 1 batches web console lines for record 'ad9aa84e-0b4e-4669-bfbd-f919dd5f2c10', success rate: 1/1.
[2025-11-13 23:39:38Z INFO ProcessInvokerWrapper] STDOUT/STDERR stream read finished.
[2025-11-13 23:39:38Z INFO ProcessInvokerWrapper] STDOUT/STDERR stream read finished.
[2025-11-13 23:39:38Z INFO ProcessInvokerWrapper] Finished process 15036 with exit code 0, and elapsed time 00:00:04.1694402.
[2025-11-13 23:39:38Z INFO CreateStepSummaryCommand] Step Summary file (C:\Trabalho\actions-runner\_work\_temp\_runner_file_commands\step_summary_df40034e-3215-4d92-aec1-0a397ac06adf) is empty; skipping attachment upload
[2025-11-13 23:39:38Z INFO StepsRunner] Step result: 
[2025-11-13 23:39:38Z INFO ExecutionContext] Publish step telemetry for current step {
  "action": "powershell",
  "type": "run",
  "stage": "Main",
  "stepId": "ad9aa84e-0b4e-4669-bfbd-f919dd5f2c10",
  "stepContextName": "__run_2",
  "result": "succeeded",
  "errorMessages": [],
  "executionTimeInSeconds": 5,
  "startTime": "2025-11-13T23:39:34.2468144Z",
  "finishTime": "2025-11-13T23:39:38.4925587Z"
}.
[2025-11-13 23:39:38Z INFO StepsRunner] No need for updating job result with current step result 'Succeeded'.
[2025-11-13 23:39:38Z INFO StepsRunner] Current state: job state = ''
[2025-11-13 23:39:38Z INFO StepsRunner] Processing step: DisplayName='Wait for API server (healthz)'
[2025-11-13 23:39:38Z INFO StepsRunner] Evaluating: success()
[2025-11-13 23:39:38Z INFO StepsRunner] Result: true
[2025-11-13 23:39:38Z INFO StepsRunner] Starting the step.
[2025-11-13 23:39:38Z INFO HostContext] Well known directory 'Bin': 'C:\Trabalho\actions-runner\bin'
[2025-11-13 23:39:38Z INFO HostContext] Well known directory 'Root': 'C:\Trabalho\actions-runner'
[2025-11-13 23:39:38Z INFO HostContext] Well known directory 'Work': 'C:\Trabalho\actions-runner\_work'
[2025-11-13 23:39:38Z INFO StepsRunner] Which2: 'chcp'
[2025-11-13 23:39:38Z INFO StepsRunner] Location: 'C:\WINDOWS\system32\chcp.COM'
[2025-11-13 23:39:38Z INFO ProcessInvokerWrapper] Starting process:
[2025-11-13 23:39:38Z INFO ProcessInvokerWrapper]   File name: 'C:\WINDOWS\system32\chcp.COM'
[2025-11-13 23:39:38Z INFO ProcessInvokerWrapper]   Arguments: '65001'
[2025-11-13 23:39:38Z INFO ProcessInvokerWrapper]   Working directory: 'C:\Trabalho\actions-runner\_work'
[2025-11-13 23:39:38Z INFO ProcessInvokerWrapper]   Require exit code zero: 'False'
[2025-11-13 23:39:38Z INFO ProcessInvokerWrapper]   Encoding web name:  ; code page: ''
[2025-11-13 23:39:38Z INFO ProcessInvokerWrapper]   Force kill process on cancellation: 'False'
[2025-11-13 23:39:38Z INFO ProcessInvokerWrapper]   Redirected STDIN: 'False'
[2025-11-13 23:39:38Z INFO ProcessInvokerWrapper]   Persist current code page: 'True'
[2025-11-13 23:39:38Z INFO ProcessInvokerWrapper]   Keep redirected STDIN open: 'False'
[2025-11-13 23:39:38Z INFO ProcessInvokerWrapper]   High priority process: 'False'
[2025-11-13 23:39:38Z INFO ProcessInvokerWrapper] Process started with process id 11680, waiting for process exit.
[2025-11-13 23:39:38Z INFO ProcessInvokerWrapper] STDOUT/STDERR stream read finished.
[2025-11-13 23:39:38Z INFO ProcessInvokerWrapper] STDOUT/STDERR stream read finished.
[2025-11-13 23:39:38Z INFO ProcessInvokerWrapper] Finished process 11680 with exit code 0, and elapsed time 00:00:00.0276294.
[2025-11-13 23:39:38Z INFO StepsRunner] Successfully returned to code page 65001 (UTF8)
[2025-11-13 23:39:38Z INFO HostContext] Well known directory 'Bin': 'C:\Trabalho\actions-runner\bin'
[2025-11-13 23:39:38Z INFO HostContext] Well known directory 'Root': 'C:\Trabalho\actions-runner'
[2025-11-13 23:39:38Z INFO HostContext] Well known directory 'Work': 'C:\Trabalho\actions-runner\_work'
[2025-11-13 23:39:38Z INFO HostContext] Well known directory 'Temp': 'C:\Trabalho\actions-runner\_work\_temp'
[2025-11-13 23:39:38Z INFO ExecutionContext] Write event payload to C:\Trabalho\actions-runner\_work\_temp\_github_workflow\event.json
[2025-11-13 23:39:38Z INFO HostContext] Well known directory 'Bin': 'C:\Trabalho\actions-runner\bin'
[2025-11-13 23:39:38Z INFO HostContext] Well known directory 'Root': 'C:\Trabalho\actions-runner'
[2025-11-13 23:39:38Z INFO HostContext] Well known directory 'Work': 'C:\Trabalho\actions-runner\_work'
[2025-11-13 23:39:38Z INFO HostContext] Well known directory 'Temp': 'C:\Trabalho\actions-runner\_work\_temp'
[2025-11-13 23:39:38Z INFO ExtensionManager] Getting extensions for interface: 'GitHub.Runner.Worker.IFileCommandExtension'
[2025-11-13 23:39:38Z INFO ExtensionManager] Getting extensions for interface: 'GitHub.Runner.Worker.IActionCommandExtension'
[2025-11-13 23:39:38Z INFO ActionCommandManager] Register action command extension for command internal-set-repo-path
[2025-11-13 23:39:38Z INFO ActionCommandManager] Register action command extension for command set-env
[2025-11-13 23:39:38Z INFO ActionCommandManager] Register action command extension for command set-output
[2025-11-13 23:39:38Z INFO ActionCommandManager] Register action command extension for command save-state
[2025-11-13 23:39:38Z INFO ActionCommandManager] Register action command extension for command add-path
[2025-11-13 23:39:38Z INFO ActionCommandManager] Register action command extension for command add-mask
[2025-11-13 23:39:38Z INFO ActionCommandManager] Register action command extension for command add-matcher
[2025-11-13 23:39:38Z INFO ActionCommandManager] Register action command extension for command remove-matcher
[2025-11-13 23:39:38Z INFO ActionCommandManager] Register action command extension for command warning
[2025-11-13 23:39:38Z INFO ActionCommandManager] Register action command extension for command error
[2025-11-13 23:39:38Z INFO ActionCommandManager] Register action command extension for command notice
[2025-11-13 23:39:38Z INFO ActionCommandManager] Register action command extension for command debug
[2025-11-13 23:39:38Z INFO ActionCommandManager] Register action command extension for command group
[2025-11-13 23:39:38Z INFO ActionCommandManager] Register action command extension for command endgroup
[2025-11-13 23:39:38Z INFO ActionCommandManager] Register action command extension for command echo
[2025-11-13 23:39:38Z INFO JobServerQueue] Got a step log file to send to results service.
[2025-11-13 23:39:38Z INFO JobServerQueue] Starting upload of step log file to results service ResultsLog, C:\Trabalho\actions-runner\_diag\blocks\4931e80d-852a-4950-82d2-b86d0516d641_ad9aa84e-0b4e-4669-bfbd-f919dd5f2c10.1
[2025-11-13 23:39:38Z INFO JobServerQueue] Try to append 1 batches web console lines for record 'ad9aa84e-0b4e-4669-bfbd-f919dd5f2c10', success rate: 1/1.
[2025-11-13 23:39:38Z INFO JobServerQueue] Try to append 1 batches web console lines for record '8608e45d-15fc-4807-a53b-a5782e946d5c', success rate: 1/1.
[2025-11-13 23:39:38Z INFO ScriptHandler] Which2: 'powershell'
[2025-11-13 23:39:38Z INFO ScriptHandler] Location: 'C:\WINDOWS\System32\WindowsPowerShell\v1.0\powershell.EXE'
[2025-11-13 23:39:38Z INFO HostContext] Well known directory 'Bin': 'C:\Trabalho\actions-runner\bin'
[2025-11-13 23:39:38Z INFO HostContext] Well known directory 'Root': 'C:\Trabalho\actions-runner'
[2025-11-13 23:39:38Z INFO HostContext] Well known directory 'Work': 'C:\Trabalho\actions-runner\_work'
[2025-11-13 23:39:38Z INFO HostContext] Well known directory 'Temp': 'C:\Trabalho\actions-runner\_work\_temp'
[2025-11-13 23:39:38Z INFO ScriptHandler] Which2: 'powershell'
[2025-11-13 23:39:38Z INFO ScriptHandler] Location: 'C:\WINDOWS\System32\WindowsPowerShell\v1.0\powershell.EXE'
[2025-11-13 23:39:38Z INFO ProcessInvokerWrapper] Starting process:
[2025-11-13 23:39:38Z INFO ProcessInvokerWrapper]   File name: 'C:\WINDOWS\System32\WindowsPowerShell\v1.0\powershell.EXE'
[2025-11-13 23:39:38Z INFO ProcessInvokerWrapper]   Arguments: '-command ". 'C:\Trabalho\actions-runner\_work\_temp\d0512e6d-a24a-48d7-9c86-0b04fe6fe545.ps1'"'
[2025-11-13 23:39:38Z INFO ProcessInvokerWrapper]   Working directory: 'C:\Trabalho\actions-runner\_work\Trabalho\Trabalho'
[2025-11-13 23:39:38Z INFO ProcessInvokerWrapper]   Require exit code zero: 'False'
[2025-11-13 23:39:38Z INFO ProcessInvokerWrapper]   Encoding web name:  ; code page: ''
[2025-11-13 23:39:38Z INFO ProcessInvokerWrapper]   Force kill process on cancellation: 'False'
[2025-11-13 23:39:38Z INFO ProcessInvokerWrapper]   Redirected STDIN: 'False'
[2025-11-13 23:39:38Z INFO ProcessInvokerWrapper]   Persist current code page: 'True'
[2025-11-13 23:39:38Z INFO ProcessInvokerWrapper]   Keep redirected STDIN open: 'False'
[2025-11-13 23:39:38Z INFO ProcessInvokerWrapper]   High priority process: 'False'
[2025-11-13 23:39:38Z INFO ProcessInvokerWrapper] Process started with process id 19220, waiting for process exit.
[2025-11-13 23:39:38Z INFO JobServerQueue] Try to upload 1 log files or attachments, success rate: 1/1.
[2025-11-13 23:39:38Z INFO JobServerQueue] Try to append 1 batches web console lines for record '8608e45d-15fc-4807-a53b-a5782e946d5c', success rate: 1/1.
[2025-11-13 23:39:39Z INFO JobServerQueue] Tried to upload 1 file(s) to results, success rate: 1/1.
[2025-11-13 23:39:39Z INFO JobServerQueue] Try to append 1 batches web console lines for record '8608e45d-15fc-4807-a53b-a5782e946d5c', success rate: 1/1.
[2025-11-13 23:39:40Z INFO JobServerQueue] Try to append 1 batches web console lines for record '8608e45d-15fc-4807-a53b-a5782e946d5c', success rate: 1/1.
[2025-11-13 23:39:40Z INFO ProcessInvokerWrapper] STDOUT/STDERR stream read finished.
[2025-11-13 23:39:40Z INFO ProcessInvokerWrapper] STDOUT/STDERR stream read finished.
[2025-11-13 23:39:40Z INFO JobServerQueue] Try to append 1 batches web console lines for record '8608e45d-15fc-4807-a53b-a5782e946d5c', success rate: 1/1.
[2025-11-13 23:39:40Z INFO ProcessInvokerWrapper] Finished process 19220 with exit code 0, and elapsed time 00:00:02.0655460.
[2025-11-13 23:39:40Z INFO CreateStepSummaryCommand] Step Summary file (C:\Trabalho\actions-runner\_work\_temp\_runner_file_commands\step_summary_b9ec75af-ca36-45f5-a2c3-7e134f603502) is empty; skipping attachment upload
[2025-11-13 23:39:40Z INFO StepsRunner] Step result: 
[2025-11-13 23:39:40Z INFO ExecutionContext] Publish step telemetry for current step {
  "action": "powershell",
  "type": "run",
  "stage": "Main",
  "stepId": "8608e45d-15fc-4807-a53b-a5782e946d5c",
  "stepContextName": "__run_3",
  "result": "succeeded",
  "errorMessages": [],
  "executionTimeInSeconds": 3,
  "startTime": "2025-11-13T23:39:38.4961857Z",
  "finishTime": "2025-11-13T23:39:40.6352882Z"
}.
[2025-11-13 23:39:40Z INFO StepsRunner] No need for updating job result with current step result 'Succeeded'.
[2025-11-13 23:39:40Z INFO StepsRunner] Current state: job state = ''
[2025-11-13 23:39:40Z INFO StepsRunner] Processing step: DisplayName='Create namespace if not exists'
[2025-11-13 23:39:40Z INFO StepsRunner] Evaluating: success()
[2025-11-13 23:39:40Z INFO StepsRunner] Result: true
[2025-11-13 23:39:40Z INFO StepsRunner] Starting the step.
[2025-11-13 23:39:40Z INFO HostContext] Well known directory 'Bin': 'C:\Trabalho\actions-runner\bin'
[2025-11-13 23:39:40Z INFO HostContext] Well known directory 'Root': 'C:\Trabalho\actions-runner'
[2025-11-13 23:39:40Z INFO HostContext] Well known directory 'Work': 'C:\Trabalho\actions-runner\_work'
[2025-11-13 23:39:40Z INFO StepsRunner] Which2: 'chcp'
[2025-11-13 23:39:40Z INFO StepsRunner] Location: 'C:\WINDOWS\system32\chcp.COM'
[2025-11-13 23:39:40Z INFO ProcessInvokerWrapper] Starting process:
[2025-11-13 23:39:40Z INFO ProcessInvokerWrapper]   File name: 'C:\WINDOWS\system32\chcp.COM'
[2025-11-13 23:39:40Z INFO ProcessInvokerWrapper]   Arguments: '65001'
[2025-11-13 23:39:40Z INFO ProcessInvokerWrapper]   Working directory: 'C:\Trabalho\actions-runner\_work'
[2025-11-13 23:39:40Z INFO ProcessInvokerWrapper]   Require exit code zero: 'False'
[2025-11-13 23:39:40Z INFO ProcessInvokerWrapper]   Encoding web name:  ; code page: ''
[2025-11-13 23:39:40Z INFO ProcessInvokerWrapper]   Force kill process on cancellation: 'False'
[2025-11-13 23:39:40Z INFO ProcessInvokerWrapper]   Redirected STDIN: 'False'
[2025-11-13 23:39:40Z INFO ProcessInvokerWrapper]   Persist current code page: 'True'
[2025-11-13 23:39:40Z INFO ProcessInvokerWrapper]   Keep redirected STDIN open: 'False'
[2025-11-13 23:39:40Z INFO ProcessInvokerWrapper]   High priority process: 'False'
[2025-11-13 23:39:40Z INFO ProcessInvokerWrapper] Process started with process id 16892, waiting for process exit.
[2025-11-13 23:39:40Z INFO ProcessInvokerWrapper] STDOUT/STDERR stream read finished.
[2025-11-13 23:39:40Z INFO ProcessInvokerWrapper] STDOUT/STDERR stream read finished.
[2025-11-13 23:39:40Z INFO ProcessInvokerWrapper] Finished process 16892 with exit code 0, and elapsed time 00:00:00.0295298.
[2025-11-13 23:39:40Z INFO StepsRunner] Successfully returned to code page 65001 (UTF8)
[2025-11-13 23:39:40Z INFO HostContext] Well known directory 'Bin': 'C:\Trabalho\actions-runner\bin'
[2025-11-13 23:39:40Z INFO HostContext] Well known directory 'Root': 'C:\Trabalho\actions-runner'
[2025-11-13 23:39:40Z INFO HostContext] Well known directory 'Work': 'C:\Trabalho\actions-runner\_work'
[2025-11-13 23:39:40Z INFO HostContext] Well known directory 'Temp': 'C:\Trabalho\actions-runner\_work\_temp'
[2025-11-13 23:39:40Z INFO ExecutionContext] Write event payload to C:\Trabalho\actions-runner\_work\_temp\_github_workflow\event.json
[2025-11-13 23:39:40Z INFO HostContext] Well known directory 'Bin': 'C:\Trabalho\actions-runner\bin'
[2025-11-13 23:39:40Z INFO HostContext] Well known directory 'Root': 'C:\Trabalho\actions-runner'
[2025-11-13 23:39:40Z INFO HostContext] Well known directory 'Work': 'C:\Trabalho\actions-runner\_work'
[2025-11-13 23:39:40Z INFO HostContext] Well known directory 'Temp': 'C:\Trabalho\actions-runner\_work\_temp'
[2025-11-13 23:39:40Z INFO ExtensionManager] Getting extensions for interface: 'GitHub.Runner.Worker.IFileCommandExtension'
[2025-11-13 23:39:40Z INFO ExtensionManager] Getting extensions for interface: 'GitHub.Runner.Worker.IActionCommandExtension'
[2025-11-13 23:39:40Z INFO ActionCommandManager] Register action command extension for command internal-set-repo-path
[2025-11-13 23:39:40Z INFO ActionCommandManager] Register action command extension for command set-env
[2025-11-13 23:39:40Z INFO ActionCommandManager] Register action command extension for command set-output
[2025-11-13 23:39:40Z INFO ActionCommandManager] Register action command extension for command save-state
[2025-11-13 23:39:40Z INFO ActionCommandManager] Register action command extension for command add-path
[2025-11-13 23:39:40Z INFO ActionCommandManager] Register action command extension for command add-mask
[2025-11-13 23:39:40Z INFO ActionCommandManager] Register action command extension for command add-matcher
[2025-11-13 23:39:40Z INFO ActionCommandManager] Register action command extension for command remove-matcher
[2025-11-13 23:39:40Z INFO ActionCommandManager] Register action command extension for command warning
[2025-11-13 23:39:40Z INFO ActionCommandManager] Register action command extension for command error
[2025-11-13 23:39:40Z INFO ActionCommandManager] Register action command extension for command notice
[2025-11-13 23:39:40Z INFO ActionCommandManager] Register action command extension for command debug
[2025-11-13 23:39:40Z INFO ActionCommandManager] Register action command extension for command group
[2025-11-13 23:39:40Z INFO ActionCommandManager] Register action command extension for command endgroup
[2025-11-13 23:39:40Z INFO ActionCommandManager] Register action command extension for command echo
[2025-11-13 23:39:40Z INFO ScriptHandler] Which2: 'powershell'
[2025-11-13 23:39:40Z INFO ScriptHandler] Location: 'C:\WINDOWS\System32\WindowsPowerShell\v1.0\powershell.EXE'
[2025-11-13 23:39:40Z INFO HostContext] Well known directory 'Bin': 'C:\Trabalho\actions-runner\bin'
[2025-11-13 23:39:40Z INFO HostContext] Well known directory 'Root': 'C:\Trabalho\actions-runner'
[2025-11-13 23:39:40Z INFO HostContext] Well known directory 'Work': 'C:\Trabalho\actions-runner\_work'
[2025-11-13 23:39:40Z INFO HostContext] Well known directory 'Temp': 'C:\Trabalho\actions-runner\_work\_temp'
[2025-11-13 23:39:40Z INFO ScriptHandler] Which2: 'powershell'
[2025-11-13 23:39:40Z INFO JobServerQueue] Try to upload 1 log files or attachments, success rate: 1/1.
[2025-11-13 23:39:40Z INFO ScriptHandler] Location: 'C:\WINDOWS\System32\WindowsPowerShell\v1.0\powershell.EXE'
[2025-11-13 23:39:40Z INFO ProcessInvokerWrapper] Starting process:
[2025-11-13 23:39:40Z INFO ProcessInvokerWrapper]   File name: 'C:\WINDOWS\System32\WindowsPowerShell\v1.0\powershell.EXE'
[2025-11-13 23:39:40Z INFO ProcessInvokerWrapper]   Arguments: '-command ". 'C:\Trabalho\actions-runner\_work\_temp\c14f9e8b-ddc7-410d-bbc6-b645bb7ca40a.ps1'"'
[2025-11-13 23:39:40Z INFO ProcessInvokerWrapper]   Working directory: 'C:\Trabalho\actions-runner\_work\Trabalho\Trabalho'
[2025-11-13 23:39:40Z INFO ProcessInvokerWrapper]   Require exit code zero: 'False'
[2025-11-13 23:39:40Z INFO ProcessInvokerWrapper]   Encoding web name:  ; code page: ''
[2025-11-13 23:39:40Z INFO ProcessInvokerWrapper]   Force kill process on cancellation: 'False'
[2025-11-13 23:39:40Z INFO ProcessInvokerWrapper]   Redirected STDIN: 'False'
[2025-11-13 23:39:40Z INFO ProcessInvokerWrapper]   Persist current code page: 'True'
[2025-11-13 23:39:40Z INFO ProcessInvokerWrapper]   Keep redirected STDIN open: 'False'
[2025-11-13 23:39:40Z INFO ProcessInvokerWrapper]   High priority process: 'False'
[2025-11-13 23:39:40Z INFO ProcessInvokerWrapper] Process started with process id 15680, waiting for process exit.
[2025-11-13 23:39:40Z INFO JobServerQueue] Try to append 1 batches web console lines for record 'b4d5fd9c-2b32-47b1-a887-a6c338e66cbd', success rate: 1/1.
[2025-11-13 23:39:41Z INFO JobServerQueue] Got a step log file to send to results service.
[2025-11-13 23:39:41Z INFO JobServerQueue] Starting upload of step log file to results service ResultsLog, C:\Trabalho\actions-runner\_diag\blocks\4931e80d-852a-4950-82d2-b86d0516d641_8608e45d-15fc-4807-a53b-a5782e946d5c.1
[2025-11-13 23:39:41Z INFO JobServerQueue] Stop aggressive process web console line queue.
[2025-11-13 23:39:41Z INFO JobServerQueue] Tried to upload 1 file(s) to results, success rate: 1/1.
[2025-11-13 23:39:41Z INFO HostContext] Well known directory 'Bin': 'C:\Trabalho\actions-runner\bin'
[2025-11-13 23:39:41Z INFO HostContext] Well known directory 'Root': 'C:\Trabalho\actions-runner'
[2025-11-13 23:39:41Z INFO HostContext] Well known directory 'Work': 'C:\Trabalho\actions-runner\_work'
[2025-11-13 23:39:42Z INFO ProcessInvokerWrapper] STDOUT/STDERR stream read finished.
[2025-11-13 23:39:42Z INFO ProcessInvokerWrapper] STDOUT/STDERR stream read finished.
[2025-11-13 23:39:42Z INFO ProcessInvokerWrapper] Finished process 15680 with exit code 0, and elapsed time 00:00:01.4040771.
[2025-11-13 23:39:42Z INFO CreateStepSummaryCommand] Step Summary file (C:\Trabalho\actions-runner\_work\_temp\_runner_file_commands\step_summary_46da9d0e-fafd-4097-91fb-3c8ecaf17ee9) is empty; skipping attachment upload
[2025-11-13 23:39:42Z INFO StepsRunner] Step result: 
[2025-11-13 23:39:42Z INFO ExecutionContext] Publish step telemetry for current step {
  "action": "powershell",
  "type": "run",
  "stage": "Main",
  "stepId": "b4d5fd9c-2b32-47b1-a887-a6c338e66cbd",
  "stepContextName": "__run_4",
  "result": "succeeded",
  "errorMessages": [],
  "executionTimeInSeconds": 2,
  "startTime": "2025-11-13T23:39:40.6407258Z",
  "finishTime": "2025-11-13T23:39:42.1319636Z"
}.
[2025-11-13 23:39:42Z INFO StepsRunner] No need for updating job result with current step result 'Succeeded'.
[2025-11-13 23:39:42Z INFO StepsRunner] Current state: job state = ''
[2025-11-13 23:39:42Z INFO StepsRunner] Processing step: DisplayName='Apply base manifests'
[2025-11-13 23:39:42Z INFO StepsRunner] Evaluating: success()
[2025-11-13 23:39:42Z INFO StepsRunner] Result: true
[2025-11-13 23:39:42Z INFO StepsRunner] Starting the step.
[2025-11-13 23:39:42Z INFO HostContext] Well known directory 'Bin': 'C:\Trabalho\actions-runner\bin'
[2025-11-13 23:39:42Z INFO HostContext] Well known directory 'Root': 'C:\Trabalho\actions-runner'
[2025-11-13 23:39:42Z INFO HostContext] Well known directory 'Work': 'C:\Trabalho\actions-runner\_work'
[2025-11-13 23:39:42Z INFO StepsRunner] Which2: 'chcp'
[2025-11-13 23:39:42Z INFO StepsRunner] Location: 'C:\WINDOWS\system32\chcp.COM'
[2025-11-13 23:39:42Z INFO ProcessInvokerWrapper] Starting process:
[2025-11-13 23:39:42Z INFO ProcessInvokerWrapper]   File name: 'C:\WINDOWS\system32\chcp.COM'
[2025-11-13 23:39:42Z INFO ProcessInvokerWrapper]   Arguments: '65001'
[2025-11-13 23:39:42Z INFO ProcessInvokerWrapper]   Working directory: 'C:\Trabalho\actions-runner\_work'
[2025-11-13 23:39:42Z INFO ProcessInvokerWrapper]   Require exit code zero: 'False'
[2025-11-13 23:39:42Z INFO ProcessInvokerWrapper]   Encoding web name:  ; code page: ''
[2025-11-13 23:39:42Z INFO ProcessInvokerWrapper]   Force kill process on cancellation: 'False'
[2025-11-13 23:39:42Z INFO ProcessInvokerWrapper]   Redirected STDIN: 'False'
[2025-11-13 23:39:42Z INFO ProcessInvokerWrapper]   Persist current code page: 'True'
[2025-11-13 23:39:42Z INFO ProcessInvokerWrapper]   Keep redirected STDIN open: 'False'
[2025-11-13 23:39:42Z INFO ProcessInvokerWrapper]   High priority process: 'False'
[2025-11-13 23:39:42Z INFO ProcessInvokerWrapper] Process started with process id 12176, waiting for process exit.
[2025-11-13 23:39:42Z INFO ProcessInvokerWrapper] STDOUT/STDERR stream read finished.
[2025-11-13 23:39:42Z INFO ProcessInvokerWrapper] STDOUT/STDERR stream read finished.
[2025-11-13 23:39:42Z INFO ProcessInvokerWrapper] Finished process 12176 with exit code 0, and elapsed time 00:00:00.0219237.
[2025-11-13 23:39:42Z INFO StepsRunner] Successfully returned to code page 65001 (UTF8)
[2025-11-13 23:39:42Z INFO HostContext] Well known directory 'Bin': 'C:\Trabalho\actions-runner\bin'
[2025-11-13 23:39:42Z INFO HostContext] Well known directory 'Root': 'C:\Trabalho\actions-runner'
[2025-11-13 23:39:42Z INFO HostContext] Well known directory 'Work': 'C:\Trabalho\actions-runner\_work'
[2025-11-13 23:39:42Z INFO HostContext] Well known directory 'Temp': 'C:\Trabalho\actions-runner\_work\_temp'
[2025-11-13 23:39:42Z INFO ExecutionContext] Write event payload to C:\Trabalho\actions-runner\_work\_temp\_github_workflow\event.json
[2025-11-13 23:39:42Z INFO HostContext] Well known directory 'Bin': 'C:\Trabalho\actions-runner\bin'
[2025-11-13 23:39:42Z INFO HostContext] Well known directory 'Root': 'C:\Trabalho\actions-runner'
[2025-11-13 23:39:42Z INFO HostContext] Well known directory 'Work': 'C:\Trabalho\actions-runner\_work'
[2025-11-13 23:39:42Z INFO HostContext] Well known directory 'Temp': 'C:\Trabalho\actions-runner\_work\_temp'
[2025-11-13 23:39:42Z INFO ExtensionManager] Getting extensions for interface: 'GitHub.Runner.Worker.IFileCommandExtension'
[2025-11-13 23:39:42Z INFO ExtensionManager] Getting extensions for interface: 'GitHub.Runner.Worker.IActionCommandExtension'
[2025-11-13 23:39:42Z INFO ActionCommandManager] Register action command extension for command internal-set-repo-path
[2025-11-13 23:39:42Z INFO ActionCommandManager] Register action command extension for command set-env
[2025-11-13 23:39:42Z INFO ActionCommandManager] Register action command extension for command set-output
[2025-11-13 23:39:42Z INFO ActionCommandManager] Register action command extension for command save-state
[2025-11-13 23:39:42Z INFO ActionCommandManager] Register action command extension for command add-path
[2025-11-13 23:39:42Z INFO ActionCommandManager] Register action command extension for command add-mask
[2025-11-13 23:39:42Z INFO ActionCommandManager] Register action command extension for command add-matcher
[2025-11-13 23:39:42Z INFO ActionCommandManager] Register action command extension for command remove-matcher
[2025-11-13 23:39:42Z INFO ActionCommandManager] Register action command extension for command warning
[2025-11-13 23:39:42Z INFO ActionCommandManager] Register action command extension for command error
[2025-11-13 23:39:42Z INFO ActionCommandManager] Register action command extension for command notice
[2025-11-13 23:39:42Z INFO ActionCommandManager] Register action command extension for command debug
[2025-11-13 23:39:42Z INFO ActionCommandManager] Register action command extension for command group
[2025-11-13 23:39:42Z INFO ActionCommandManager] Register action command extension for command endgroup
[2025-11-13 23:39:42Z INFO ActionCommandManager] Register action command extension for command echo
[2025-11-13 23:39:42Z INFO ScriptHandler] Which2: 'powershell'
[2025-11-13 23:39:42Z INFO ScriptHandler] Location: 'C:\WINDOWS\System32\WindowsPowerShell\v1.0\powershell.EXE'
[2025-11-13 23:39:42Z INFO HostContext] Well known directory 'Bin': 'C:\Trabalho\actions-runner\bin'
[2025-11-13 23:39:42Z INFO HostContext] Well known directory 'Root': 'C:\Trabalho\actions-runner'
[2025-11-13 23:39:42Z INFO HostContext] Well known directory 'Work': 'C:\Trabalho\actions-runner\_work'
[2025-11-13 23:39:42Z INFO HostContext] Well known directory 'Temp': 'C:\Trabalho\actions-runner\_work\_temp'
[2025-11-13 23:39:42Z INFO ScriptHandler] Which2: 'powershell'
[2025-11-13 23:39:42Z INFO ScriptHandler] Location: 'C:\WINDOWS\System32\WindowsPowerShell\v1.0\powershell.EXE'
[2025-11-13 23:39:42Z INFO ProcessInvokerWrapper] Starting process:
[2025-11-13 23:39:42Z INFO ProcessInvokerWrapper]   File name: 'C:\WINDOWS\System32\WindowsPowerShell\v1.0\powershell.EXE'
[2025-11-13 23:39:42Z INFO ProcessInvokerWrapper]   Arguments: '-command ". 'C:\Trabalho\actions-runner\_work\_temp\c0cb8f4e-a49f-4b38-855f-c6126e6d34dd.ps1'"'
[2025-11-13 23:39:42Z INFO ProcessInvokerWrapper]   Working directory: 'C:\Trabalho\actions-runner\_work\Trabalho\Trabalho'
[2025-11-13 23:39:42Z INFO ProcessInvokerWrapper]   Require exit code zero: 'False'
[2025-11-13 23:39:42Z INFO ProcessInvokerWrapper]   Encoding web name:  ; code page: ''
[2025-11-13 23:39:42Z INFO ProcessInvokerWrapper]   Force kill process on cancellation: 'False'
[2025-11-13 23:39:42Z INFO ProcessInvokerWrapper]   Redirected STDIN: 'False'
[2025-11-13 23:39:42Z INFO ProcessInvokerWrapper]   Persist current code page: 'True'
[2025-11-13 23:39:42Z INFO ProcessInvokerWrapper]   Keep redirected STDIN open: 'False'
[2025-11-13 23:39:42Z INFO ProcessInvokerWrapper]   High priority process: 'False'
[2025-11-13 23:39:42Z INFO ProcessInvokerWrapper] Process started with process id 10664, waiting for process exit.
[2025-11-13 23:39:42Z INFO JobServerQueue] Try to append 1 batches web console lines for record 'b4d5fd9c-2b32-47b1-a887-a6c338e66cbd', success rate: 1/1.
[2025-11-13 23:39:42Z INFO JobServerQueue] Try to append 1 batches web console lines for record '0be5f30b-06b0-45d2-8d81-c8087bb3e0d7', success rate: 1/1.
[2025-11-13 23:39:42Z INFO JobServerQueue] Got a step log file to send to results service.
[2025-11-13 23:39:42Z INFO JobServerQueue] Starting upload of step log file to results service ResultsLog, C:\Trabalho\actions-runner\_diag\blocks\4931e80d-852a-4950-82d2-b86d0516d641_b4d5fd9c-2b32-47b1-a887-a6c338e66cbd.1
[2025-11-13 23:39:42Z INFO JobServerQueue] Try to upload 1 log files or attachments, success rate: 1/1.
[2025-11-13 23:39:43Z INFO JobServerQueue] Tried to upload 1 file(s) to results, success rate: 1/1.
[2025-11-13 23:39:43Z INFO JobServerQueue] Try to append 1 batches web console lines for record '0be5f30b-06b0-45d2-8d81-c8087bb3e0d7', success rate: 1/1.
[2025-11-13 23:39:43Z INFO JobServerQueue] Try to append 1 batches web console lines for record '0be5f30b-06b0-45d2-8d81-c8087bb3e0d7', success rate: 1/1.
[2025-11-13 23:39:44Z INFO JobServerQueue] Try to append 1 batches web console lines for record '0be5f30b-06b0-45d2-8d81-c8087bb3e0d7', success rate: 1/1.
[2025-11-13 23:39:44Z INFO JobServerQueue] Try to append 1 batches web console lines for record '0be5f30b-06b0-45d2-8d81-c8087bb3e0d7', success rate: 1/1.
[2025-11-13 23:39:45Z INFO JobServerQueue] Try to append 1 batches web console lines for record '0be5f30b-06b0-45d2-8d81-c8087bb3e0d7', success rate: 1/1.
[2025-11-13 23:39:45Z INFO JobServerQueue] Try to append 1 batches web console lines for record '0be5f30b-06b0-45d2-8d81-c8087bb3e0d7', success rate: 1/1.
[2025-11-13 23:39:46Z INFO JobServerQueue] Try to append 1 batches web console lines for record '0be5f30b-06b0-45d2-8d81-c8087bb3e0d7', success rate: 1/1.
[2025-11-13 23:39:47Z INFO ProcessInvokerWrapper] STDOUT/STDERR stream read finished.
[2025-11-13 23:39:47Z INFO ProcessInvokerWrapper] STDOUT/STDERR stream read finished.
[2025-11-13 23:39:47Z INFO ProcessInvokerWrapper] Finished process 10664 with exit code 0, and elapsed time 00:00:05.1641191.
[2025-11-13 23:39:47Z INFO CreateStepSummaryCommand] Step Summary file (C:\Trabalho\actions-runner\_work\_temp\_runner_file_commands\step_summary_c0cda2a4-7a15-4b78-baef-2ca93fd3fe8c) is empty; skipping attachment upload
[2025-11-13 23:39:47Z INFO StepsRunner] Step result: 
[2025-11-13 23:39:47Z INFO ExecutionContext] Publish step telemetry for current step {
  "action": "powershell",
  "type": "run",
  "stage": "Main",
  "stepId": "0be5f30b-06b0-45d2-8d81-c8087bb3e0d7",
  "stepContextName": "__run_5",
  "result": "succeeded",
  "errorMessages": [],
  "executionTimeInSeconds": 6,
  "startTime": "2025-11-13T23:39:42.1356029Z",
  "finishTime": "2025-11-13T23:39:47.3769284Z"
}.
[2025-11-13 23:39:47Z INFO StepsRunner] No need for updating job result with current step result 'Succeeded'.
[2025-11-13 23:39:47Z INFO StepsRunner] Current state: job state = ''
[2025-11-13 23:39:47Z INFO StepsRunner] Processing step: DisplayName='Apply app deployment'
[2025-11-13 23:39:47Z INFO StepsRunner] Evaluating: success()
[2025-11-13 23:39:47Z INFO StepsRunner] Result: true
[2025-11-13 23:39:47Z INFO StepsRunner] Starting the step.
[2025-11-13 23:39:47Z INFO HostContext] Well known directory 'Bin': 'C:\Trabalho\actions-runner\bin'
[2025-11-13 23:39:47Z INFO HostContext] Well known directory 'Root': 'C:\Trabalho\actions-runner'
[2025-11-13 23:39:47Z INFO HostContext] Well known directory 'Work': 'C:\Trabalho\actions-runner\_work'
[2025-11-13 23:39:47Z INFO StepsRunner] Which2: 'chcp'
[2025-11-13 23:39:47Z INFO StepsRunner] Location: 'C:\WINDOWS\system32\chcp.COM'
[2025-11-13 23:39:47Z INFO ProcessInvokerWrapper] Starting process:
[2025-11-13 23:39:47Z INFO ProcessInvokerWrapper]   File name: 'C:\WINDOWS\system32\chcp.COM'
[2025-11-13 23:39:47Z INFO ProcessInvokerWrapper]   Arguments: '65001'
[2025-11-13 23:39:47Z INFO ProcessInvokerWrapper]   Working directory: 'C:\Trabalho\actions-runner\_work'
[2025-11-13 23:39:47Z INFO ProcessInvokerWrapper]   Require exit code zero: 'False'
[2025-11-13 23:39:47Z INFO ProcessInvokerWrapper]   Encoding web name:  ; code page: ''
[2025-11-13 23:39:47Z INFO ProcessInvokerWrapper]   Force kill process on cancellation: 'False'
[2025-11-13 23:39:47Z INFO ProcessInvokerWrapper]   Redirected STDIN: 'False'
[2025-11-13 23:39:47Z INFO ProcessInvokerWrapper]   Persist current code page: 'True'
[2025-11-13 23:39:47Z INFO ProcessInvokerWrapper]   Keep redirected STDIN open: 'False'
[2025-11-13 23:39:47Z INFO ProcessInvokerWrapper]   High priority process: 'False'
[2025-11-13 23:39:47Z INFO ProcessInvokerWrapper] Process started with process id 7832, waiting for process exit.
[2025-11-13 23:39:47Z INFO ProcessInvokerWrapper] STDOUT/STDERR stream read finished.
[2025-11-13 23:39:47Z INFO ProcessInvokerWrapper] STDOUT/STDERR stream read finished.
[2025-11-13 23:39:47Z INFO ProcessInvokerWrapper] Finished process 7832 with exit code 0, and elapsed time 00:00:00.0262383.
[2025-11-13 23:39:47Z INFO StepsRunner] Successfully returned to code page 65001 (UTF8)
[2025-11-13 23:39:47Z INFO HostContext] Well known directory 'Bin': 'C:\Trabalho\actions-runner\bin'
[2025-11-13 23:39:47Z INFO HostContext] Well known directory 'Root': 'C:\Trabalho\actions-runner'
[2025-11-13 23:39:47Z INFO HostContext] Well known directory 'Work': 'C:\Trabalho\actions-runner\_work'
[2025-11-13 23:39:47Z INFO HostContext] Well known directory 'Temp': 'C:\Trabalho\actions-runner\_work\_temp'
[2025-11-13 23:39:47Z INFO ExecutionContext] Write event payload to C:\Trabalho\actions-runner\_work\_temp\_github_workflow\event.json
[2025-11-13 23:39:47Z INFO HostContext] Well known directory 'Bin': 'C:\Trabalho\actions-runner\bin'
[2025-11-13 23:39:47Z INFO HostContext] Well known directory 'Root': 'C:\Trabalho\actions-runner'
[2025-11-13 23:39:47Z INFO HostContext] Well known directory 'Work': 'C:\Trabalho\actions-runner\_work'
[2025-11-13 23:39:47Z INFO HostContext] Well known directory 'Temp': 'C:\Trabalho\actions-runner\_work\_temp'
[2025-11-13 23:39:47Z INFO ExtensionManager] Getting extensions for interface: 'GitHub.Runner.Worker.IFileCommandExtension'
[2025-11-13 23:39:47Z INFO ExtensionManager] Getting extensions for interface: 'GitHub.Runner.Worker.IActionCommandExtension'
[2025-11-13 23:39:47Z INFO ActionCommandManager] Register action command extension for command internal-set-repo-path
[2025-11-13 23:39:47Z INFO ActionCommandManager] Register action command extension for command set-env
[2025-11-13 23:39:47Z INFO ActionCommandManager] Register action command extension for command set-output
[2025-11-13 23:39:47Z INFO ActionCommandManager] Register action command extension for command save-state
[2025-11-13 23:39:47Z INFO ActionCommandManager] Register action command extension for command add-path
[2025-11-13 23:39:47Z INFO ActionCommandManager] Register action command extension for command add-mask
[2025-11-13 23:39:47Z INFO ActionCommandManager] Register action command extension for command add-matcher
[2025-11-13 23:39:47Z INFO ActionCommandManager] Register action command extension for command remove-matcher
[2025-11-13 23:39:47Z INFO ActionCommandManager] Register action command extension for command warning
[2025-11-13 23:39:47Z INFO ActionCommandManager] Register action command extension for command error
[2025-11-13 23:39:47Z INFO ActionCommandManager] Register action command extension for command notice
[2025-11-13 23:39:47Z INFO ActionCommandManager] Register action command extension for command debug
[2025-11-13 23:39:47Z INFO ActionCommandManager] Register action command extension for command group
[2025-11-13 23:39:47Z INFO ActionCommandManager] Register action command extension for command endgroup
[2025-11-13 23:39:47Z INFO ActionCommandManager] Register action command extension for command echo
[2025-11-13 23:39:47Z INFO ScriptHandler] Which2: 'powershell'
[2025-11-13 23:39:47Z INFO ScriptHandler] Location: 'C:\WINDOWS\System32\WindowsPowerShell\v1.0\powershell.EXE'
[2025-11-13 23:39:47Z INFO HostContext] Well known directory 'Bin': 'C:\Trabalho\actions-runner\bin'
[2025-11-13 23:39:47Z INFO HostContext] Well known directory 'Root': 'C:\Trabalho\actions-runner'
[2025-11-13 23:39:47Z INFO HostContext] Well known directory 'Work': 'C:\Trabalho\actions-runner\_work'
[2025-11-13 23:39:47Z INFO HostContext] Well known directory 'Temp': 'C:\Trabalho\actions-runner\_work\_temp'
[2025-11-13 23:39:47Z INFO ScriptHandler] Which2: 'powershell'
[2025-11-13 23:39:47Z INFO ScriptHandler] Location: 'C:\WINDOWS\System32\WindowsPowerShell\v1.0\powershell.EXE'
[2025-11-13 23:39:47Z INFO ProcessInvokerWrapper] Starting process:
[2025-11-13 23:39:47Z INFO ProcessInvokerWrapper]   File name: 'C:\WINDOWS\System32\WindowsPowerShell\v1.0\powershell.EXE'
[2025-11-13 23:39:47Z INFO ProcessInvokerWrapper]   Arguments: '-command ". 'C:\Trabalho\actions-runner\_work\_temp\88c41db4-ab26-4d35-a934-64ce201761a8.ps1'"'
[2025-11-13 23:39:47Z INFO ProcessInvokerWrapper]   Working directory: 'C:\Trabalho\actions-runner\_work\Trabalho\Trabalho'
[2025-11-13 23:39:47Z INFO ProcessInvokerWrapper]   Require exit code zero: 'False'
[2025-11-13 23:39:47Z INFO ProcessInvokerWrapper]   Encoding web name:  ; code page: ''
[2025-11-13 23:39:47Z INFO ProcessInvokerWrapper]   Force kill process on cancellation: 'False'
[2025-11-13 23:39:47Z INFO ProcessInvokerWrapper]   Redirected STDIN: 'False'
[2025-11-13 23:39:47Z INFO ProcessInvokerWrapper]   Persist current code page: 'True'
[2025-11-13 23:39:47Z INFO ProcessInvokerWrapper]   Keep redirected STDIN open: 'False'
[2025-11-13 23:39:47Z INFO ProcessInvokerWrapper]   High priority process: 'False'
[2025-11-13 23:39:47Z INFO JobServerQueue] Try to append 1 batches web console lines for record '0be5f30b-06b0-45d2-8d81-c8087bb3e0d7', success rate: 1/1.
[2025-11-13 23:39:47Z INFO JobServerQueue] Try to append 1 batches web console lines for record '9ce5388d-b63f-4662-be31-97b3df8f312c', success rate: 1/1.
[2025-11-13 23:39:47Z INFO ProcessInvokerWrapper] Process started with process id 4820, waiting for process exit.
[2025-11-13 23:39:47Z INFO JobServerQueue] Try to upload 1 log files or attachments, success rate: 1/1.
[2025-11-13 23:39:48Z INFO JobServerQueue] Got a step log file to send to results service.
[2025-11-13 23:39:48Z INFO JobServerQueue] Starting upload of step log file to results service ResultsLog, C:\Trabalho\actions-runner\_diag\blocks\4931e80d-852a-4950-82d2-b86d0516d641_0be5f30b-06b0-45d2-8d81-c8087bb3e0d7.1
[2025-11-13 23:39:48Z INFO ProcessInvokerWrapper] STDOUT/STDERR stream read finished.
[2025-11-13 23:39:48Z INFO ProcessInvokerWrapper] STDOUT/STDERR stream read finished.
[2025-11-13 23:39:48Z INFO ProcessInvokerWrapper] Finished process 4820 with exit code 0, and elapsed time 00:00:01.3295453.
[2025-11-13 23:39:48Z INFO CreateStepSummaryCommand] Step Summary file (C:\Trabalho\actions-runner\_work\_temp\_runner_file_commands\step_summary_a9b8d219-a28b-4479-844b-1b92e22e6829) is empty; skipping attachment upload
[2025-11-13 23:39:48Z INFO StepsRunner] Step result: 
[2025-11-13 23:39:48Z INFO ExecutionContext] Publish step telemetry for current step {
  "action": "powershell",
  "type": "run",
  "stage": "Main",
  "stepId": "9ce5388d-b63f-4662-be31-97b3df8f312c",
  "stepContextName": "__run_6",
  "result": "succeeded",
  "errorMessages": [],
  "executionTimeInSeconds": 2,
  "startTime": "2025-11-13T23:39:47.380061Z",
  "finishTime": "2025-11-13T23:39:48.780729Z"
}.
[2025-11-13 23:39:48Z INFO StepsRunner] No need for updating job result with current step result 'Succeeded'.
[2025-11-13 23:39:48Z INFO StepsRunner] Current state: job state = ''
[2025-11-13 23:39:48Z INFO StepsRunner] Processing step: DisplayName='Set image to new tag'
[2025-11-13 23:39:48Z INFO StepsRunner] Evaluating: success()
[2025-11-13 23:39:48Z INFO StepsRunner] Result: true
[2025-11-13 23:39:48Z INFO StepsRunner] Starting the step.
[2025-11-13 23:39:48Z INFO HostContext] Well known directory 'Bin': 'C:\Trabalho\actions-runner\bin'
[2025-11-13 23:39:48Z INFO HostContext] Well known directory 'Root': 'C:\Trabalho\actions-runner'
[2025-11-13 23:39:48Z INFO HostContext] Well known directory 'Work': 'C:\Trabalho\actions-runner\_work'
[2025-11-13 23:39:48Z INFO StepsRunner] Which2: 'chcp'
[2025-11-13 23:39:48Z INFO StepsRunner] Location: 'C:\WINDOWS\system32\chcp.COM'
[2025-11-13 23:39:48Z INFO ProcessInvokerWrapper] Starting process:
[2025-11-13 23:39:48Z INFO ProcessInvokerWrapper]   File name: 'C:\WINDOWS\system32\chcp.COM'
[2025-11-13 23:39:48Z INFO ProcessInvokerWrapper]   Arguments: '65001'
[2025-11-13 23:39:48Z INFO ProcessInvokerWrapper]   Working directory: 'C:\Trabalho\actions-runner\_work'
[2025-11-13 23:39:48Z INFO ProcessInvokerWrapper]   Require exit code zero: 'False'
[2025-11-13 23:39:48Z INFO ProcessInvokerWrapper]   Encoding web name:  ; code page: ''
[2025-11-13 23:39:48Z INFO ProcessInvokerWrapper]   Force kill process on cancellation: 'False'
[2025-11-13 23:39:48Z INFO ProcessInvokerWrapper]   Redirected STDIN: 'False'
[2025-11-13 23:39:48Z INFO ProcessInvokerWrapper]   Persist current code page: 'True'
[2025-11-13 23:39:48Z INFO ProcessInvokerWrapper]   Keep redirected STDIN open: 'False'
[2025-11-13 23:39:48Z INFO ProcessInvokerWrapper]   High priority process: 'False'
[2025-11-13 23:39:48Z INFO ProcessInvokerWrapper] Process started with process id 2872, waiting for process exit.
[2025-11-13 23:39:48Z INFO ProcessInvokerWrapper] STDOUT/STDERR stream read finished.
[2025-11-13 23:39:48Z INFO ProcessInvokerWrapper] STDOUT/STDERR stream read finished.
[2025-11-13 23:39:48Z INFO ProcessInvokerWrapper] Finished process 2872 with exit code 0, and elapsed time 00:00:00.0231382.
[2025-11-13 23:39:48Z INFO StepsRunner] Successfully returned to code page 65001 (UTF8)
[2025-11-13 23:39:48Z INFO HostContext] Well known directory 'Bin': 'C:\Trabalho\actions-runner\bin'
[2025-11-13 23:39:48Z INFO HostContext] Well known directory 'Root': 'C:\Trabalho\actions-runner'
[2025-11-13 23:39:48Z INFO HostContext] Well known directory 'Work': 'C:\Trabalho\actions-runner\_work'
[2025-11-13 23:39:48Z INFO HostContext] Well known directory 'Temp': 'C:\Trabalho\actions-runner\_work\_temp'
[2025-11-13 23:39:48Z INFO ExecutionContext] Write event payload to C:\Trabalho\actions-runner\_work\_temp\_github_workflow\event.json
[2025-11-13 23:39:48Z INFO HostContext] Well known directory 'Bin': 'C:\Trabalho\actions-runner\bin'
[2025-11-13 23:39:48Z INFO HostContext] Well known directory 'Root': 'C:\Trabalho\actions-runner'
[2025-11-13 23:39:48Z INFO HostContext] Well known directory 'Work': 'C:\Trabalho\actions-runner\_work'
[2025-11-13 23:39:48Z INFO HostContext] Well known directory 'Temp': 'C:\Trabalho\actions-runner\_work\_temp'
[2025-11-13 23:39:48Z INFO ExtensionManager] Getting extensions for interface: 'GitHub.Runner.Worker.IFileCommandExtension'
[2025-11-13 23:39:48Z INFO ExtensionManager] Getting extensions for interface: 'GitHub.Runner.Worker.IActionCommandExtension'
[2025-11-13 23:39:48Z INFO ActionCommandManager] Register action command extension for command internal-set-repo-path
[2025-11-13 23:39:48Z INFO ActionCommandManager] Register action command extension for command set-env
[2025-11-13 23:39:48Z INFO ActionCommandManager] Register action command extension for command set-output
[2025-11-13 23:39:48Z INFO ActionCommandManager] Register action command extension for command save-state
[2025-11-13 23:39:48Z INFO ActionCommandManager] Register action command extension for command add-path
[2025-11-13 23:39:48Z INFO ActionCommandManager] Register action command extension for command add-mask
[2025-11-13 23:39:48Z INFO ActionCommandManager] Register action command extension for command add-matcher
[2025-11-13 23:39:48Z INFO ActionCommandManager] Register action command extension for command remove-matcher
[2025-11-13 23:39:48Z INFO ActionCommandManager] Register action command extension for command warning
[2025-11-13 23:39:48Z INFO ActionCommandManager] Register action command extension for command error
[2025-11-13 23:39:48Z INFO ActionCommandManager] Register action command extension for command notice
[2025-11-13 23:39:48Z INFO ActionCommandManager] Register action command extension for command debug
[2025-11-13 23:39:48Z INFO ActionCommandManager] Register action command extension for command group
[2025-11-13 23:39:48Z INFO ActionCommandManager] Register action command extension for command endgroup
[2025-11-13 23:39:48Z INFO ActionCommandManager] Register action command extension for command echo
[2025-11-13 23:39:48Z INFO ScriptHandler] Which2: 'powershell'
[2025-11-13 23:39:48Z INFO ScriptHandler] Location: 'C:\WINDOWS\System32\WindowsPowerShell\v1.0\powershell.EXE'
[2025-11-13 23:39:48Z INFO HostContext] Well known directory 'Bin': 'C:\Trabalho\actions-runner\bin'
[2025-11-13 23:39:48Z INFO HostContext] Well known directory 'Root': 'C:\Trabalho\actions-runner'
[2025-11-13 23:39:48Z INFO HostContext] Well known directory 'Work': 'C:\Trabalho\actions-runner\_work'
[2025-11-13 23:39:48Z INFO HostContext] Well known directory 'Temp': 'C:\Trabalho\actions-runner\_work\_temp'
[2025-11-13 23:39:48Z INFO ScriptHandler] Which2: 'powershell'
[2025-11-13 23:39:48Z INFO ScriptHandler] Location: 'C:\WINDOWS\System32\WindowsPowerShell\v1.0\powershell.EXE'
[2025-11-13 23:39:48Z INFO ProcessInvokerWrapper] Starting process:
[2025-11-13 23:39:48Z INFO ProcessInvokerWrapper]   File name: 'C:\WINDOWS\System32\WindowsPowerShell\v1.0\powershell.EXE'
[2025-11-13 23:39:48Z INFO ProcessInvokerWrapper]   Arguments: '-command ". 'C:\Trabalho\actions-runner\_work\_temp\10f6cfe5-3897-4033-befa-f412d7b5e513.ps1'"'
[2025-11-13 23:39:48Z INFO ProcessInvokerWrapper]   Working directory: 'C:\Trabalho\actions-runner\_work\Trabalho\Trabalho'
[2025-11-13 23:39:48Z INFO ProcessInvokerWrapper]   Require exit code zero: 'False'
[2025-11-13 23:39:48Z INFO ProcessInvokerWrapper]   Encoding web name:  ; code page: ''
[2025-11-13 23:39:48Z INFO ProcessInvokerWrapper]   Force kill process on cancellation: 'False'
[2025-11-13 23:39:48Z INFO ProcessInvokerWrapper]   Redirected STDIN: 'False'
[2025-11-13 23:39:48Z INFO ProcessInvokerWrapper]   Persist current code page: 'True'
[2025-11-13 23:39:48Z INFO ProcessInvokerWrapper]   Keep redirected STDIN open: 'False'
[2025-11-13 23:39:48Z INFO ProcessInvokerWrapper]   High priority process: 'False'
[2025-11-13 23:39:48Z INFO ProcessInvokerWrapper] Process started with process id 10220, waiting for process exit.
[2025-11-13 23:39:48Z INFO JobServerQueue] Tried to upload 1 file(s) to results, success rate: 1/1.
[2025-11-13 23:39:49Z INFO JobServerQueue] Try to append 1 batches web console lines for record '9ce5388d-b63f-4662-be31-97b3df8f312c', success rate: 1/1.
[2025-11-13 23:39:49Z INFO JobServerQueue] Try to append 1 batches web console lines for record '51973d0f-baa5-4f85-a7a2-e8b28147834e', success rate: 1/1.
[2025-11-13 23:39:49Z INFO JobServerQueue] Try to upload 1 log files or attachments, success rate: 1/1.
[2025-11-13 23:39:49Z INFO JobServerQueue] Got a step log file to send to results service.
[2025-11-13 23:39:49Z INFO JobServerQueue] Starting upload of step log file to results service ResultsLog, C:\Trabalho\actions-runner\_diag\blocks\4931e80d-852a-4950-82d2-b86d0516d641_9ce5388d-b63f-4662-be31-97b3df8f312c.1
[2025-11-13 23:39:49Z INFO ProcessInvokerWrapper] STDOUT/STDERR stream read finished.
[2025-11-13 23:39:49Z INFO ProcessInvokerWrapper] STDOUT/STDERR stream read finished.
[2025-11-13 23:39:49Z INFO ProcessInvokerWrapper] Finished process 10220 with exit code 0, and elapsed time 00:00:01.0826002.
[2025-11-13 23:39:49Z INFO CreateStepSummaryCommand] Step Summary file (C:\Trabalho\actions-runner\_work\_temp\_runner_file_commands\step_summary_24160c4c-1e08-490b-9732-521be7bcfa87) is empty; skipping attachment upload
[2025-11-13 23:39:49Z INFO StepsRunner] Step result: 
[2025-11-13 23:39:49Z INFO ExecutionContext] Publish step telemetry for current step {
  "action": "powershell",
  "type": "run",
  "stage": "Main",
  "stepId": "51973d0f-baa5-4f85-a7a2-e8b28147834e",
  "stepContextName": "__run_7",
  "result": "succeeded",
  "errorMessages": [],
  "executionTimeInSeconds": 2,
  "startTime": "2025-11-13T23:39:48.7884226Z",
  "finishTime": "2025-11-13T23:39:49.9342513Z"
}.
[2025-11-13 23:39:49Z INFO StepsRunner] No need for updating job result with current step result 'Succeeded'.
[2025-11-13 23:39:49Z INFO StepsRunner] Current state: job state = ''
[2025-11-13 23:39:49Z INFO StepsRunner] Processing step: DisplayName='Wait rollout'
[2025-11-13 23:39:49Z INFO StepsRunner] Evaluating: success()
[2025-11-13 23:39:49Z INFO StepsRunner] Result: true
[2025-11-13 23:39:49Z INFO StepsRunner] Starting the step.
[2025-11-13 23:39:49Z INFO HostContext] Well known directory 'Bin': 'C:\Trabalho\actions-runner\bin'
[2025-11-13 23:39:49Z INFO HostContext] Well known directory 'Root': 'C:\Trabalho\actions-runner'
[2025-11-13 23:39:49Z INFO HostContext] Well known directory 'Work': 'C:\Trabalho\actions-runner\_work'
[2025-11-13 23:39:49Z INFO StepsRunner] Which2: 'chcp'
[2025-11-13 23:39:49Z INFO StepsRunner] Location: 'C:\WINDOWS\system32\chcp.COM'
[2025-11-13 23:39:49Z INFO ProcessInvokerWrapper] Starting process:
[2025-11-13 23:39:49Z INFO ProcessInvokerWrapper]   File name: 'C:\WINDOWS\system32\chcp.COM'
[2025-11-13 23:39:49Z INFO ProcessInvokerWrapper]   Arguments: '65001'
[2025-11-13 23:39:49Z INFO ProcessInvokerWrapper]   Working directory: 'C:\Trabalho\actions-runner\_work'
[2025-11-13 23:39:49Z INFO ProcessInvokerWrapper]   Require exit code zero: 'False'
[2025-11-13 23:39:49Z INFO ProcessInvokerWrapper]   Encoding web name:  ; code page: ''
[2025-11-13 23:39:49Z INFO ProcessInvokerWrapper]   Force kill process on cancellation: 'False'
[2025-11-13 23:39:49Z INFO ProcessInvokerWrapper]   Redirected STDIN: 'False'
[2025-11-13 23:39:49Z INFO ProcessInvokerWrapper]   Persist current code page: 'True'
[2025-11-13 23:39:49Z INFO ProcessInvokerWrapper]   Keep redirected STDIN open: 'False'
[2025-11-13 23:39:49Z INFO ProcessInvokerWrapper]   High priority process: 'False'
[2025-11-13 23:39:49Z INFO ProcessInvokerWrapper] Process started with process id 4896, waiting for process exit.
[2025-11-13 23:39:49Z INFO ProcessInvokerWrapper] STDOUT/STDERR stream read finished.
[2025-11-13 23:39:49Z INFO ProcessInvokerWrapper] STDOUT/STDERR stream read finished.
[2025-11-13 23:39:49Z INFO ProcessInvokerWrapper] Finished process 4896 with exit code 0, and elapsed time 00:00:00.0221657.
[2025-11-13 23:39:49Z INFO StepsRunner] Successfully returned to code page 65001 (UTF8)
[2025-11-13 23:39:49Z INFO HostContext] Well known directory 'Bin': 'C:\Trabalho\actions-runner\bin'
[2025-11-13 23:39:49Z INFO HostContext] Well known directory 'Root': 'C:\Trabalho\actions-runner'
[2025-11-13 23:39:49Z INFO HostContext] Well known directory 'Work': 'C:\Trabalho\actions-runner\_work'
[2025-11-13 23:39:49Z INFO HostContext] Well known directory 'Temp': 'C:\Trabalho\actions-runner\_work\_temp'
[2025-11-13 23:39:49Z INFO ExecutionContext] Write event payload to C:\Trabalho\actions-runner\_work\_temp\_github_workflow\event.json
[2025-11-13 23:39:49Z INFO HostContext] Well known directory 'Bin': 'C:\Trabalho\actions-runner\bin'
[2025-11-13 23:39:49Z INFO HostContext] Well known directory 'Root': 'C:\Trabalho\actions-runner'
[2025-11-13 23:39:49Z INFO HostContext] Well known directory 'Work': 'C:\Trabalho\actions-runner\_work'
[2025-11-13 23:39:49Z INFO HostContext] Well known directory 'Temp': 'C:\Trabalho\actions-runner\_work\_temp'
[2025-11-13 23:39:49Z INFO ExtensionManager] Getting extensions for interface: 'GitHub.Runner.Worker.IFileCommandExtension'
[2025-11-13 23:39:49Z INFO ExtensionManager] Getting extensions for interface: 'GitHub.Runner.Worker.IActionCommandExtension'
[2025-11-13 23:39:49Z INFO ActionCommandManager] Register action command extension for command internal-set-repo-path
[2025-11-13 23:39:49Z INFO ActionCommandManager] Register action command extension for command set-env
[2025-11-13 23:39:49Z INFO ActionCommandManager] Register action command extension for command set-output
[2025-11-13 23:39:49Z INFO ActionCommandManager] Register action command extension for command save-state
[2025-11-13 23:39:49Z INFO ActionCommandManager] Register action command extension for command add-path
[2025-11-13 23:39:49Z INFO ActionCommandManager] Register action command extension for command add-mask
[2025-11-13 23:39:49Z INFO ActionCommandManager] Register action command extension for command add-matcher
[2025-11-13 23:39:49Z INFO ActionCommandManager] Register action command extension for command remove-matcher
[2025-11-13 23:39:49Z INFO ActionCommandManager] Register action command extension for command warning
[2025-11-13 23:39:49Z INFO ActionCommandManager] Register action command extension for command error
[2025-11-13 23:39:49Z INFO ActionCommandManager] Register action command extension for command notice
[2025-11-13 23:39:49Z INFO ActionCommandManager] Register action command extension for command debug
[2025-11-13 23:39:49Z INFO ActionCommandManager] Register action command extension for command group
[2025-11-13 23:39:49Z INFO ActionCommandManager] Register action command extension for command endgroup
[2025-11-13 23:39:49Z INFO ActionCommandManager] Register action command extension for command echo
[2025-11-13 23:39:49Z INFO ScriptHandler] Which2: 'powershell'
[2025-11-13 23:39:49Z INFO ScriptHandler] Location: 'C:\WINDOWS\System32\WindowsPowerShell\v1.0\powershell.EXE'
[2025-11-13 23:39:49Z INFO HostContext] Well known directory 'Bin': 'C:\Trabalho\actions-runner\bin'
[2025-11-13 23:39:49Z INFO HostContext] Well known directory 'Root': 'C:\Trabalho\actions-runner'
[2025-11-13 23:39:49Z INFO HostContext] Well known directory 'Work': 'C:\Trabalho\actions-runner\_work'
[2025-11-13 23:39:49Z INFO HostContext] Well known directory 'Temp': 'C:\Trabalho\actions-runner\_work\_temp'
[2025-11-13 23:39:49Z INFO ScriptHandler] Which2: 'powershell'
[2025-11-13 23:39:49Z INFO ScriptHandler] Location: 'C:\WINDOWS\System32\WindowsPowerShell\v1.0\powershell.EXE'
[2025-11-13 23:39:49Z INFO ProcessInvokerWrapper] Starting process:
[2025-11-13 23:39:49Z INFO ProcessInvokerWrapper]   File name: 'C:\WINDOWS\System32\WindowsPowerShell\v1.0\powershell.EXE'
[2025-11-13 23:39:49Z INFO ProcessInvokerWrapper]   Arguments: '-command ". 'C:\Trabalho\actions-runner\_work\_temp\07c558b0-442f-4d55-8089-983028109794.ps1'"'
[2025-11-13 23:39:49Z INFO ProcessInvokerWrapper]   Working directory: 'C:\Trabalho\actions-runner\_work\Trabalho\Trabalho'
[2025-11-13 23:39:49Z INFO ProcessInvokerWrapper]   Require exit code zero: 'False'
[2025-11-13 23:39:49Z INFO ProcessInvokerWrapper]   Encoding web name:  ; code page: ''
[2025-11-13 23:39:49Z INFO ProcessInvokerWrapper]   Force kill process on cancellation: 'False'
[2025-11-13 23:39:49Z INFO ProcessInvokerWrapper]   Redirected STDIN: 'False'
[2025-11-13 23:39:49Z INFO ProcessInvokerWrapper]   Persist current code page: 'True'
[2025-11-13 23:39:49Z INFO ProcessInvokerWrapper]   Keep redirected STDIN open: 'False'
[2025-11-13 23:39:49Z INFO ProcessInvokerWrapper]   High priority process: 'False'
[2025-11-13 23:39:50Z INFO ProcessInvokerWrapper] Process started with process id 5780, waiting for process exit.
[2025-11-13 23:39:50Z INFO JobServerQueue] Try to append 1 batches web console lines for record '51973d0f-baa5-4f85-a7a2-e8b28147834e', success rate: 1/1.
[2025-11-13 23:39:50Z INFO JobServerQueue] Try to append 1 batches web console lines for record '322577e1-f103-4391-a897-bb83858f6b6f', success rate: 1/1.
[2025-11-13 23:39:50Z INFO JobServerQueue] Tried to upload 1 file(s) to results, success rate: 1/1.
[2025-11-13 23:39:50Z INFO JobServerQueue] Try to upload 1 log files or attachments, success rate: 1/1.
[2025-11-13 23:39:51Z INFO JobServerQueue] Try to append 1 batches web console lines for record '322577e1-f103-4391-a897-bb83858f6b6f', success rate: 1/1.
[2025-11-13 23:39:51Z INFO JobServerQueue] Got a step log file to send to results service.
[2025-11-13 23:39:51Z INFO JobServerQueue] Starting upload of step log file to results service ResultsLog, C:\Trabalho\actions-runner\_diag\blocks\4931e80d-852a-4950-82d2-b86d0516d641_51973d0f-baa5-4f85-a7a2-e8b28147834e.1
[2025-11-13 23:39:51Z INFO HostContext] Well known directory 'Bin': 'C:\Trabalho\actions-runner\bin'
[2025-11-13 23:39:51Z INFO HostContext] Well known directory 'Root': 'C:\Trabalho\actions-runner'
[2025-11-13 23:39:51Z INFO HostContext] Well known directory 'Work': 'C:\Trabalho\actions-runner\_work'
[2025-11-13 23:39:52Z INFO JobServerQueue] Tried to upload 1 file(s) to results, success rate: 1/1.
[2025-11-13 23:40:01Z INFO HostContext] Well known directory 'Bin': 'C:\Trabalho\actions-runner\bin'
[2025-11-13 23:40:01Z INFO HostContext] Well known directory 'Root': 'C:\Trabalho\actions-runner'
[2025-11-13 23:40:01Z INFO HostContext] Well known directory 'Work': 'C:\Trabalho\actions-runner\_work'
[2025-11-13 23:40:11Z INFO HostContext] Well known directory 'Bin': 'C:\Trabalho\actions-runner\bin'
[2025-11-13 23:40:11Z INFO HostContext] Well known directory 'Root': 'C:\Trabalho\actions-runner'
[2025-11-13 23:40:11Z INFO HostContext] Well known directory 'Work': 'C:\Trabalho\actions-runner\_work'
[2025-11-13 23:40:21Z INFO HostContext] Well known directory 'Bin': 'C:\Trabalho\actions-runner\bin'
[2025-11-13 23:40:21Z INFO HostContext] Well known directory 'Root': 'C:\Trabalho\actions-runner'
[2025-11-13 23:40:21Z INFO HostContext] Well known directory 'Work': 'C:\Trabalho\actions-runner\_work'
[2025-11-13 23:40:31Z INFO HostContext] Well known directory 'Bin': 'C:\Trabalho\actions-runner\bin'
[2025-11-13 23:40:31Z INFO HostContext] Well known directory 'Root': 'C:\Trabalho\actions-runner'
[2025-11-13 23:40:31Z INFO HostContext] Well known directory 'Work': 'C:\Trabalho\actions-runner\_work'
[2025-11-13 23:40:41Z INFO HostContext] Well known directory 'Bin': 'C:\Trabalho\actions-runner\bin'
[2025-11-13 23:40:41Z INFO HostContext] Well known directory 'Root': 'C:\Trabalho\actions-runner'
[2025-11-13 23:40:41Z INFO HostContext] Well known directory 'Work': 'C:\Trabalho\actions-runner\_work'
[2025-11-13 23:40:51Z INFO HostContext] Well known directory 'Bin': 'C:\Trabalho\actions-runner\bin'
[2025-11-13 23:40:51Z INFO HostContext] Well known directory 'Root': 'C:\Trabalho\actions-runner'
[2025-11-13 23:40:51Z INFO HostContext] Well known directory 'Work': 'C:\Trabalho\actions-runner\_work'
[2025-11-13 23:41:01Z INFO HostContext] Well known directory 'Bin': 'C:\Trabalho\actions-runner\bin'
[2025-11-13 23:41:01Z INFO HostContext] Well known directory 'Root': 'C:\Trabalho\actions-runner'
[2025-11-13 23:41:01Z INFO HostContext] Well known directory 'Work': 'C:\Trabalho\actions-runner\_work'
[2025-11-13 23:41:11Z INFO HostContext] Well known directory 'Bin': 'C:\Trabalho\actions-runner\bin'
[2025-11-13 23:41:11Z INFO HostContext] Well known directory 'Root': 'C:\Trabalho\actions-runner'
[2025-11-13 23:41:11Z INFO HostContext] Well known directory 'Work': 'C:\Trabalho\actions-runner\_work'
[2025-11-13 23:41:21Z INFO HostContext] Well known directory 'Bin': 'C:\Trabalho\actions-runner\bin'
[2025-11-13 23:41:21Z INFO HostContext] Well known directory 'Root': 'C:\Trabalho\actions-runner'
[2025-11-13 23:41:21Z INFO HostContext] Well known directory 'Work': 'C:\Trabalho\actions-runner\_work'
[2025-11-13 23:41:31Z INFO HostContext] Well known directory 'Bin': 'C:\Trabalho\actions-runner\bin'
[2025-11-13 23:41:31Z INFO HostContext] Well known directory 'Root': 'C:\Trabalho\actions-runner'
[2025-11-13 23:41:31Z INFO HostContext] Well known directory 'Work': 'C:\Trabalho\actions-runner\_work'
[2025-11-13 23:41:41Z INFO HostContext] Well known directory 'Bin': 'C:\Trabalho\actions-runner\bin'
[2025-11-13 23:41:41Z INFO HostContext] Well known directory 'Root': 'C:\Trabalho\actions-runner'
[2025-11-13 23:41:41Z INFO HostContext] Well known directory 'Work': 'C:\Trabalho\actions-runner\_work'
[2025-11-13 23:41:51Z INFO HostContext] Well known directory 'Bin': 'C:\Trabalho\actions-runner\bin'
[2025-11-13 23:41:51Z INFO HostContext] Well known directory 'Root': 'C:\Trabalho\actions-runner'
[2025-11-13 23:41:51Z INFO HostContext] Well known directory 'Work': 'C:\Trabalho\actions-runner\_work'
[2025-11-13 23:42:01Z INFO HostContext] Well known directory 'Bin': 'C:\Trabalho\actions-runner\bin'
[2025-11-13 23:42:01Z INFO HostContext] Well known directory 'Root': 'C:\Trabalho\actions-runner'
[2025-11-13 23:42:01Z INFO HostContext] Well known directory 'Work': 'C:\Trabalho\actions-runner\_work'
[2025-11-13 23:42:11Z INFO HostContext] Well known directory 'Bin': 'C:\Trabalho\actions-runner\bin'
[2025-11-13 23:42:11Z INFO HostContext] Well known directory 'Root': 'C:\Trabalho\actions-runner'
[2025-11-13 23:42:11Z INFO HostContext] Well known directory 'Work': 'C:\Trabalho\actions-runner\_work'
[2025-11-13 23:42:21Z INFO HostContext] Well known directory 'Bin': 'C:\Trabalho\actions-runner\bin'
[2025-11-13 23:42:21Z INFO HostContext] Well known directory 'Root': 'C:\Trabalho\actions-runner'
[2025-11-13 23:42:21Z INFO HostContext] Well known directory 'Work': 'C:\Trabalho\actions-runner\_work'
[2025-11-13 23:42:31Z INFO HostContext] Well known directory 'Bin': 'C:\Trabalho\actions-runner\bin'
[2025-11-13 23:42:31Z INFO HostContext] Well known directory 'Root': 'C:\Trabalho\actions-runner'
[2025-11-13 23:42:31Z INFO HostContext] Well known directory 'Work': 'C:\Trabalho\actions-runner\_work'
[2025-11-13 23:42:41Z INFO HostContext] Well known directory 'Bin': 'C:\Trabalho\actions-runner\bin'
[2025-11-13 23:42:41Z INFO HostContext] Well known directory 'Root': 'C:\Trabalho\actions-runner'
[2025-11-13 23:42:41Z INFO HostContext] Well known directory 'Work': 'C:\Trabalho\actions-runner\_work'
[2025-11-13 23:42:51Z INFO ProcessInvokerWrapper] STDOUT/STDERR stream read finished.
[2025-11-13 23:42:51Z INFO ProcessInvokerWrapper] STDOUT/STDERR stream read finished.
[2025-11-13 23:42:51Z INFO ProcessInvokerWrapper] Finished process 5780 with exit code 1, and elapsed time 00:03:01.1575691.
[2025-11-13 23:42:51Z INFO CreateStepSummaryCommand] Step Summary file (C:\Trabalho\actions-runner\_work\_temp\_runner_file_commands\step_summary_aa9cc2f5-104b-4a2f-b916-d1e94e723d1a) is empty; skipping attachment upload
[2025-11-13 23:42:51Z INFO StepsRunner] Step result: Failed
[2025-11-13 23:42:51Z INFO ExecutionContext] Publish step telemetry for current step {
  "action": "powershell",
  "type": "run",
  "stage": "Main",
  "stepId": "322577e1-f103-4391-a897-bb83858f6b6f",
  "stepContextName": "__run_8",
  "result": "failed",
  "errorMessages": [
    "Process completed with exit code 1."
  ],
  "executionTimeInSeconds": 182,
  "startTime": "2025-11-13T23:39:49.9388021Z",
  "finishTime": "2025-11-13T23:42:51.1588098Z"
}.
[2025-11-13 23:42:51Z INFO StepsRunner] Update job result with current step result 'Failed'.
[2025-11-13 23:42:51Z INFO StepsRunner] Current state: job state = 'Failed'
[2025-11-13 23:42:51Z INFO StepsRunner] Processing step: DisplayName='Show services/pods'
[2025-11-13 23:42:51Z INFO StepsRunner] Evaluating: success()
[2025-11-13 23:42:51Z INFO StepsRunner] Result: false
[2025-11-13 23:42:51Z INFO StepsRunner] Skipping step due to condition evaluation.
[2025-11-13 23:42:51Z INFO StepsRunner] No need for updating job result with current step result 'Skipped'.
[2025-11-13 23:42:51Z INFO StepsRunner] Current state: job state = 'Failed'
[2025-11-13 23:42:51Z INFO StepsRunner] Processing step: DisplayName='Post Checkout'
[2025-11-13 23:42:51Z INFO StepsRunner] Evaluating: always()
[2025-11-13 23:42:51Z INFO StepsRunner] Result: true
[2025-11-13 23:42:51Z INFO StepsRunner] Starting the step.
[2025-11-13 23:42:51Z INFO HostContext] Well known directory 'Bin': 'C:\Trabalho\actions-runner\bin'
[2025-11-13 23:42:51Z INFO HostContext] Well known directory 'Root': 'C:\Trabalho\actions-runner'
[2025-11-13 23:42:51Z INFO HostContext] Well known directory 'Work': 'C:\Trabalho\actions-runner\_work'
[2025-11-13 23:42:51Z INFO StepsRunner] Which2: 'chcp'
[2025-11-13 23:42:51Z INFO StepsRunner] Location: 'C:\WINDOWS\system32\chcp.COM'
[2025-11-13 23:42:51Z INFO ProcessInvokerWrapper] Starting process:
[2025-11-13 23:42:51Z INFO ProcessInvokerWrapper]   File name: 'C:\WINDOWS\system32\chcp.COM'
[2025-11-13 23:42:51Z INFO ProcessInvokerWrapper]   Arguments: '65001'
[2025-11-13 23:42:51Z INFO ProcessInvokerWrapper]   Working directory: 'C:\Trabalho\actions-runner\_work'
[2025-11-13 23:42:51Z INFO ProcessInvokerWrapper]   Require exit code zero: 'False'
[2025-11-13 23:42:51Z INFO ProcessInvokerWrapper]   Encoding web name:  ; code page: ''
[2025-11-13 23:42:51Z INFO ProcessInvokerWrapper]   Force kill process on cancellation: 'False'
[2025-11-13 23:42:51Z INFO ProcessInvokerWrapper]   Redirected STDIN: 'False'
[2025-11-13 23:42:51Z INFO ProcessInvokerWrapper]   Persist current code page: 'True'
[2025-11-13 23:42:51Z INFO ProcessInvokerWrapper]   Keep redirected STDIN open: 'False'
[2025-11-13 23:42:51Z INFO ProcessInvokerWrapper]   High priority process: 'False'
[2025-11-13 23:42:51Z INFO ProcessInvokerWrapper] Process started with process id 11612, waiting for process exit.
[2025-11-13 23:42:51Z INFO ProcessInvokerWrapper] STDOUT/STDERR stream read finished.
[2025-11-13 23:42:51Z INFO ProcessInvokerWrapper] STDOUT/STDERR stream read finished.
[2025-11-13 23:42:51Z INFO ProcessInvokerWrapper] Finished process 11612 with exit code 0, and elapsed time 00:00:00.0306867.
[2025-11-13 23:42:51Z INFO StepsRunner] Successfully returned to code page 65001 (UTF8)
[2025-11-13 23:42:51Z INFO HostContext] Well known directory 'Bin': 'C:\Trabalho\actions-runner\bin'
[2025-11-13 23:42:51Z INFO HostContext] Well known directory 'Root': 'C:\Trabalho\actions-runner'
[2025-11-13 23:42:51Z INFO HostContext] Well known directory 'Work': 'C:\Trabalho\actions-runner\_work'
[2025-11-13 23:42:51Z INFO HostContext] Well known directory 'Actions': 'C:\Trabalho\actions-runner\_work\_actions'
[2025-11-13 23:42:51Z INFO ActionManager] Load action that reference repository from 'C:\Trabalho\actions-runner\_work\_actions\actions\checkout\v4'
[2025-11-13 23:42:51Z INFO HostContext] Well known directory 'Bin': 'C:\Trabalho\actions-runner\bin'
[2025-11-13 23:42:51Z INFO HostContext] Well known directory 'Root': 'C:\Trabalho\actions-runner'
[2025-11-13 23:42:51Z INFO HostContext] Well known directory 'Work': 'C:\Trabalho\actions-runner\_work'
[2025-11-13 23:42:51Z INFO HostContext] Well known directory 'Actions': 'C:\Trabalho\actions-runner\_work\_actions'
[2025-11-13 23:42:51Z INFO ActionManifestManager] Loaded action.yml file: {
  "name": "Checkout",
  "description": "Checkout a Git repository at a particular version",
  "inputs": {
    "type": 2,
    "map": [
      {
        "key": {
          "type": 0,
          "file": 2,
          "line": 4,
          "col": 3,
          "lit": "repository"
        },
        "value": {
          "type": 3,
          "file": 2,
          "line": 6,
          "col": 14,
          "expr": "github.repository"
        }
      },
      {
        "key": {
          "type": 0,
          "file": 2,
          "line": 7,
          "col": 3,
          "lit": "ref"
        },
        "value": ""
      },
      {
        "key": {
          "type": 0,
          "file": 2,
          "line": 12,
          "col": 3,
          "lit": "token"
        },
        "value": {
          "type": 3,
          "file": 2,
          "line": 24,
          "col": 14,
          "expr": "github.token"
        }
      },
      {
        "key": {
          "type": 0,
          "file": 2,
          "line": 25,
          "col": 3,
          "lit": "ssh-key"
        },
        "value": ""
      },
      {
        "key": {
          "type": 0,
          "file": 2,
          "line": 37,
          "col": 3,
          "lit": "ssh-known-hosts"
        },
        "value": ""
      },
      {
        "key": {
          "type": 0,
          "file": 2,
          "line": 42,
          "col": 3,
          "lit": "ssh-strict"
        },
        "value": {
          "type": 0,
          "file": 2,
          "line": 47,
          "col": 14,
          "lit": "true"
        }
      },
      {
        "key": {
          "type": 0,
          "file": 2,
          "line": 48,
          "col": 3,
          "lit": "ssh-user"
        },
        "value": {
          "type": 0,
          "file": 2,
          "line": 51,
          "col": 14,
          "lit": "git"
        }
      },
      {
        "key": {
          "type": 0,
          "file": 2,
          "line": 52,
          "col": 3,
          "lit": "persist-credentials"
        },
        "value": {
          "type": 0,
          "file": 2,
          "line": 54,
          "col": 14,
          "lit": "true"
        }
      },
      {
        "key": {
          "type": 0,
          "file": 2,
          "line": 55,
          "col": 3,
          "lit": "path"
        },
        "value": ""
      },
      {
        "key": {
          "type": 0,
          "file": 2,
          "line": 57,
          "col": 3,
          "lit": "clean"
        },
        "value": {
          "type": 0,
          "file": 2,
          "line": 59,
          "col": 14,
          "lit": "true"
        }
      },
      {
        "key": {
          "type": 0,
          "file": 2,
          "line": 60,
          "col": 3,
          "lit": "filter"
        },
        "value": {
          "type": 0,
          "file": 2,
          "line": 64,
          "col": 14,
          "lit": ""
        }
      },
      {
        "key": {
          "type": 0,
          "file": 2,
          "line": 65,
          "col": 3,
          "lit": "sparse-checkout"
        },
        "value": {
          "type": 0,
          "file": 2,
          "line": 69,
          "col": 14,
          "lit": ""
        }
      },
      {
        "key": {
          "type": 0,
          "file": 2,
          "line": 70,
          "col": 3,
          "lit": "sparse-checkout-cone-mode"
        },
        "value": {
          "type": 0,
          "file": 2,
          "line": 73,
          "col": 14,
          "lit": "true"
        }
      },
      {
        "key": {
          "type": 0,
          "file": 2,
          "line": 74,
          "col": 3,
          "lit": "fetch-depth"
        },
        "value": {
          "type": 0,
          "file": 2,
          "line": 76,
          "col": 14,
          "lit": "1"
        }
      },
      {
        "key": {
          "type": 0,
          "file": 2,
          "line": 77,
          "col": 3,
          "lit": "fetch-tags"
        },
        "value": {
          "type": 0,
          "file": 2,
          "line": 79,
          "col": 14,
          "lit": "false"
        }
      },
      {
        "key": {
          "type": 0,
          "file": 2,
          "line": 80,
          "col": 3,
          "lit": "show-progress"
        },
        "value": {
          "type": 0,
          "file": 2,
          "line": 82,
          "col": 14,
          "lit": "true"
        }
      },
      {
        "key": {
          "type": 0,
          "file": 2,
          "line": 83,
          "col": 3,
          "lit": "lfs"
        },
        "value": {
          "type": 0,
          "file": 2,
          "line": 85,
          "col": 14,
          "lit": "false"
        }
      },
      {
        "key": {
          "type": 0,
          "file": 2,
          "line": 86,
          "col": 3,
          "lit": "submodules"
        },
        "value": {
          "type": 0,
          "file": 2,
          "line": 94,
          "col": 14,
          "lit": "false"
        }
      },
      {
        "key": {
          "type": 0,
          "file": 2,
          "line": 95,
          "col": 3,
          "lit": "set-safe-directory"
        },
        "value": {
          "type": 0,
          "file": 2,
          "line": 97,
          "col": 14,
          "lit": "true"
        }
      },
      {
        "key": {
          "type": 0,
          "file": 2,
          "line": 98,
          "col": 3,
          "lit": "github-server-url"
        },
        "value": ""
      }
    ]
  },
  "execution": {
    "executionType": "nodeJS",
    "hasPre": false,
    "hasPost": true,
    "script": "dist/index.js",
    "pre": null,
    "post": "dist/index.js",
    "nodeVersion": "node20",
    "cleanupCondition": "always()",
    "initCondition": "always()"
  },
  "deprecated": null
}
[2025-11-13 23:42:51Z INFO ActionManager] Action pre node.js file: N/A.
[2025-11-13 23:42:51Z INFO ActionManager] Action node.js file: dist/index.js.
[2025-11-13 23:42:51Z INFO ActionManager] Action post node.js file: dist/index.js.
[2025-11-13 23:42:51Z INFO HostContext] Well known directory 'Bin': 'C:\Trabalho\actions-runner\bin'
[2025-11-13 23:42:51Z INFO HostContext] Well known directory 'Root': 'C:\Trabalho\actions-runner'
[2025-11-13 23:42:51Z INFO HostContext] Well known directory 'Work': 'C:\Trabalho\actions-runner\_work'
[2025-11-13 23:42:51Z INFO HostContext] Well known directory 'Temp': 'C:\Trabalho\actions-runner\_work\_temp'
[2025-11-13 23:42:51Z INFO ExecutionContext] Write event payload to C:\Trabalho\actions-runner\_work\_temp\_github_workflow\event.json
[2025-11-13 23:42:51Z INFO HostContext] Well known directory 'Bin': 'C:\Trabalho\actions-runner\bin'
[2025-11-13 23:42:51Z INFO HostContext] Well known directory 'Root': 'C:\Trabalho\actions-runner'
[2025-11-13 23:42:51Z INFO HostContext] Well known directory 'Work': 'C:\Trabalho\actions-runner\_work'
[2025-11-13 23:42:51Z INFO HostContext] Well known directory 'Temp': 'C:\Trabalho\actions-runner\_work\_temp'
[2025-11-13 23:42:51Z INFO ExtensionManager] Getting extensions for interface: 'GitHub.Runner.Worker.IFileCommandExtension'
[2025-11-13 23:42:51Z INFO ActionManifestManager] Input 'repository': *** value evaluate result: {
  "type": 0,
  "file": 2,
  "line": 6,
  "col": 14,
  "lit": "potinhek/Trabalho"
}
[2025-11-13 23:42:51Z INFO ActionManifestManager] Input 'ref': *** value evaluate result: ""
[2025-11-13 23:42:51Z INFO ActionManifestManager] Input 'token': *** value evaluate result: {
  "type": 0,
  "file": 2,
  "line": 24,
  "col": 14,
  "lit": "***"
}
[2025-11-13 23:42:51Z INFO ActionManifestManager] Input 'ssh-key': *** value evaluate result: ""
[2025-11-13 23:42:51Z INFO ActionManifestManager] Input 'ssh-known-hosts': *** value evaluate result: ""
[2025-11-13 23:42:51Z INFO ActionManifestManager] Input 'ssh-strict': *** value evaluate result: {
  "type": 0,
  "file": 2,
  "line": 47,
  "col": 14,
  "lit": "true"
}
[2025-11-13 23:42:51Z INFO ActionManifestManager] Input 'ssh-user': *** value evaluate result: {
  "type": 0,
  "file": 2,
  "line": 51,
  "col": 14,
  "lit": "git"
}
[2025-11-13 23:42:51Z INFO ActionManifestManager] Input 'persist-credentials': *** value evaluate result: {
  "type": 0,
  "file": 2,
  "line": 54,
  "col": 14,
  "lit": "true"
}
[2025-11-13 23:42:51Z INFO ActionManifestManager] Input 'path': *** value evaluate result: ""
[2025-11-13 23:42:51Z INFO ActionManifestManager] Input 'clean': *** value evaluate result: {
  "type": 0,
  "file": 2,
  "line": 59,
  "col": 14,
  "lit": "true"
}
[2025-11-13 23:42:51Z INFO ActionManifestManager] Input 'filter': *** value evaluate result: {
  "type": 0,
  "file": 2,
  "line": 64,
  "col": 14,
  "lit": ""
}
[2025-11-13 23:42:51Z INFO ActionManifestManager] Input 'sparse-checkout': *** value evaluate result: {
  "type": 0,
  "file": 2,
  "line": 69,
  "col": 14,
  "lit": ""
}
[2025-11-13 23:42:51Z INFO ActionManifestManager] Input 'sparse-checkout-cone-mode': *** value evaluate result: {
  "type": 0,
  "file": 2,
  "line": 73,
  "col": 14,
  "lit": "true"
}
[2025-11-13 23:42:51Z INFO ActionManifestManager] Input 'fetch-depth': *** value evaluate result: {
  "type": 0,
  "file": 2,
  "line": 76,
  "col": 14,
  "lit": "1"
}
[2025-11-13 23:42:51Z INFO ActionManifestManager] Input 'fetch-tags': *** value evaluate result: {
  "type": 0,
  "file": 2,
  "line": 79,
  "col": 14,
  "lit": "false"
}
[2025-11-13 23:42:51Z INFO ActionManifestManager] Input 'show-progress': *** value evaluate result: {
  "type": 0,
  "file": 2,
  "line": 82,
  "col": 14,
  "lit": "true"
}
[2025-11-13 23:42:51Z INFO ActionManifestManager] Input 'lfs': *** value evaluate result: {
  "type": 0,
  "file": 2,
  "line": 85,
  "col": 14,
  "lit": "false"
}
[2025-11-13 23:42:51Z INFO ActionManifestManager] Input 'submodules': *** value evaluate result: {
  "type": 0,
  "file": 2,
  "line": 94,
  "col": 14,
  "lit": "false"
}
[2025-11-13 23:42:51Z INFO ActionManifestManager] Input 'set-safe-directory': *** value evaluate result: {
  "type": 0,
  "file": 2,
  "line": 97,
  "col": 14,
  "lit": "true"
}
[2025-11-13 23:42:51Z INFO ActionManifestManager] Input 'github-server-url': *** value evaluate result: ""
[2025-11-13 23:42:51Z INFO ExtensionManager] Getting extensions for interface: 'GitHub.Runner.Worker.IActionCommandExtension'
[2025-11-13 23:42:51Z INFO ActionCommandManager] Register action command extension for command internal-set-repo-path
[2025-11-13 23:42:51Z INFO ActionCommandManager] Register action command extension for command set-env
[2025-11-13 23:42:51Z INFO ActionCommandManager] Register action command extension for command set-output
[2025-11-13 23:42:51Z INFO ActionCommandManager] Register action command extension for command save-state
[2025-11-13 23:42:51Z INFO ActionCommandManager] Register action command extension for command add-path
[2025-11-13 23:42:51Z INFO ActionCommandManager] Register action command extension for command add-mask
[2025-11-13 23:42:51Z INFO ActionCommandManager] Register action command extension for command add-matcher
[2025-11-13 23:42:51Z INFO ActionCommandManager] Register action command extension for command remove-matcher
[2025-11-13 23:42:51Z INFO ActionCommandManager] Register action command extension for command warning
[2025-11-13 23:42:51Z INFO ActionCommandManager] Register action command extension for command error
[2025-11-13 23:42:51Z INFO ActionCommandManager] Register action command extension for command notice
[2025-11-13 23:42:51Z INFO ActionCommandManager] Register action command extension for command debug
[2025-11-13 23:42:51Z INFO ActionCommandManager] Register action command extension for command group
[2025-11-13 23:42:51Z INFO ActionCommandManager] Register action command extension for command endgroup
[2025-11-13 23:42:51Z INFO ActionCommandManager] Register action command extension for command echo
[2025-11-13 23:42:51Z INFO JobServerQueue] Try to append 1 batches web console lines for record '322577e1-f103-4391-a897-bb83858f6b6f', success rate: 1/1.
[2025-11-13 23:42:51Z INFO HostContext] Well known directory 'Bin': 'C:\Trabalho\actions-runner\bin'
[2025-11-13 23:42:51Z INFO HostContext] Well known directory 'Root': 'C:\Trabalho\actions-runner'
[2025-11-13 23:42:51Z INFO HostContext] Well known directory 'Externals': 'C:\Trabalho\actions-runner\externals'
[2025-11-13 23:42:51Z INFO ProcessInvokerWrapper] Starting process:
[2025-11-13 23:42:51Z INFO ProcessInvokerWrapper]   File name: 'C:\Trabalho\actions-runner\externals\node20\bin\node.exe'
[2025-11-13 23:42:51Z INFO ProcessInvokerWrapper]   Arguments: '"C:\Trabalho\actions-runner\_work\_actions\actions\checkout\v4\dist/index.js"'
[2025-11-13 23:42:51Z INFO ProcessInvokerWrapper]   Working directory: 'C:\Trabalho\actions-runner\_work\Trabalho\Trabalho'
[2025-11-13 23:42:51Z INFO ProcessInvokerWrapper]   Require exit code zero: 'False'
[2025-11-13 23:42:51Z INFO ProcessInvokerWrapper]   Encoding web name: utf-8 ; code page: '65001'
[2025-11-13 23:42:51Z INFO ProcessInvokerWrapper]   Force kill process on cancellation: 'False'
[2025-11-13 23:42:51Z INFO ProcessInvokerWrapper]   Redirected STDIN: 'False'
[2025-11-13 23:42:51Z INFO ProcessInvokerWrapper]   Persist current code page: 'True'
[2025-11-13 23:42:51Z INFO ProcessInvokerWrapper]   Keep redirected STDIN open: 'False'
[2025-11-13 23:42:51Z INFO ProcessInvokerWrapper]   High priority process: 'False'
[2025-11-13 23:42:51Z INFO ProcessInvokerWrapper] Process started with process id 8888, waiting for process exit.
[2025-11-13 23:42:51Z INFO JobServerQueue] Got a step log file to send to results service.
[2025-11-13 23:42:51Z INFO JobServerQueue] Starting upload of step log file to results service ResultsLog, C:\Trabalho\actions-runner\_diag\blocks\4931e80d-852a-4950-82d2-b86d0516d641_322577e1-f103-4391-a897-bb83858f6b6f.1
[2025-11-13 23:42:51Z INFO JobServerQueue] Try to append 1 batches web console lines for record 'a23ad64d-c80b-41f2-95f6-a7c6672519ec', success rate: 1/1.
[2025-11-13 23:42:51Z INFO HostContext] Well known directory 'Bin': 'C:\Trabalho\actions-runner\bin'
[2025-11-13 23:42:51Z INFO HostContext] Well known directory 'Root': 'C:\Trabalho\actions-runner'
[2025-11-13 23:42:51Z INFO HostContext] Well known directory 'Work': 'C:\Trabalho\actions-runner\_work'
[2025-11-13 23:42:52Z INFO AddMaskCommandExtension] Add new secret mask with length of 32
[2025-11-13 23:42:52Z INFO JobServerQueue] Try to upload 1 log files or attachments, success rate: 1/1.
[2025-11-13 23:42:52Z INFO JobServerQueue] Try to append 1 batches web console lines for record 'a23ad64d-c80b-41f2-95f6-a7c6672519ec', success rate: 1/1.
[2025-11-13 23:42:52Z INFO JobServerQueue] Tried to upload 1 file(s) to results, success rate: 1/1.
[2025-11-13 23:42:52Z INFO JobServerQueue] Try to append 1 batches web console lines for record 'a23ad64d-c80b-41f2-95f6-a7c6672519ec', success rate: 1/1.
[2025-11-13 23:42:54Z INFO ProcessInvokerWrapper] STDOUT/STDERR stream read finished.
[2025-11-13 23:42:54Z INFO ProcessInvokerWrapper] STDOUT/STDERR stream read finished.
[2025-11-13 23:42:54Z INFO ProcessInvokerWrapper] Finished process 8888 with exit code 0, and elapsed time 00:00:03.1873336.
[2025-11-13 23:42:54Z INFO CreateStepSummaryCommand] Step Summary file (C:\Trabalho\actions-runner\_work\_temp\_runner_file_commands\step_summary_20ad8d71-24b1-46c2-b2f0-3f9b851ea3e7) is empty; skipping attachment upload
[2025-11-13 23:42:54Z INFO StepsRunner] Step result: 
[2025-11-13 23:42:54Z INFO ExecutionContext] Publish step telemetry for current step {
  "action": "actions/checkout",
  "ref": "v4",
  "type": "node20",
  "stage": "Post",
  "stepId": "a23ad64d-c80b-41f2-95f6-a7c6672519ec",
  "result": "succeeded",
  "errorMessages": [
    "The process 'C:\\Program Files\\Git\\cmd\\git.exe' failed with exit code 128"
  ],
  "executionTimeInSeconds": 4,
  "startTime": "2025-11-13T23:42:51.1659199Z",
  "finishTime": "2025-11-13T23:42:54.4319205Z"
}.
[2025-11-13 23:42:54Z INFO StepsRunner] No need for updating job result with current step result 'Succeeded'.
[2025-11-13 23:42:54Z INFO StepsRunner] Current state: job state = 'Failed'
[2025-11-13 23:42:54Z INFO JobRunner] Finalize job.
[2025-11-13 23:42:54Z INFO HostContext] Well known directory 'Bin': 'C:\Trabalho\actions-runner\bin'
[2025-11-13 23:42:54Z INFO HostContext] Well known directory 'Root': 'C:\Trabalho\actions-runner'
[2025-11-13 23:42:54Z INFO HostContext] Well known directory 'Diag': 'C:\Trabalho\actions-runner\_diag'
[2025-11-13 23:42:54Z INFO HostContext] Well known directory 'Bin': 'C:\Trabalho\actions-runner\bin'
[2025-11-13 23:42:54Z INFO HostContext] Well known directory 'Root': 'C:\Trabalho\actions-runner'
[2025-11-13 23:42:54Z INFO HostContext] Well known directory 'Diag': 'C:\Trabalho\actions-runner\_diag'
[2025-11-13 23:42:54Z INFO JobExtension] Initialize Env context
[2025-11-13 23:42:54Z INFO JobExtension] Initialize steps context
[2025-11-13 23:42:54Z INFO JobExtension] Total accessible running process: 270.
[2025-11-13 23:42:54Z INFO ExecutionContext] Publish step telemetry for current step {
  "action": "complete_job",
  "type": "runner",
  "stage": "Post",
  "stepId": "279d9c97-de23-4e02-bcff-e536e09576d0",
  "result": "succeeded",
  "errorMessages": [],
  "executionTimeInSeconds": 1,
  "startTime": "2025-11-13T23:42:54.4490868Z",
  "finishTime": "2025-11-13T23:42:54.4654534Z"
}.
[2025-11-13 23:42:54Z INFO JobRunner] Job result after all job steps finish: Failed
[2025-11-13 23:42:54Z INFO JobRunner] Completing the job execution context.
[2025-11-13 23:42:54Z INFO JobRunner] Shutting down the job server queue.
[2025-11-13 23:42:54Z INFO JobServerQueue] Fire signal to shutdown all queues.
[2025-11-13 23:42:55Z INFO JobServerQueue] All queue process task stopped.
[2025-11-13 23:42:55Z INFO JobServerQueue] Try to append 1 batches web console lines for record 'a23ad64d-c80b-41f2-95f6-a7c6672519ec', success rate: 1/1.
[2025-11-13 23:42:55Z INFO JobServerQueue] Try to append 1 batches web console lines for record '279d9c97-de23-4e02-bcff-e536e09576d0', success rate: 1/1.
[2025-11-13 23:42:55Z INFO JobServerQueue] Web console line queue drained.
[2025-11-13 23:42:55Z INFO JobServerQueue] Uploading 3 files in one shot.
[2025-11-13 23:42:55Z INFO JobServerQueue] Try to upload 3 log files or attachments, success rate: 3/3.
[2025-11-13 23:42:55Z INFO JobServerQueue] File upload queue drained.
[2025-11-13 23:42:55Z INFO JobServerQueue] Starting results-based upload queue...
[2025-11-13 23:42:55Z INFO JobServerQueue] Uploading 3 file(s) in one shot through results service.
[2025-11-13 23:42:55Z INFO JobServerQueue] Got a step log file to send to results service.
[2025-11-13 23:42:55Z INFO JobServerQueue] Starting upload of step log file to results service ResultsLog, C:\Trabalho\actions-runner\_diag\blocks\4931e80d-852a-4950-82d2-b86d0516d641_a23ad64d-c80b-41f2-95f6-a7c6672519ec.1
[2025-11-13 23:42:55Z INFO JobServerQueue] Got a step log file to send to results service.
[2025-11-13 23:42:55Z INFO JobServerQueue] Starting upload of step log file to results service ResultsLog, C:\Trabalho\actions-runner\_diag\blocks\4931e80d-852a-4950-82d2-b86d0516d641_279d9c97-de23-4e02-bcff-e536e09576d0.1
[2025-11-13 23:42:56Z INFO JobServerQueue] Got a job log file to send to results service.
[2025-11-13 23:42:56Z INFO JobServerQueue] Starting upload of job log file to results service ResultsLog, C:\Trabalho\actions-runner\_diag\blocks\4931e80d-852a-4950-82d2-b86d0516d641_a718d3fe-f9df-5935-932b-6f39a8748c07.1
[2025-11-13 23:42:57Z INFO JobServerQueue] Tried to upload 3 file(s) to results, success rate: 3/3.
[2025-11-13 23:42:57Z INFO JobServerQueue] Results upload queue drained.
[2025-11-13 23:42:57Z INFO JobServerQueue] Timeline update queue drained.
[2025-11-13 23:42:57Z INFO JobServerQueue] Disposing job server ...
[2025-11-13 23:42:57Z INFO JobServerQueue] Disposing results server ...
[2025-11-13 23:42:57Z INFO JobServerQueue] All queue process tasks have been stopped, and all queues are drained.
[2025-11-13 23:42:57Z INFO TempDirectoryManager] Cleaning runner temp folder: C:\Trabalho\actions-runner\_work\_temp
[2025-11-13 23:42:57Z INFO HostContext] Well known directory 'Bin': 'C:\Trabalho\actions-runner\bin'
[2025-11-13 23:42:57Z INFO HostContext] Well known directory 'Root': 'C:\Trabalho\actions-runner'
[2025-11-13 23:42:57Z INFO HostContext] Well known directory 'Diag': 'C:\Trabalho\actions-runner\_diag'
[2025-11-13 23:42:57Z INFO HostContext] Well known config file 'Telemetry': 'C:\Trabalho\actions-runner\_diag\.telemetry'
[2025-11-13 23:42:57Z INFO JobRunner] Raising job completed against run service
[2025-11-13 23:42:57Z INFO Worker] Job completed.
