[2025-11-13 23:32:37Z INFO HostContext] No proxy settings were found based on environmental variables (http_proxy/https_proxy/HTTP_PROXY/HTTPS_PROXY)
[2025-11-13 23:32:37Z INFO HostContext] Well known directory 'Bin': 'C:\Trabalho\actions-runner\bin'
[2025-11-13 23:32:37Z INFO HostContext] Well known directory 'Root': 'C:\Trabalho\actions-runner'
[2025-11-13 23:32:37Z INFO HostContext] Well known config file 'Credentials': 'C:\Trabalho\actions-runner\.credentials'
[2025-11-13 23:32:38Z INFO HostContext] Well known directory 'Bin': 'C:\Trabalho\actions-runner\bin'
[2025-11-13 23:32:38Z INFO HostContext] Well known directory 'Root': 'C:\Trabalho\actions-runner'
[2025-11-13 23:32:38Z INFO HostContext] Well known config file 'Runner': 'C:\Trabalho\actions-runner\.runner'
[2025-11-13 23:32:38Z INFO Worker] Version: 2.329.0
[2025-11-13 23:32:38Z INFO Worker] Commit: c76c59996c8fa32e989164a5a695efb12608ae5a
[2025-11-13 23:32:38Z INFO Worker] Culture: pt-BR
[2025-11-13 23:32:38Z INFO Worker] UI Culture: pt-BR
[2025-11-13 23:32:38Z INFO Worker] Waiting to receive the job message from the channel.
[2025-11-13 23:32:38Z INFO ProcessChannel] Receiving message of length 40151, with hash '075c2f209a94acba8ee4e7bf3d8c29fce8a97a8f787ef755e14f7f1899f27c72'
[2025-11-13 23:32:38Z INFO Worker] Message received.
[2025-11-13 23:32:38Z INFO Worker] Job message:
 {
  "fileTable": [
    ".github/workflows/cd.yml"
  ],
  "mask": [
    {
      "type": "regex",
      "value": "***"
    },
    {
      "type": "regex",
      "value": "***"
    },
    {
      "type": "regex",
      "value": "***"
    },
    {
      "type": "regex",
      "value": "***"
    },
    {
      "type": "regex",
      "value": "***"
    },
    {
      "type": "regex",
      "value": "***"
    },
    {
      "type": "regex",
      "value": "***"
    },
    {
      "type": "regex",
      "value": "***"
    },
    {
      "type": "regex",
      "value": "***"
    },
    {
      "type": "regex",
      "value": "***"
    },
    {
      "type": "regex",
      "value": "***"
    },
    {
      "type": "regex",
      "value": "***"
    },
    {
      "type": "regex",
      "value": "***"
    },
    {
      "type": "regex",
      "value": "***"
    },
    {
      "type": "regex",
      "value": "***"
    },
    {
      "type": "regex",
      "value": "***"
    },
    {
      "type": "regex",
      "value": "***"
    },
    {
      "type": "regex",
      "value": "***"
    }
  ],
  "steps": [
    {
      "type": "action",
      "reference": {
        "type": "repository",
        "name": "actions/checkout",
        "ref": "v4",
        "repositoryType": "GitHub"
      },
      "displayNameToken": {
        "type": 0,
        "file": 1,
        "line": 22,
        "col": 15,
        "lit": "Checkout"
      },
      "contextName": "__actions_checkout",
      "condition": "success()",
      "id": "c64e0df4-3d1d-418c-a348-1e2daaf50082",
      "name": "__actions_checkout"
    },
    {
      "type": "action",
      "reference": {
        "type": "script"
      },
      "displayNameToken": {
        "type": 0,
        "file": 1,
        "line": 25,
        "col": 15,
        "lit": "Set vars"
      },
      "contextName": "vars",
      "inputs": {
        "type": 2,
        "map": [
          {
            "key": "script",
            "value": {
              "type": 3,
              "file": 1,
              "line": 28,
              "col": 14,
              "expr": "format('\"IMAGE=jacksonugv/trabalho\" >> $env:GITHUB_OUTPUT\n\n# usa o SHA do workflow de CI que terminou\n$sha = \"{0}\"\n\"TAG_SHA=$($sha.Substring(0,7))\" >> $env:GITHUB_OUTPUT\n\n$ns = \"{1}\"\nif ([string]::IsNullOrWhiteSpace($ns)) {{ $ns = \"***\" }}\n\"NAMESPACE=$ns\" >> $env:GITHUB_OUTPUT\n', github.event.workflow_run.head_sha, secrets.K8S_NAMESPACE)"
            }
          },
          {
            "key": "shell",
            "value": {
              "type": 0,
              "file": 1,
              "line": 27,
              "col": 16,
              "lit": "powershell"
            }
          }
        ]
      },
      "condition": "success()",
      "id": "36f7095e-8436-4ec4-9d93-c767bd6812fe",
      "name": "vars"
    },
    {
      "type": "action",
      "reference": {
        "type": "script"
      },
      "displayNameToken": {
        "type": 0,
        "file": 1,
        "line": 40,
        "col": 15,
        "lit": "Ensure kubectl"
      },
      "contextName": "__run",
      "inputs": {
        "type": 2,
        "map": [
          {
            "key": "script",
            "value": {
              "type": 0,
              "file": 1,
              "line": 42,
              "col": 14,
              "lit": "$ErrorActionPreference = 'Stop'\nif (-not (Get-Command kubectl -ErrorAction SilentlyContinue)) {\n  Write-Host \"kubectl não encontrado. Instalando...\"\n  Invoke-WebRequest -UseBasicParsing -Uri https://dl.k8s.io/release/stable.txt -OutFile stable.txt\n  $ver = Get-Content stable.txt\n  $url = \"https://dl.k8s.io/release/$ver/bin/windows/amd64/kubectl.exe\"\n  $bin = Join-Path $env:RUNNER_TEMP \"bin\"\n  New-Item -ItemType Directory -Force -Path $bin | Out-Null\n  Invoke-WebRequest -UseBasicParsing -Uri $url -OutFile (Join-Path $bin \"kubectl.exe\")\n  \"$bin\" | Out-File -FilePath $env:GITHUB_PATH -Encoding ascii -Append\n}\nkubectl version --client=true\n"
            }
          },
          {
            "key": "shell",
            "value": {
              "type": 0,
              "file": 1,
              "line": 41,
              "col": 16,
              "lit": "powershell"
            }
          }
        ]
      },
      "condition": "success()",
      "id": "7b829f92-1919-44df-8fac-f620acf28acf",
      "name": "__run"
    },
    {
      "type": "action",
      "reference": {
        "type": "script"
      },
      "displayNameToken": {
        "type": 0,
        "file": 1,
        "line": 57,
        "col": 15,
        "lit": "Ensure Minikube running"
      },
      "contextName": "__run_2",
      "inputs": {
        "type": 2,
        "map": [
          {
            "key": "script",
            "value": {
              "type": 0,
              "file": 1,
              "line": 59,
              "col": 14,
              "lit": "$ErrorActionPreference = 'Stop'\n\nif (-not (Get-Command minikube -ErrorAction SilentlyContinue)) {\n  throw \"Minikube não está instalado no runner. Instale no mesmo host.\"\n}\n\n# Driver preferível\n$driver = \"docker\"\nif (-not (Get-Command docker -ErrorAction SilentlyContinue)) {\n  $driver = \"hyperv\"\n}\n\n# Verifica se já está rodando\n$ok = $false\ntry {\n  $st = minikube status --output=json | ConvertFrom-Json\n  if ($st.Host -eq 'Running' -and $st.Kubelet -eq 'Running' -and $st.APIServer -eq 'Running') { $ok = $true }\n} catch { }\n\nif (-not $ok) {\n  Write-Host \"Iniciando Minikube (--driver=$driver)...\"\n  minikube start --driver=$driver\n}\n\n# Garante kubeconfig do minikube e contexto\nminikube update-context\n\n$ctx = kubectl config current-context\nWrite-Host \"Contexto atual: $ctx\"\n$server = kubectl config view --minify -o jsonpath='{.clusters[0].cluster.server}'\nWrite-Host \"API Server: $server\"\n"
            }
          },
          {
            "key": "shell",
            "value": {
              "type": 0,
              "file": 1,
              "line": 58,
              "col": 16,
              "lit": "powershell"
            }
          }
        ]
      },
      "condition": "success()",
      "id": "aa866b4a-17d1-4608-be02-4237c655c746",
      "name": "__run_2"
    },
    {
      "type": "action",
      "reference": {
        "type": "script"
      },
      "displayNameToken": {
        "type": 0,
        "file": 1,
        "line": 93,
        "col": 15,
        "lit": "Wait for API server (healthz)"
      },
      "contextName": "__run_3",
      "inputs": {
        "type": 2,
        "map": [
          {
            "key": "script",
            "value": {
              "type": 0,
              "file": 1,
              "line": 95,
              "col": 14,
              "lit": "$ErrorActionPreference = 'Stop'\n$max = 20\nfor ($i=1; $i -le $max; $i++) {\n  try {\n    $h = kubectl get --raw=/healthz 2>$null\n    if ($LASTEXITCODE -eq 0 -and $h -match \"ok\") {\n      Write-Host \"API Server OK\"; break\n    }\n  } catch { }\n  Write-Host \"Aguardando API Server ($i/$max)...\"\n  Start-Sleep -Seconds 3\n  if ($i -eq $max) { throw \"API Server indisponível (timeout).\" }\n}\nkubectl cluster-info\nkubectl get nodes -o wide\n"
            }
          },
          {
            "key": "shell",
            "value": {
              "type": 0,
              "file": 1,
              "line": 94,
              "col": 16,
              "lit": "powershell"
            }
          }
        ]
      },
      "condition": "success()",
      "id": "30ca50f7-61d5-4af6-89e0-b57f852434a9",
      "name": "__run_3"
    },
    {
      "type": "action",
      "reference": {
        "type": "script"
      },
      "displayNameToken": {
        "type": 0,
        "file": 1,
        "line": 113,
        "col": 15,
        "lit": "Create namespace if not exists"
      },
      "contextName": "__run_4",
      "environment": {
        "type": 2,
        "file": 1,
        "line": 116,
        "col": 11,
        "map": [
          {
            "key": {
              "type": 0,
              "file": 1,
              "line": 116,
              "col": 11,
              "lit": "NS"
            },
            "value": {
              "type": 3,
              "file": 1,
              "line": 116,
              "col": 15,
              "expr": "steps.vars.outputs.NAMESPACE"
            }
          }
        ]
      },
      "inputs": {
        "type": 2,
        "map": [
          {
            "key": "script",
            "value": {
              "type": 0,
              "file": 1,
              "line": 117,
              "col": 14,
              "lit": "kubectl get ns $env:NS *> $null\nif ($LASTEXITCODE -ne 0) { kubectl create ns $env:NS }\nkubectl get ns $env:NS\n"
            }
          },
          {
            "key": "shell",
            "value": {
              "type": 0,
              "file": 1,
              "line": 114,
              "col": 16,
              "lit": "powershell"
            }
          }
        ]
      },
      "condition": "success()",
      "id": "d29d41d3-d3c0-4ace-88ad-244cf22cb5fa",
      "name": "__run_4"
    },
    {
      "type": "action",
      "reference": {
        "type": "script"
      },
      "displayNameToken": {
        "type": 0,
        "file": 1,
        "line": 123,
        "col": 15,
        "lit": "Apply base manifests"
      },
      "contextName": "__run_5",
      "environment": {
        "type": 2,
        "file": 1,
        "line": 126,
        "col": 11,
        "map": [
          {
            "key": {
              "type": 0,
              "file": 1,
              "line": 126,
              "col": 11,
              "lit": "NS"
            },
            "value": {
              "type": 3,
              "file": 1,
              "line": 126,
              "col": 15,
              "expr": "steps.vars.outputs.NAMESPACE"
            }
          }
        ]
      },
      "inputs": {
        "type": 2,
        "map": [
          {
            "key": "script",
            "value": {
              "type": 0,
              "file": 1,
              "line": 127,
              "col": 14,
              "lit": "$ErrorActionPreference = 'Continue'\n\n$files = @(\n  \"k8s/service.yaml\",\n  \"k8s/prometheus-deployment.yaml\",\n  \"k8s/grafana-deployment.yaml\",\n  \"k8s/nginx-deployment.yaml\",\n  \"k8s/nginx-service.yaml\",\n  \"k8s/prometheus-config.yaml\"\n)\n\nforeach ($f in $files) {\n  if (Test-Path $f) {\n    Write-Host \"Aplicando $f...\"\n    kubectl apply -n $env:NS -f $f\n    if ($LASTEXITCODE -ne 0) {\n      Write-Host \"⚠ Falha ao aplicar $f, continuando...\"\n    }\n  } else {\n    Write-Host \"⚠ Arquivo não encontrado: $f (ignorando).\"\n  }\n}\n"
            }
          },
          {
            "key": "shell",
            "value": {
              "type": 0,
              "file": 1,
              "line": 124,
              "col": 16,
              "lit": "powershell"
            }
          }
        ]
      },
      "condition": "success()",
      "id": "1686607a-fedd-4977-87c7-35f0752ac511",
      "name": "__run_5"
    },
    {
      "type": "action",
      "reference": {
        "type": "script"
      },
      "displayNameToken": {
        "type": 0,
        "file": 1,
        "line": 152,
        "col": 15,
        "lit": "Apply app deployment"
      },
      "contextName": "__run_6",
      "environment": {
        "type": 2,
        "file": 1,
        "line": 155,
        "col": 11,
        "map": [
          {
            "key": {
              "type": 0,
              "file": 1,
              "line": 155,
              "col": 11,
              "lit": "NS"
            },
            "value": {
              "type": 3,
              "file": 1,
              "line": 155,
              "col": 15,
              "expr": "steps.vars.outputs.NAMESPACE"
            }
          }
        ]
      },
      "inputs": {
        "type": 2,
        "map": [
          {
            "key": "script",
            "value": {
              "type": 0,
              "file": 1,
              "line": 156,
              "col": 14,
              "lit": "kubectl apply -n $env:NS -f k8s/deployment.yaml\n"
            }
          },
          {
            "key": "shell",
            "value": {
              "type": 0,
              "file": 1,
              "line": 153,
              "col": 16,
              "lit": "powershell"
            }
          }
        ]
      },
      "condition": "success()",
      "id": "907bebe2-d38a-4c24-b3e0-e64729b6aeab",
      "name": "__run_6"
    },
    {
      "type": "action",
      "reference": {
        "type": "script"
      },
      "displayNameToken": {
        "type": 0,
        "file": 1,
        "line": 159,
        "col": 15,
        "lit": "Set image to new tag"
      },
      "contextName": "__run_7",
      "environment": {
        "type": 2,
        "file": 1,
        "line": 162,
        "col": 11,
        "map": [
          {
            "key": {
              "type": 0,
              "file": 1,
              "line": 162,
              "col": 11,
              "lit": "NS"
            },
            "value": {
              "type": 3,
              "file": 1,
              "line": 162,
              "col": 16,
              "expr": "steps.vars.outputs.NAMESPACE"
            }
          },
          {
            "key": {
              "type": 0,
              "file": 1,
              "line": 163,
              "col": 11,
              "lit": "IMG"
            },
            "value": {
              "type": 3,
              "file": 1,
              "line": 163,
              "col": 16,
              "expr": "steps.vars.outputs.IMAGE"
            }
          },
          {
            "key": {
              "type": 0,
              "file": 1,
              "line": 164,
              "col": 11,
              "lit": "TAG"
            },
            "value": {
              "type": 3,
              "file": 1,
              "line": 164,
              "col": 16,
              "expr": "steps.vars.outputs.TAG_SHA"
            }
          }
        ]
      },
      "inputs": {
        "type": 2,
        "map": [
          {
            "key": "script",
            "value": {
              "type": 0,
              "file": 1,
              "line": 165,
              "col": 14,
              "lit": "kubectl set image deployment/monitor monitor=\"$env:IMG:$env:TAG\" -n $env:NS\n"
            }
          },
          {
            "key": "shell",
            "value": {
              "type": 0,
              "file": 1,
              "line": 160,
              "col": 16,
              "lit": "powershell"
            }
          }
        ]
      },
      "condition": "success()",
      "id": "db68c160-f066-44b2-a6b2-d4c58615ca97",
      "name": "__run_7"
    },
    {
      "type": "action",
      "reference": {
        "type": "script"
      },
      "displayNameToken": {
        "type": 0,
        "file": 1,
        "line": 168,
        "col": 15,
        "lit": "Wait rollout"
      },
      "contextName": "__run_8",
      "environment": {
        "type": 2,
        "file": 1,
        "line": 171,
        "col": 11,
        "map": [
          {
            "key": {
              "type": 0,
              "file": 1,
              "line": 171,
              "col": 11,
              "lit": "NS"
            },
            "value": {
              "type": 3,
              "file": 1,
              "line": 171,
              "col": 15,
              "expr": "steps.vars.outputs.NAMESPACE"
            }
          }
        ]
      },
      "inputs": {
        "type": 2,
        "map": [
          {
            "key": "script",
            "value": {
              "type": 0,
              "file": 1,
              "line": 172,
              "col": 14,
              "lit": "kubectl rollout status deployment/monitor -n $env:NS --timeout=180s\n"
            }
          },
          {
            "key": "shell",
            "value": {
              "type": 0,
              "file": 1,
              "line": 169,
              "col": 16,
              "lit": "powershell"
            }
          }
        ]
      },
      "condition": "success()",
      "id": "7a1268de-63fe-43d8-a9d0-bbcaff158ccd",
      "name": "__run_8"
    },
    {
      "type": "action",
      "reference": {
        "type": "script"
      },
      "displayNameToken": {
        "type": 0,
        "file": 1,
        "line": 175,
        "col": 15,
        "lit": "Show services/pods"
      },
      "contextName": "__run_9",
      "environment": {
        "type": 2,
        "file": 1,
        "line": 178,
        "col": 11,
        "map": [
          {
            "key": {
              "type": 0,
              "file": 1,
              "line": 178,
              "col": 11,
              "lit": "NS"
            },
            "value": {
              "type": 3,
              "file": 1,
              "line": 178,
              "col": 15,
              "expr": "steps.vars.outputs.NAMESPACE"
            }
          }
        ]
      },
      "inputs": {
        "type": 2,
        "map": [
          {
            "key": "script",
            "value": {
              "type": 0,
              "file": 1,
              "line": 179,
              "col": 14,
              "lit": "kubectl get svc -n $env:NS\nkubectl get deploy -n $env:NS\nkubectl get pods -o wide -n $env:NS\n"
            }
          },
          {
            "key": "shell",
            "value": {
              "type": 0,
              "file": 1,
              "line": 176,
              "col": 16,
              "lit": "powershell"
            }
          }
        ]
      },
      "condition": "success()",
      "id": "1b647adc-a247-414f-898b-f9bc369636bc",
      "name": "__run_9"
    }
  ],
  "variables": {
    "Actions.EnableHttpRedirects": {
      "value": "true"
    },
    "DistributedTask.AddWarningToNode12Action": {
      "value": "true"
    },
    "DistributedTask.AddWarningToNode16Action": {
      "value": "true"
    },
    "DistributedTask.AllowRunnerContainerHooks": {
      "value": "true"
    },
    "DistributedTask.DeprecateStepOutputCommands": {
      "value": "true"
    },
    "DistributedTask.DetailUntarFailure": {
      "value": "true"
    },
    "DistributedTask.EnableCompositeActions": {
      "value": "true"
    },
    "DistributedTask.EnableJobServerQueueTelemetry": {
      "value": "true"
    },
    "DistributedTask.EnhancedAnnotations": {
      "value": "true"
    },
    "DistributedTask.ForceGithubJavascriptActionsToNode16": {
      "value": "true"
    },
    "DistributedTask.ForceGithubJavascriptActionsToNode20": {
      "value": "true"
    },
    "DistributedTask.LogTemplateErrorsAsDebugMessages": {
      "value": "true"
    },
    "DistributedTask.MarkJobAsFailedOnWorkerCrash": {
      "value": "true"
    },
    "DistributedTask.NewActionMetadata": {
      "value": "true"
    },
    "DistributedTask.UploadStepSummary": {
      "value": "true"
    },
    "DistributedTask.UseActionArchiveCache": {
      "value": "true"
    },
    "DistributedTask.UseWhich2": {
      "value": "true"
    },
    "K8S_NAMESPACE": {
      "value": "***",
      "isSecret": true
    },
    "RunService.FixEmbeddedIssues": {
      "value": "true"
    },
    "actions_add_check_run_id_to_job_context": {
      "value": "true"
    },
    "actions_container_action_runner_temp": {
      "value": "false"
    },
    "actions_display_helpful_actions_download_errors": {
      "value": "true"
    },
    "actions_skip_retry_complete_job_upon_known_errors": {
      "value": "true"
    },
    "actions_uses_cache_service_v2": {
      "value": "true"
    },
    "github_token": {
      "value": "***",
      "isSecret": true
    },
    "system.from_run_service": {
      "value": "true"
    },
    "system.github.job": {
      "value": "deploy"
    },
    "system.github.launch_endpoint": {
      "value": "https://launch.actions.githubusercontent.com"
    },
    "system.github.results_endpoint": {
      "value": "https://results-receiver.actions.githubusercontent.com/"
    },
    "system.github.results_upload_with_sdk": {
      "value": "true"
    },
    "system.github.token": {
      "value": "***",
      "isSecret": true
    },
    "system.github.token.permissions": {
      "value": "{\"Contents\":\"read\",\"Metadata\":\"read\"}"
    },
    "system.orchestrationId": {
      "value": "6cc9bd11-139b-40d0-af12-69612d7f06be.deploy.__***"
    },
    "system.phaseDisplayName": {
      "value": "deploy"
    },
    "system.runner.lowdiskspacethreshold": {
      "value": "100"
    },
    "system.runnerEnvironment": {
      "value": "self-hosted"
    },
    "system.runnerGroupName": {
      "value": "Default"
    }
  },
  "messageType": "RunnerJobRequest",
  "plan": {
    "scopeIdentifier": "00000000-0000-0000-0000-000000000000",
    "planType": "actions",
    "version": 0,
    "planId": "6cc9bd11-139b-40d0-af12-69612d7f06be",
    "planGroup": null,
    "artifactUri": null,
    "artifactLocation": null,
    "definition": null,
    "owner": null
  },
  "timeline": {
    "id": "6cc9bd11-139b-40d0-af12-69612d7f06be",
    "changeId": 0,
    "location": null
  },
  "jobId": "ed38bcd3-5a8d-5f65-9a81-fe4c6675b10c",
  "jobDisplayName": "deploy",
  "jobName": "__***",
  "requestId": 0,
  "lockedUntil": "0001-01-01T00:00:00",
  "resources": {
    "endpoints": [
      {
        "data": {
          "ServerId": "",
          "ServerName": "",
          "CacheServerUrl": "https://artifactcache.actions.githubusercontent.com/8JPZzNWccmXB7pq2VFBusNDSXBCXxapWLLJA8jAevyJ7azicMC/",
          "FeedStreamUrl": "wss://results-receiver.actions.githubusercontent.com/_ws/ingest.sock",
          "ResultsServiceUrl": "https://results-receiver.actions.githubusercontent.com/",
          "PipelinesServiceUrl": "https://pipelinesghubeus24.actions.githubusercontent.com/8JPZzNWccmXB7pq2VFBusNDSXBCXxapWLLJA8jAevyJ7azicMC/",
          "GenerateIdTokenUrl": ""
        },
        "name": "SystemVssConnection",
        "url": "https://run-actions-2-azure-eastus.actions.githubusercontent.com/13/",
        "authorization": {
          "parameters": {
            "AccessToken": "***"
          },
          "scheme": "OAuth"
        },
        "isShared": false,
        "isReady": true
      }
    ]
  },
  "contextData": {
    "github": {
      "t": 2,
      "d": [
        {
          "k": "ref",
          "v": "refs/heads/main"
        },
        {
          "k": "sha",
          "v": "0979e562326855e84a0ff0591c094e5229077b37"
        },
        {
          "k": "repository",
          "v": "potinhek/Trabalho"
        },
        {
          "k": "repository_owner",
          "v": "potinhek"
        },
        {
          "k": "repository_owner_id",
          "v": "127362942"
        },
        {
          "k": "repositoryUrl",
          "v": "git://github.com/potinhek/Trabalho.git"
        },
        {
          "k": "run_id",
          "v": "19349146506"
        },
        {
          "k": "run_number",
          "v": "19"
        },
        {
          "k": "retention_days",
          "v": "90"
        },
        {
          "k": "run_attempt",
          "v": "1"
        },
        {
          "k": "artifact_cache_size_limit",
          "v": "10"
        },
        {
          "k": "repository_visibility",
          "v": "public"
        },
        {
          "k": "actor_id",
          "v": "127362942"
        },
        {
          "k": "actor",
          "v": "potinhek"
        },
        {
          "k": "workflow",
          "v": "CD - Deploy to Kubernetes (Self-Hosted)"
        },
        {
          "k": "head_ref",
          "v": ""
        },
        {
          "k": "base_ref",
          "v": ""
        },
        {
          "k": "event_name",
          "v": "workflow_run"
        },
        {
          "k": "server_url",
          "v": "https://github.com"
        },
        {
          "k": "api_url",
          "v": "https://api.github.com"
        },
        {
          "k": "graphql_url",
          "v": "https://api.github.com/graphql"
        },
        {
          "k": "ref_name",
          "v": "main"
        },
        {
          "k": "ref_protected",
          "v": false
        },
        {
          "k": "ref_type",
          "v": "branch"
        },
        {
          "k": "secret_source",
          "v": "Actions"
        },
        {
          "k": "event",
          "v": {
            "t": 2,
            "d": [
              {
                "k": "action",
                "v": "completed"
              },
              {
                "k": "repository",
                "v": {
                  "t": 2,
                  "d": [
                    {
                      "k": "allow_forking",
                      "v": true
                    },
                    {
                      "k": "archive_url",
                      "v": "https://api.github.com/repos/potinhek/Trabalho/{archive_format}{/ref}"
                    },
                    {
                      "k": "archived",
                      "v": false
                    },
                    {
                      "k": "assignees_url",
                      "v": "https://api.github.com/repos/potinhek/Trabalho/assignees{/user}"
                    },
                    {
                      "k": "blobs_url",
                      "v": "https://api.github.com/repos/potinhek/Trabalho/git/blobs{/sha}"
                    },
                    {
                      "k": "branches_url",
                      "v": "https://api.github.com/repos/potinhek/Trabalho/branches{/branch}"
                    },
                    {
                      "k": "clone_url",
                      "v": "https://github.com/potinhek/Trabalho.git"
                    },
                    {
                      "k": "collaborators_url",
                      "v": "https://api.github.com/repos/potinhek/Trabalho/collaborators{/collaborator}"
                    },
                    {
                      "k": "comments_url",
                      "v": "https://api.github.com/repos/potinhek/Trabalho/comments{/number}"
                    },
                    {
                      "k": "commits_url",
                      "v": "https://api.github.com/repos/potinhek/Trabalho/commits{/sha}"
                    },
                    {
                      "k": "compare_url",
                      "v": "https://api.github.com/repos/potinhek/Trabalho/compare/{base}...{head}"
                    },
                    {
                      "k": "contents_url",
                      "v": "https://api.github.com/repos/potinhek/Trabalho/contents/{+path}"
                    },
                    {
                      "k": "contributors_url",
                      "v": "https://api.github.com/repos/potinhek/Trabalho/contributors"
                    },
                    {
                      "k": "created_at",
                      "v": "2025-10-31T22:59:52Z"
                    },
                    {
                      "k": "***_branch",
                      "v": "main"
                    },
                    {
                      "k": "deployments_url",
                      "v": "https://api.github.com/repos/potinhek/Trabalho/deployments"
                    },
                    {
                      "k": "description",
                      "v": null
                    },
                    {
                      "k": "disabled",
                      "v": false
                    },
                    {
                      "k": "downloads_url",
                      "v": "https://api.github.com/repos/potinhek/Trabalho/downloads"
                    },
                    {
                      "k": "events_url",
                      "v": "https://api.github.com/repos/potinhek/Trabalho/events"
                    },
                    {
                      "k": "fork",
                      "v": false
                    },
                    {
                      "k": "forks",
                      "v": 0.0
                    },
                    {
                      "k": "forks_count",
                      "v": 0.0
                    },
                    {
                      "k": "forks_url",
                      "v": "https://api.github.com/repos/potinhek/Trabalho/forks"
                    },
                    {
                      "k": "full_name",
                      "v": "potinhek/Trabalho"
                    },
                    {
                      "k": "git_commits_url",
                      "v": "https://api.github.com/repos/potinhek/Trabalho/git/commits{/sha}"
                    },
                    {
                      "k": "git_refs_url",
                      "v": "https://api.github.com/repos/potinhek/Trabalho/git/refs{/sha}"
                    },
                    {
                      "k": "git_tags_url",
                      "v": "https://api.github.com/repos/potinhek/Trabalho/git/tags{/sha}"
                    },
                    {
                      "k": "git_url",
                      "v": "git://github.com/potinhek/Trabalho.git"
                    },
                    {
                      "k": "has_discussions",
                      "v": false
                    },
                    {
                      "k": "has_downloads",
                      "v": true
                    },
                    {
                      "k": "has_issues",
                      "v": true
                    },
                    {
                      "k": "has_pages",
                      "v": false
                    },
                    {
                      "k": "has_projects",
                      "v": true
                    },
                    {
                      "k": "has_wiki",
                      "v": true
                    },
                    {
                      "k": "homepage",
                      "v": null
                    },
                    {
                      "k": "hooks_url",
                      "v": "https://api.github.com/repos/potinhek/Trabalho/hooks"
                    },
                    {
                      "k": "html_url",
                      "v": "https://github.com/potinhek/Trabalho"
                    },
                    {
                      "k": "id",
                      "v": 1087436599.0
                    },
                    {
                      "k": "is_template",
                      "v": false
                    },
                    {
                      "k": "issue_comment_url",
                      "v": "https://api.github.com/repos/potinhek/Trabalho/issues/comments{/number}"
                    },
                    {
                      "k": "issue_events_url",
                      "v": "https://api.github.com/repos/potinhek/Trabalho/issues/events{/number}"
                    },
                    {
                      "k": "issues_url",
                      "v": "https://api.github.com/repos/potinhek/Trabalho/issues{/number}"
                    },
                    {
                      "k": "keys_url",
                      "v": "https://api.github.com/repos/potinhek/Trabalho/keys{/key_id}"
                    },
                    {
                      "k": "labels_url",
                      "v": "https://api.github.com/repos/potinhek/Trabalho/labels{/name}"
                    },
                    {
                      "k": "language",
                      "v": "JavaScript"
                    },
                    {
                      "k": "languages_url",
                      "v": "https://api.github.com/repos/potinhek/Trabalho/languages"
                    },
                    {
                      "k": "license",
                      "v": null
                    },
                    {
                      "k": "merges_url",
                      "v": "https://api.github.com/repos/potinhek/Trabalho/merges"
                    },
                    {
                      "k": "milestones_url",
                      "v": "https://api.github.com/repos/potinhek/Trabalho/milestones{/number}"
                    },
                    {
                      "k": "mirror_url",
                      "v": null
                    },
                    {
                      "k": "name",
                      "v": "Trabalho"
                    },
                    {
                      "k": "node_id",
                      "v": "R_kgDOQND3Nw"
                    },
                    {
                      "k": "notifications_url",
                      "v": "https://api.github.com/repos/potinhek/Trabalho/notifications{?since,all,participating}"
                    },
                    {
                      "k": "open_issues",
                      "v": 0.0
                    },
                    {
                      "k": "open_issues_count",
                      "v": 0.0
                    },
                    {
                      "k": "owner",
                      "v": {
                        "t": 2,
                        "d": [
                          {
                            "k": "avatar_url",
                            "v": "https://avatars.githubusercontent.com/u/127362942?v=4"
                          },
                          {
                            "k": "events_url",
                            "v": "https://api.github.com/users/potinhek/events{/privacy}"
                          },
                          {
                            "k": "followers_url",
                            "v": "https://api.github.com/users/potinhek/followers"
                          },
                          {
                            "k": "following_url",
                            "v": "https://api.github.com/users/potinhek/following{/other_user}"
                          },
                          {
                            "k": "gists_url",
                            "v": "https://api.github.com/users/potinhek/gists{/gist_id}"
                          },
                          {
                            "k": "gravatar_id",
                            "v": ""
                          },
                          {
                            "k": "html_url",
                            "v": "https://github.com/potinhek"
                          },
                          {
                            "k": "id",
                            "v": 127362942.0
                          },
                          {
                            "k": "login",
                            "v": "potinhek"
                          },
                          {
                            "k": "node_id",
                            "v": "U_kgDOB5dnfg"
                          },
                          {
                            "k": "organizations_url",
                            "v": "https://api.github.com/users/potinhek/orgs"
                          },
                          {
                            "k": "received_events_url",
                            "v": "https://api.github.com/users/potinhek/received_events"
                          },
                          {
                            "k": "repos_url",
                            "v": "https://api.github.com/users/potinhek/repos"
                          },
                          {
                            "k": "site_admin",
                            "v": false
                          },
                          {
                            "k": "starred_url",
                            "v": "https://api.github.com/users/potinhek/starred{/owner}{/repo}"
                          },
                          {
                            "k": "subscriptions_url",
                            "v": "https://api.github.com/users/potinhek/subscriptions"
                          },
                          {
                            "k": "type",
                            "v": "User"
                          },
                          {
                            "k": "url",
                            "v": "https://api.github.com/users/potinhek"
                          },
                          {
                            "k": "user_view_type",
                            "v": "public"
                          }
                        ]
                      }
                    },
                    {
                      "k": "private",
                      "v": false
                    },
                    {
                      "k": "pulls_url",
                      "v": "https://api.github.com/repos/potinhek/Trabalho/pulls{/number}"
                    },
                    {
                      "k": "pushed_at",
                      "v": "2025-11-13T23:30:44Z"
                    },
                    {
                      "k": "releases_url",
                      "v": "https://api.github.com/repos/potinhek/Trabalho/releases{/id}"
                    },
                    {
                      "k": "size",
                      "v": 194598.0
                    },
                    {
                      "k": "ssh_url",
                      "v": "git@github.com:potinhek/Trabalho.git"
                    },
                    {
                      "k": "stargazers_count",
                      "v": 0.0
                    },
                    {
                      "k": "stargazers_url",
                      "v": "https://api.github.com/repos/potinhek/Trabalho/stargazers"
                    },
                    {
                      "k": "statuses_url",
                      "v": "https://api.github.com/repos/potinhek/Trabalho/statuses/{sha}"
                    },
                    {
                      "k": "subscribers_url",
                      "v": "https://api.github.com/repos/potinhek/Trabalho/subscribers"
                    },
                    {
                      "k": "subscription_url",
                      "v": "https://api.github.com/repos/potinhek/Trabalho/subscription"
                    },
                    {
                      "k": "svn_url",
                      "v": "https://github.com/potinhek/Trabalho"
                    },
                    {
                      "k": "tags_url",
                      "v": "https://api.github.com/repos/potinhek/Trabalho/tags"
                    },
                    {
                      "k": "teams_url",
                      "v": "https://api.github.com/repos/potinhek/Trabalho/teams"
                    },
                    {
                      "k": "topics",
                      "v": {
                        "t": 1
                      }
                    },
                    {
                      "k": "trees_url",
                      "v": "https://api.github.com/repos/potinhek/Trabalho/git/trees{/sha}"
                    },
                    {
                      "k": "updated_at",
                      "v": "2025-11-13T23:30:48Z"
                    },
                    {
                      "k": "url",
                      "v": "https://api.github.com/repos/potinhek/Trabalho"
                    },
                    {
                      "k": "visibility",
                      "v": "public"
                    },
                    {
                      "k": "watchers",
                      "v": 0.0
                    },
                    {
                      "k": "watchers_count",
                      "v": 0.0
                    },
                    {
                      "k": "web_commit_signoff_required",
                      "v": false
                    }
                  ]
                }
              },
              {
                "k": "sender",
                "v": {
                  "t": 2,
                  "d": [
                    {
                      "k": "avatar_url",
                      "v": "https://avatars.githubusercontent.com/u/127362942?v=4"
                    },
                    {
                      "k": "events_url",
                      "v": "https://api.github.com/users/potinhek/events{/privacy}"
                    },
                    {
                      "k": "followers_url",
                      "v": "https://api.github.com/users/potinhek/followers"
                    },
                    {
                      "k": "following_url",
                      "v": "https://api.github.com/users/potinhek/following{/other_user}"
                    },
                    {
                      "k": "gists_url",
                      "v": "https://api.github.com/users/potinhek/gists{/gist_id}"
                    },
                    {
                      "k": "gravatar_id",
                      "v": ""
                    },
                    {
                      "k": "html_url",
                      "v": "https://github.com/potinhek"
                    },
                    {
                      "k": "id",
                      "v": 127362942.0
                    },
                    {
                      "k": "login",
                      "v": "potinhek"
                    },
                    {
                      "k": "node_id",
                      "v": "U_kgDOB5dnfg"
                    },
                    {
                      "k": "organizations_url",
                      "v": "https://api.github.com/users/potinhek/orgs"
                    },
                    {
                      "k": "received_events_url",
                      "v": "https://api.github.com/users/potinhek/received_events"
                    },
                    {
                      "k": "repos_url",
                      "v": "https://api.github.com/users/potinhek/repos"
                    },
                    {
                      "k": "site_admin",
                      "v": false
                    },
                    {
                      "k": "starred_url",
                      "v": "https://api.github.com/users/potinhek/starred{/owner}{/repo}"
                    },
                    {
                      "k": "subscriptions_url",
                      "v": "https://api.github.com/users/potinhek/subscriptions"
                    },
                    {
                      "k": "type",
                      "v": "User"
                    },
                    {
                      "k": "url",
                      "v": "https://api.github.com/users/potinhek"
                    },
                    {
                      "k": "user_view_type",
                      "v": "public"
                    }
                  ]
                }
              },
              {
                "k": "workflow",
                "v": {
                  "t": 2,
                  "d": [
                    {
                      "k": "badge_url",
                      "v": "https://github.com/potinhek/Trabalho/workflows/CI%20Build%20&%20Push%20Docker/badge.svg"
                    },
                    {
                      "k": "created_at",
                      "v": "2025-11-07T15:36:09.000Z"
                    },
                    {
                      "k": "html_url",
                      "v": "https://github.com/potinhek/Trabalho/blob/main/.github/workflows/ci.yml"
                    },
                    {
                      "k": "id",
                      "v": 204903889.0
                    },
                    {
                      "k": "name",
                      "v": "CI Build & Push Docker"
                    },
                    {
                      "k": "node_id",
                      "v": "W_kwDOQND3N84MNpXR"
                    },
                    {
                      "k": "path",
                      "v": ".github/workflows/ci.yml"
                    },
                    {
                      "k": "state",
                      "v": "active"
                    },
                    {
                      "k": "updated_at",
                      "v": "2025-11-12T19:08:49.000Z"
                    },
                    {
                      "k": "url",
                      "v": "https://api.github.com/repos/potinhek/Trabalho/actions/workflows/204903889"
                    }
                  ]
                }
              },
              {
                "k": "workflow_run",
                "v": {
                  "t": 2,
                  "d": [
                    {
                      "k": "actor",
                      "v": {
                        "t": 2,
                        "d": [
                          {
                            "k": "avatar_url",
                            "v": "https://avatars.githubusercontent.com/u/127362942?v=4"
                          },
                          {
                            "k": "events_url",
                            "v": "https://api.github.com/users/potinhek/events{/privacy}"
                          },
                          {
                            "k": "followers_url",
                            "v": "https://api.github.com/users/potinhek/followers"
                          },
                          {
                            "k": "following_url",
                            "v": "https://api.github.com/users/potinhek/following{/other_user}"
                          },
                          {
                            "k": "gists_url",
                            "v": "https://api.github.com/users/potinhek/gists{/gist_id}"
                          },
                          {
                            "k": "gravatar_id",
                            "v": ""
                          },
                          {
                            "k": "html_url",
                            "v": "https://github.com/potinhek"
                          },
                          {
                            "k": "id",
                            "v": 127362942.0
                          },
                          {
                            "k": "login",
                            "v": "potinhek"
                          },
                          {
                            "k": "node_id",
                            "v": "U_kgDOB5dnfg"
                          },
                          {
                            "k": "organizations_url",
                            "v": "https://api.github.com/users/potinhek/orgs"
                          },
                          {
                            "k": "received_events_url",
                            "v": "https://api.github.com/users/potinhek/received_events"
                          },
                          {
                            "k": "repos_url",
                            "v": "https://api.github.com/users/potinhek/repos"
                          },
                          {
                            "k": "site_admin",
                            "v": false
                          },
                          {
                            "k": "starred_url",
                            "v": "https://api.github.com/users/potinhek/starred{/owner}{/repo}"
                          },
                          {
                            "k": "subscriptions_url",
                            "v": "https://api.github.com/users/potinhek/subscriptions"
                          },
                          {
                            "k": "type",
                            "v": "User"
                          },
                          {
                            "k": "url",
                            "v": "https://api.github.com/users/potinhek"
                          },
                          {
                            "k": "user_view_type",
                            "v": "public"
                          }
                        ]
                      }
                    },
                    {
                      "k": "artifacts_url",
                      "v": "https://api.github.com/repos/potinhek/Trabalho/actions/runs/19349112896/artifacts"
                    },
                    {
                      "k": "cancel_url",
                      "v": "https://api.github.com/repos/potinhek/Trabalho/actions/runs/19349112896/cancel"
                    },
                    {
                      "k": "check_suite_id",
                      "v": 49874223135.0
                    },
                    {
                      "k": "check_suite_node_id",
                      "v": "CS_kwDOQND3N88AAAALnLxAHw"
                    },
                    {
                      "k": "check_suite_url",
                      "v": "https://api.github.com/repos/potinhek/Trabalho/check-suites/49874223135"
                    },
                    {
                      "k": "conclusion",
                      "v": "success"
                    },
                    {
                      "k": "created_at",
                      "v": "2025-11-13T23:30:46Z"
                    },
                    {
                      "k": "display_title",
                      "v": "Adiciona workflows CI CD teste 2"
                    },
                    {
                      "k": "event",
                      "v": "push"
                    },
                    {
                      "k": "head_branch",
                      "v": "main"
                    },
                    {
                      "k": "head_commit",
                      "v": {
                        "t": 2,
                        "d": [
                          {
                            "k": "author",
                            "v": {
                              "t": 2,
                              "d": [
                                {
                                  "k": "email",
                                  "v": "jacksonpotinhek@gmail.com"
                                },
                                {
                                  "k": "name",
                                  "v": "jackson"
                                }
                              ]
                            }
                          },
                          {
                            "k": "committer",
                            "v": {
                              "t": 2,
                              "d": [
                                {
                                  "k": "email",
                                  "v": "jacksonpotinhek@gmail.com"
                                },
                                {
                                  "k": "name",
                                  "v": "jackson"
                                }
                              ]
                            }
                          },
                          {
                            "k": "id",
                            "v": "0979e562326855e84a0ff0591c094e5229077b37"
                          },
                          {
                            "k": "message",
                            "v": "Adiciona workflows CI CD teste 2"
                          },
                          {
                            "k": "timestamp",
                            "v": "2025-11-13T23:30:42Z"
                          },
                          {
                            "k": "tree_id",
                            "v": "85eefdc89321ec2821cf28d3f4abb5566168f05b"
                          }
                        ]
                      }
                    },
                    {
                      "k": "head_repository",
                      "v": {
                        "t": 2,
                        "d": [
                          {
                            "k": "archive_url",
                            "v": "https://api.github.com/repos/potinhek/Trabalho/{archive_format}{/ref}"
                          },
                          {
                            "k": "assignees_url",
                            "v": "https://api.github.com/repos/potinhek/Trabalho/assignees{/user}"
                          },
                          {
                            "k": "blobs_url",
                            "v": "https://api.github.com/repos/potinhek/Trabalho/git/blobs{/sha}"
                          },
                          {
                            "k": "branches_url",
                            "v": "https://api.github.com/repos/potinhek/Trabalho/branches{/branch}"
                          },
                          {
                            "k": "collaborators_url",
                            "v": "https://api.github.com/repos/potinhek/Trabalho/collaborators{/collaborator}"
                          },
                          {
                            "k": "comments_url",
                            "v": "https://api.github.com/repos/potinhek/Trabalho/comments{/number}"
                          },
                          {
                            "k": "commits_url",
                            "v": "https://api.github.com/repos/potinhek/Trabalho/commits{/sha}"
                          },
                          {
                            "k": "compare_url",
                            "v": "https://api.github.com/repos/potinhek/Trabalho/compare/{base}...{head}"
                          },
                          {
                            "k": "contents_url",
                            "v": "https://api.github.com/repos/potinhek/Trabalho/contents/{+path}"
                          },
                          {
                            "k": "contributors_url",
                            "v": "https://api.github.com/repos/potinhek/Trabalho/contributors"
                          },
                          {
                            "k": "deployments_url",
                            "v": "https://api.github.com/repos/potinhek/Trabalho/deployments"
                          },
                          {
                            "k": "description",
                            "v": null
                          },
                          {
                            "k": "downloads_url",
                            "v": "https://api.github.com/repos/potinhek/Trabalho/downloads"
                          },
                          {
                            "k": "events_url",
                            "v": "https://api.github.com/repos/potinhek/Trabalho/events"
                          },
                          {
                            "k": "fork",
                            "v": false
                          },
                          {
                            "k": "forks_url",
                            "v": "https://api.github.com/repos/potinhek/Trabalho/forks"
                          },
                          {
                            "k": "full_name",
                            "v": "potinhek/Trabalho"
                          },
                          {
                            "k": "git_commits_url",
                            "v": "https://api.github.com/repos/potinhek/Trabalho/git/commits{/sha}"
                          },
                          {
                            "k": "git_refs_url",
                            "v": "https://api.github.com/repos/potinhek/Trabalho/git/refs{/sha}"
                          },
                          {
                            "k": "git_tags_url",
                            "v": "https://api.github.com/repos/potinhek/Trabalho/git/tags{/sha}"
                          },
                          {
                            "k": "hooks_url",
                            "v": "https://api.github.com/repos/potinhek/Trabalho/hooks"
                          },
                          {
                            "k": "html_url",
                            "v": "https://github.com/potinhek/Trabalho"
                          },
                          {
                            "k": "id",
                            "v": 1087436599.0
                          },
                          {
                            "k": "issue_comment_url",
                            "v": "https://api.github.com/repos/potinhek/Trabalho/issues/comments{/number}"
                          },
                          {
                            "k": "issue_events_url",
                            "v": "https://api.github.com/repos/potinhek/Trabalho/issues/events{/number}"
                          },
                          {
                            "k": "issues_url",
                            "v": "https://api.github.com/repos/potinhek/Trabalho/issues{/number}"
                          },
                          {
                            "k": "keys_url",
                            "v": "https://api.github.com/repos/potinhek/Trabalho/keys{/key_id}"
                          },
                          {
                            "k": "labels_url",
                            "v": "https://api.github.com/repos/potinhek/Trabalho/labels{/name}"
                          },
                          {
                            "k": "languages_url",
                            "v": "https://api.github.com/repos/potinhek/Trabalho/languages"
                          },
                          {
                            "k": "merges_url",
                            "v": "https://api.github.com/repos/potinhek/Trabalho/merges"
                          },
                          {
                            "k": "milestones_url",
                            "v": "https://api.github.com/repos/potinhek/Trabalho/milestones{/number}"
                          },
                          {
                            "k": "name",
                            "v": "Trabalho"
                          },
                          {
                            "k": "node_id",
                            "v": "R_kgDOQND3Nw"
                          },
                          {
                            "k": "notifications_url",
                            "v": "https://api.github.com/repos/potinhek/Trabalho/notifications{?since,all,participating}"
                          },
                          {
                            "k": "owner",
                            "v": {
                              "t": 2,
                              "d": [
                                {
                                  "k": "avatar_url",
                                  "v": "https://avatars.githubusercontent.com/u/127362942?v=4"
                                },
                                {
                                  "k": "events_url",
                                  "v": "https://api.github.com/users/potinhek/events{/privacy}"
                                },
                                {
                                  "k": "followers_url",
                                  "v": "https://api.github.com/users/potinhek/followers"
                                },
                                {
                                  "k": "following_url",
                                  "v": "https://api.github.com/users/potinhek/following{/other_user}"
                                },
                                {
                                  "k": "gists_url",
                                  "v": "https://api.github.com/users/potinhek/gists{/gist_id}"
                                },
                                {
                                  "k": "gravatar_id",
                                  "v": ""
                                },
                                {
                                  "k": "html_url",
                                  "v": "https://github.com/potinhek"
                                },
                                {
                                  "k": "id",
                                  "v": 127362942.0
                                },
                                {
                                  "k": "login",
                                  "v": "potinhek"
                                },
                                {
                                  "k": "node_id",
                                  "v": "U_kgDOB5dnfg"
                                },
                                {
                                  "k": "organizations_url",
                                  "v": "https://api.github.com/users/potinhek/orgs"
                                },
                                {
                                  "k": "received_events_url",
                                  "v": "https://api.github.com/users/potinhek/received_events"
                                },
                                {
                                  "k": "repos_url",
                                  "v": "https://api.github.com/users/potinhek/repos"
                                },
                                {
                                  "k": "site_admin",
                                  "v": false
                                },
                                {
                                  "k": "starred_url",
                                  "v": "https://api.github.com/users/potinhek/starred{/owner}{/repo}"
                                },
                                {
                                  "k": "subscriptions_url",
                                  "v": "https://api.github.com/users/potinhek/subscriptions"
                                },
                                {
                                  "k": "type",
                                  "v": "User"
                                },
                                {
                                  "k": "url",
                                  "v": "https://api.github.com/users/potinhek"
                                },
                                {
                                  "k": "user_view_type",
                                  "v": "public"
                                }
                              ]
                            }
                          },
                          {
                            "k": "private",
                            "v": false
                          },
                          {
                            "k": "pulls_url",
                            "v": "https://api.github.com/repos/potinhek/Trabalho/pulls{/number}"
                          },
                          {
                            "k": "releases_url",
                            "v": "https://api.github.com/repos/potinhek/Trabalho/releases{/id}"
                          },
                          {
                            "k": "stargazers_url",
                            "v": "https://api.github.com/repos/potinhek/Trabalho/stargazers"
                          },
                          {
                            "k": "statuses_url",
                            "v": "https://api.github.com/repos/potinhek/Trabalho/statuses/{sha}"
                          },
                          {
                            "k": "subscribers_url",
                            "v": "https://api.github.com/repos/potinhek/Trabalho/subscribers"
                          },
                          {
                            "k": "subscription_url",
                            "v": "https://api.github.com/repos/potinhek/Trabalho/subscription"
                          },
                          {
                            "k": "tags_url",
                            "v": "https://api.github.com/repos/potinhek/Trabalho/tags"
                          },
                          {
                            "k": "teams_url",
                            "v": "https://api.github.com/repos/potinhek/Trabalho/teams"
                          },
                          {
                            "k": "trees_url",
                            "v": "https://api.github.com/repos/potinhek/Trabalho/git/trees{/sha}"
                          },
                          {
                            "k": "url",
                            "v": "https://api.github.com/repos/potinhek/Trabalho"
                          }
                        ]
                      }
                    },
                    {
                      "k": "head_sha",
                      "v": "0979e562326855e84a0ff0591c094e5229077b37"
                    },
                    {
                      "k": "html_url",
                      "v": "https://github.com/potinhek/Trabalho/actions/runs/19349112896"
                    },
                    {
                      "k": "id",
                      "v": 19349112896.0
                    },
                    {
                      "k": "jobs_url",
                      "v": "https://api.github.com/repos/potinhek/Trabalho/actions/runs/19349112896/jobs"
                    },
                    {
                      "k": "logs_url",
                      "v": "https://api.github.com/repos/potinhek/Trabalho/actions/runs/19349112896/logs"
                    },
                    {
                      "k": "name",
                      "v": "CI Build & Push Docker"
                    },
                    {
                      "k": "node_id",
                      "v": "WFR_kwLOQND3N88AAAAEgUwIQA"
                    },
                    {
                      "k": "path",
                      "v": ".github/workflows/ci.yml"
                    },
                    {
                      "k": "previous_attempt_url",
                      "v": null
                    },
                    {
                      "k": "pull_requests",
                      "v": {
                        "t": 1
                      }
                    },
                    {
                      "k": "referenced_workflows",
                      "v": {
                        "t": 1
                      }
                    },
                    {
                      "k": "repository",
                      "v": {
                        "t": 2,
                        "d": [
                          {
                            "k": "archive_url",
                            "v": "https://api.github.com/repos/potinhek/Trabalho/{archive_format}{/ref}"
                          },
                          {
                            "k": "assignees_url",
                            "v": "https://api.github.com/repos/potinhek/Trabalho/assignees{/user}"
                          },
                          {
                            "k": "blobs_url",
                            "v": "https://api.github.com/repos/potinhek/Trabalho/git/blobs{/sha}"
                          },
                          {
                            "k": "branches_url",
                            "v": "https://api.github.com/repos/potinhek/Trabalho/branches{/branch}"
                          },
                          {
                            "k": "collaborators_url",
                            "v": "https://api.github.com/repos/potinhek/Trabalho/collaborators{/collaborator}"
                          },
                          {
                            "k": "comments_url",
                            "v": "https://api.github.com/repos/potinhek/Trabalho/comments{/number}"
                          },
                          {
                            "k": "commits_url",
                            "v": "https://api.github.com/repos/potinhek/Trabalho/commits{/sha}"
                          },
                          {
                            "k": "compare_url",
                            "v": "https://api.github.com/repos/potinhek/Trabalho/compare/{base}...{head}"
                          },
                          {
                            "k": "contents_url",
                            "v": "https://api.github.com/repos/potinhek/Trabalho/contents/{+path}"
                          },
                          {
                            "k": "contributors_url",
                            "v": "https://api.github.com/repos/potinhek/Trabalho/contributors"
                          },
                          {
                            "k": "deployments_url",
                            "v": "https://api.github.com/repos/potinhek/Trabalho/deployments"
                          },
                          {
                            "k": "description",
                            "v": null
                          },
                          {
                            "k": "downloads_url",
                            "v": "https://api.github.com/repos/potinhek/Trabalho/downloads"
                          },
                          {
                            "k": "events_url",
                            "v": "https://api.github.com/repos/potinhek/Trabalho/events"
                          },
                          {
                            "k": "fork",
                            "v": false
                          },
                          {
                            "k": "forks_url",
                            "v": "https://api.github.com/repos/potinhek/Trabalho/forks"
                          },
                          {
                            "k": "full_name",
                            "v": "potinhek/Trabalho"
                          },
                          {
                            "k": "git_commits_url",
                            "v": "https://api.github.com/repos/potinhek/Trabalho/git/commits{/sha}"
                          },
                          {
                            "k": "git_refs_url",
                            "v": "https://api.github.com/repos/potinhek/Trabalho/git/refs{/sha}"
                          },
                          {
                            "k": "git_tags_url",
                            "v": "https://api.github.com/repos/potinhek/Trabalho/git/tags{/sha}"
                          },
                          {
                            "k": "hooks_url",
                            "v": "https://api.github.com/repos/potinhek/Trabalho/hooks"
                          },
                          {
                            "k": "html_url",
                            "v": "https://github.com/potinhek/Trabalho"
                          },
                          {
                            "k": "id",
                            "v": 1087436599.0
                          },
                          {
                            "k": "issue_comment_url",
                            "v": "https://api.github.com/repos/potinhek/Trabalho/issues/comments{/number}"
                          },
                          {
                            "k": "issue_events_url",
                            "v": "https://api.github.com/repos/potinhek/Trabalho/issues/events{/number}"
                          },
                          {
                            "k": "issues_url",
                            "v": "https://api.github.com/repos/potinhek/Trabalho/issues{/number}"
                          },
                          {
                            "k": "keys_url",
                            "v": "https://api.github.com/repos/potinhek/Trabalho/keys{/key_id}"
                          },
                          {
                            "k": "labels_url",
                            "v": "https://api.github.com/repos/potinhek/Trabalho/labels{/name}"
                          },
                          {
                            "k": "languages_url",
                            "v": "https://api.github.com/repos/potinhek/Trabalho/languages"
                          },
                          {
                            "k": "merges_url",
                            "v": "https://api.github.com/repos/potinhek/Trabalho/merges"
                          },
                          {
                            "k": "milestones_url",
                            "v": "https://api.github.com/repos/potinhek/Trabalho/milestones{/number}"
                          },
                          {
                            "k": "name",
                            "v": "Trabalho"
                          },
                          {
                            "k": "node_id",
                            "v": "R_kgDOQND3Nw"
                          },
                          {
                            "k": "notifications_url",
                            "v": "https://api.github.com/repos/potinhek/Trabalho/notifications{?since,all,participating}"
                          },
                          {
                            "k": "owner",
                            "v": {
                              "t": 2,
                              "d": [
                                {
                                  "k": "avatar_url",
                                  "v": "https://avatars.githubusercontent.com/u/127362942?v=4"
                                },
                                {
                                  "k": "events_url",
                                  "v": "https://api.github.com/users/potinhek/events{/privacy}"
                                },
                                {
                                  "k": "followers_url",
                                  "v": "https://api.github.com/users/potinhek/followers"
                                },
                                {
                                  "k": "following_url",
                                  "v": "https://api.github.com/users/potinhek/following{/other_user}"
                                },
                                {
                                  "k": "gists_url",
                                  "v": "https://api.github.com/users/potinhek/gists{/gist_id}"
                                },
                                {
                                  "k": "gravatar_id",
                                  "v": ""
                                },
                                {
                                  "k": "html_url",
                                  "v": "https://github.com/potinhek"
                                },
                                {
                                  "k": "id",
                                  "v": 127362942.0
                                },
                                {
                                  "k": "login",
                                  "v": "potinhek"
                                },
                                {
                                  "k": "node_id",
                                  "v": "U_kgDOB5dnfg"
                                },
                                {
                                  "k": "organizations_url",
                                  "v": "https://api.github.com/users/potinhek/orgs"
                                },
                                {
                                  "k": "received_events_url",
                                  "v": "https://api.github.com/users/potinhek/received_events"
                                },
                                {
                                  "k": "repos_url",
                                  "v": "https://api.github.com/users/potinhek/repos"
                                },
                                {
                                  "k": "site_admin",
                                  "v": false
                                },
                                {
                                  "k": "starred_url",
                                  "v": "https://api.github.com/users/potinhek/starred{/owner}{/repo}"
                                },
                                {
                                  "k": "subscriptions_url",
                                  "v": "https://api.github.com/users/potinhek/subscriptions"
                                },
                                {
                                  "k": "type",
                                  "v": "User"
                                },
                                {
                                  "k": "url",
                                  "v": "https://api.github.com/users/potinhek"
                                },
                                {
                                  "k": "user_view_type",
                                  "v": "public"
                                }
                              ]
                            }
                          },
                          {
                            "k": "private",
                            "v": false
                          },
                          {
                            "k": "pulls_url",
                            "v": "https://api.github.com/repos/potinhek/Trabalho/pulls{/number}"
                          },
                          {
                            "k": "releases_url",
                            "v": "https://api.github.com/repos/potinhek/Trabalho/releases{/id}"
                          },
                          {
                            "k": "stargazers_url",
                            "v": "https://api.github.com/repos/potinhek/Trabalho/stargazers"
                          },
                          {
                            "k": "statuses_url",
                            "v": "https://api.github.com/repos/potinhek/Trabalho/statuses/{sha}"
                          },
                          {
                            "k": "subscribers_url",
                            "v": "https://api.github.com/repos/potinhek/Trabalho/subscribers"
                          },
                          {
                            "k": "subscription_url",
                            "v": "https://api.github.com/repos/potinhek/Trabalho/subscription"
                          },
                          {
                            "k": "tags_url",
                            "v": "https://api.github.com/repos/potinhek/Trabalho/tags"
                          },
                          {
                            "k": "teams_url",
                            "v": "https://api.github.com/repos/potinhek/Trabalho/teams"
                          },
                          {
                            "k": "trees_url",
                            "v": "https://api.github.com/repos/potinhek/Trabalho/git/trees{/sha}"
                          },
                          {
                            "k": "url",
                            "v": "https://api.github.com/repos/potinhek/Trabalho"
                          }
                        ]
                      }
                    },
                    {
                      "k": "rerun_url",
                      "v": "https://api.github.com/repos/potinhek/Trabalho/actions/runs/19349112896/rerun"
                    },
                    {
                      "k": "run_attempt",
                      "v": 1.0
                    },
                    {
                      "k": "run_number",
                      "v": 29.0
                    },
                    {
                      "k": "run_started_at",
                      "v": "2025-11-13T23:30:46Z"
                    },
                    {
                      "k": "status",
                      "v": "completed"
                    },
                    {
                      "k": "triggering_actor",
                      "v": {
                        "t": 2,
                        "d": [
                          {
                            "k": "avatar_url",
                            "v": "https://avatars.githubusercontent.com/u/127362942?v=4"
                          },
                          {
                            "k": "events_url",
                            "v": "https://api.github.com/users/potinhek/events{/privacy}"
                          },
                          {
                            "k": "followers_url",
                            "v": "https://api.github.com/users/potinhek/followers"
                          },
                          {
                            "k": "following_url",
                            "v": "https://api.github.com/users/potinhek/following{/other_user}"
                          },
                          {
                            "k": "gists_url",
                            "v": "https://api.github.com/users/potinhek/gists{/gist_id}"
                          },
                          {
                            "k": "gravatar_id",
                            "v": ""
                          },
                          {
                            "k": "html_url",
                            "v": "https://github.com/potinhek"
                          },
                          {
                            "k": "id",
                            "v": 127362942.0
                          },
                          {
                            "k": "login",
                            "v": "potinhek"
                          },
                          {
                            "k": "node_id",
                            "v": "U_kgDOB5dnfg"
                          },
                          {
                            "k": "organizations_url",
                            "v": "https://api.github.com/users/potinhek/orgs"
                          },
                          {
                            "k": "received_events_url",
                            "v": "https://api.github.com/users/potinhek/received_events"
                          },
                          {
                            "k": "repos_url",
                            "v": "https://api.github.com/users/potinhek/repos"
                          },
                          {
                            "k": "site_admin",
                            "v": false
                          },
                          {
                            "k": "starred_url",
                            "v": "https://api.github.com/users/potinhek/starred{/owner}{/repo}"
                          },
                          {
                            "k": "subscriptions_url",
                            "v": "https://api.github.com/users/potinhek/subscriptions"
                          },
                          {
                            "k": "type",
                            "v": "User"
                          },
                          {
                            "k": "url",
                            "v": "https://api.github.com/users/potinhek"
                          },
                          {
                            "k": "user_view_type",
                            "v": "public"
                          }
                        ]
                      }
                    },
                    {
                      "k": "updated_at",
                      "v": "2025-11-13T23:32:27Z"
                    },
                    {
                      "k": "url",
                      "v": "https://api.github.com/repos/potinhek/Trabalho/actions/runs/19349112896"
                    },
                    {
                      "k": "workflow_id",
                      "v": 204903889.0
                    },
                    {
                      "k": "workflow_url",
                      "v": "https://api.github.com/repos/potinhek/Trabalho/actions/workflows/204903889"
                    }
                  ]
                }
              }
            ]
          }
        },
        {
          "k": "workflow_ref",
          "v": "potinhek/Trabalho/.github/workflows/cd.yml@refs/heads/main"
        },
        {
          "k": "workflow_sha",
          "v": "0979e562326855e84a0ff0591c094e5229077b37"
        },
        {
          "k": "repository_id",
          "v": "1087436599"
        },
        {
          "k": "triggering_actor",
          "v": "potinhek"
        }
      ]
    },
    "inputs": {
      "t": 2
    },
    "job": {
      "t": 2,
      "d": [
        {
          "k": "check_run_id",
          "v": 55356773807.0
        }
      ]
    },
    "matrix": null,
    "needs": {
      "t": 2
    },
    "strategy": {
      "t": 2,
      "d": [
        {
          "k": "fail-fast",
          "v": true
        },
        {
          "k": "job-index",
          "v": 0.0
        },
        {
          "k": "job-total",
          "v": 1.0
        },
        {
          "k": "max-parallel",
          "v": 1.0
        }
      ]
    },
    "vars": {
      "t": 2
    }
  },
  "actionsEnvironment": {
    "name": "production",
    "url": null
  },
  "billingOwnerId": "U_kgDOB5dnfg"
}
[2025-11-13 23:32:38Z INFO JobRunner] Job ID ed38bcd3-5a8d-5f65-9a81-fe4c6675b10c
[2025-11-13 23:32:38Z INFO ConfigurationStore] currentAssemblyLocation: C:\Trabalho\actions-runner\bin\Runner.Worker.dll
[2025-11-13 23:32:38Z INFO HostContext] Well known directory 'Bin': 'C:\Trabalho\actions-runner\bin'
[2025-11-13 23:32:38Z INFO ConfigurationStore] binPath: C:\Trabalho\actions-runner\bin
[2025-11-13 23:32:38Z INFO HostContext] Well known directory 'Bin': 'C:\Trabalho\actions-runner\bin'
[2025-11-13 23:32:38Z INFO HostContext] Well known directory 'Root': 'C:\Trabalho\actions-runner'
[2025-11-13 23:32:38Z INFO ConfigurationStore] RootFolder: C:\Trabalho\actions-runner
[2025-11-13 23:32:38Z INFO HostContext] Well known directory 'Bin': 'C:\Trabalho\actions-runner\bin'
[2025-11-13 23:32:38Z INFO HostContext] Well known directory 'Root': 'C:\Trabalho\actions-runner'
[2025-11-13 23:32:38Z INFO HostContext] Well known config file 'Runner': 'C:\Trabalho\actions-runner\.runner'
[2025-11-13 23:32:38Z INFO ConfigurationStore] ConfigFilePath: C:\Trabalho\actions-runner\.runner
[2025-11-13 23:32:38Z INFO HostContext] Well known directory 'Bin': 'C:\Trabalho\actions-runner\bin'
[2025-11-13 23:32:38Z INFO HostContext] Well known directory 'Root': 'C:\Trabalho\actions-runner'
[2025-11-13 23:32:38Z INFO HostContext] Well known config file 'MigratedRunner': 'C:\Trabalho\actions-runner\.runner_migrated'
[2025-11-13 23:32:38Z INFO ConfigurationStore] MigratedConfigFilePath: C:\Trabalho\actions-runner\.runner_migrated
[2025-11-13 23:32:38Z INFO HostContext] Well known directory 'Bin': 'C:\Trabalho\actions-runner\bin'
[2025-11-13 23:32:38Z INFO HostContext] Well known directory 'Root': 'C:\Trabalho\actions-runner'
[2025-11-13 23:32:38Z INFO HostContext] Well known config file 'Credentials': 'C:\Trabalho\actions-runner\.credentials'
[2025-11-13 23:32:38Z INFO ConfigurationStore] CredFilePath: C:\Trabalho\actions-runner\.credentials
[2025-11-13 23:32:38Z INFO HostContext] Well known directory 'Bin': 'C:\Trabalho\actions-runner\bin'
[2025-11-13 23:32:38Z INFO HostContext] Well known directory 'Root': 'C:\Trabalho\actions-runner'
[2025-11-13 23:32:38Z INFO HostContext] Well known config file 'MigratedCredentials': 'C:\Trabalho\actions-runner\.credentials_migrated'
[2025-11-13 23:32:38Z INFO ConfigurationStore] MigratedCredFilePath: C:\Trabalho\actions-runner\.credentials_migrated
[2025-11-13 23:32:38Z INFO HostContext] Well known directory 'Bin': 'C:\Trabalho\actions-runner\bin'
[2025-11-13 23:32:38Z INFO HostContext] Well known directory 'Root': 'C:\Trabalho\actions-runner'
[2025-11-13 23:32:38Z INFO HostContext] Well known config file 'Service': 'C:\Trabalho\actions-runner\.service'
[2025-11-13 23:32:38Z INFO ConfigurationStore] ServiceConfigFilePath: C:\Trabalho\actions-runner\.service
[2025-11-13 23:32:38Z INFO ConfigurationStore] Read setting file: 389 chars
[2025-11-13 23:32:38Z INFO JobRunner] Initializing launch client
[2025-11-13 23:32:38Z INFO JobServerQueue] Initializing results client
[2025-11-13 23:32:38Z INFO ResultServer] Creating websocket client ...wss://results-receiver.actions.githubusercontent.com/_ws/ingest.sock
[2025-11-13 23:32:38Z INFO ResultServer] Attempting to start websocket client with delay 00:00:00.
[2025-11-13 23:32:38Z INFO JobServerQueue] Start process web console line queue.
[2025-11-13 23:32:38Z INFO JobServerQueue] Start process file upload queue.
[2025-11-13 23:32:38Z INFO JobServerQueue] Start results file upload queue.
[2025-11-13 23:32:38Z INFO JobServerQueue] Starting results-based upload queue...
[2025-11-13 23:32:38Z INFO JobServerQueue] Start process timeline update queue.
[2025-11-13 23:32:38Z INFO ExecutionContext] Initializing Job context
[2025-11-13 23:32:38Z INFO ExecutionContext] Initialize GitHub context
[2025-11-13 23:32:38Z INFO ExecutionContext] Initialize Env context
[2025-11-13 23:32:38Z INFO HostContext] Well known directory 'Bin': 'C:\Trabalho\actions-runner\bin'
[2025-11-13 23:32:38Z INFO HostContext] Well known directory 'Root': 'C:\Trabalho\actions-runner'
[2025-11-13 23:32:38Z INFO HostContext] Well known directory 'Diag': 'C:\Trabalho\actions-runner\_diag'
[2025-11-13 23:32:38Z INFO HostContext] Well known directory 'Bin': 'C:\Trabalho\actions-runner\bin'
[2025-11-13 23:32:38Z INFO HostContext] Well known directory 'Root': 'C:\Trabalho\actions-runner'
[2025-11-13 23:32:38Z INFO HostContext] Well known directory 'Diag': 'C:\Trabalho\actions-runner\_diag'
[2025-11-13 23:32:38Z INFO JobRunner] Starting the job execution context.
[2025-11-13 23:32:38Z INFO HostContext] Well known directory 'Bin': 'C:\Trabalho\actions-runner\bin'
[2025-11-13 23:32:38Z INFO HostContext] Well known directory 'Root': 'C:\Trabalho\actions-runner'
[2025-11-13 23:32:38Z INFO HostContext] Well known directory 'Work': 'C:\Trabalho\actions-runner\_work'
[2025-11-13 23:32:38Z INFO JobRunner] Validating directory permissions for: 'C:\Trabalho\actions-runner\_work'
[2025-11-13 23:32:38Z INFO HostContext] Well known directory 'Bin': 'C:\Trabalho\actions-runner\bin'
[2025-11-13 23:32:38Z INFO HostContext] Well known directory 'Root': 'C:\Trabalho\actions-runner'
[2025-11-13 23:32:38Z INFO HostContext] Well known directory 'Work': 'C:\Trabalho\actions-runner\_work'
[2025-11-13 23:32:38Z INFO HostContext] Well known directory 'Tools': 'C:\Trabalho\actions-runner\_work\_tool'
[2025-11-13 23:32:38Z INFO HostContext] Well known directory 'Bin': 'C:\Trabalho\actions-runner\bin'
[2025-11-13 23:32:38Z INFO HostContext] Well known directory 'Root': 'C:\Trabalho\actions-runner'
[2025-11-13 23:32:38Z INFO HostContext] Well known directory 'Work': 'C:\Trabalho\actions-runner\_work'
[2025-11-13 23:32:38Z INFO HostContext] Well known directory 'Temp': 'C:\Trabalho\actions-runner\_work\_temp'
[2025-11-13 23:32:39Z INFO JobRunner] Getting job extension.
[2025-11-13 23:32:39Z INFO JobRunner] Initialize job. Getting all job steps.
[2025-11-13 23:32:39Z INFO HostContext] Well known directory 'Bin': 'C:\Trabalho\actions-runner\bin'
[2025-11-13 23:32:39Z INFO HostContext] Well known directory 'Root': 'C:\Trabalho\actions-runner'
[2025-11-13 23:32:39Z INFO HostContext] Well known directory 'Diag': 'C:\Trabalho\actions-runner\_diag'
[2025-11-13 23:32:39Z INFO HostContext] Well known directory 'Bin': 'C:\Trabalho\actions-runner\bin'
[2025-11-13 23:32:39Z INFO HostContext] Well known directory 'Root': 'C:\Trabalho\actions-runner'
[2025-11-13 23:32:39Z INFO HostContext] Well known directory 'Diag': 'C:\Trabalho\actions-runner\_diag'
[2025-11-13 23:32:39Z INFO HostContext] Well known directory 'Bin': 'C:\Trabalho\actions-runner\bin'
[2025-11-13 23:32:39Z INFO HostContext] Well known directory 'Root': 'C:\Trabalho\actions-runner'
[2025-11-13 23:32:39Z INFO HostContext] Well known config file 'Credentials': 'C:\Trabalho\actions-runner\.credentials'
[2025-11-13 23:32:39Z INFO HostContext] Well known directory 'Bin': 'C:\Trabalho\actions-runner\bin'
[2025-11-13 23:32:39Z INFO HostContext] Well known directory 'Root': 'C:\Trabalho\actions-runner'
[2025-11-13 23:32:39Z INFO HostContext] Well known config file 'SetupInfo': 'C:\Trabalho\actions-runner\.setup_info'
[2025-11-13 23:32:39Z INFO HostContext] Well known directory 'Bin': 'C:\Trabalho\actions-runner\bin'
[2025-11-13 23:32:39Z INFO HostContext] Well known directory 'Root': 'C:\Trabalho\actions-runner'
[2025-11-13 23:32:39Z INFO HostContext] Well known directory 'Work': 'C:\Trabalho\actions-runner\_work'
[2025-11-13 23:32:39Z INFO PipelineDirectoryManager] Loading tracking config if exists: C:\Trabalho\actions-runner\_work\_PipelineMapping\potinhek/Trabalho\PipelineFolder.json
[2025-11-13 23:32:39Z INFO PipelineDirectoryManager] Updating job run properties.
[2025-11-13 23:32:39Z INFO HostContext] Well known directory 'Bin': 'C:\Trabalho\actions-runner\bin'
[2025-11-13 23:32:39Z INFO HostContext] Well known directory 'Root': 'C:\Trabalho\actions-runner'
[2025-11-13 23:32:39Z INFO HostContext] Well known directory 'Work': 'C:\Trabalho\actions-runner\_work'
[2025-11-13 23:32:39Z INFO HostContext] Well known directory 'Bin': 'C:\Trabalho\actions-runner\bin'
[2025-11-13 23:32:39Z INFO HostContext] Well known directory 'Root': 'C:\Trabalho\actions-runner'
[2025-11-13 23:32:39Z INFO HostContext] Well known directory 'Work': 'C:\Trabalho\actions-runner\_work'
[2025-11-13 23:32:39Z INFO HostContext] Well known directory 'Bin': 'C:\Trabalho\actions-runner\bin'
[2025-11-13 23:32:39Z INFO HostContext] Well known directory 'Root': 'C:\Trabalho\actions-runner'
[2025-11-13 23:32:39Z INFO HostContext] Well known directory 'Work': 'C:\Trabalho\actions-runner\_work'
[2025-11-13 23:32:39Z INFO JobExtension] Downloading actions
[2025-11-13 23:32:39Z INFO HostContext] Well known directory 'Bin': 'C:\Trabalho\actions-runner\bin'
[2025-11-13 23:32:39Z INFO HostContext] Well known directory 'Root': 'C:\Trabalho\actions-runner'
[2025-11-13 23:32:39Z INFO HostContext] Well known directory 'Work': 'C:\Trabalho\actions-runner\_work'
[2025-11-13 23:32:39Z INFO HostContext] Well known directory 'Actions': 'C:\Trabalho\actions-runner\_work\_actions'
[2025-11-13 23:32:39Z INFO Worker] Listening for cancel message from the channel.
[2025-11-13 23:32:39Z INFO Worker] Waiting for the job to complete or for a cancel message from the channel.
[2025-11-13 23:32:39Z INFO ResultServer] Successfully started websocket client.
[2025-11-13 23:32:39Z INFO JobServerQueue] Try to append 1 batches web console lines for record '8c4ee143-74c9-4c75-933f-5fbe60073ce1', success rate: 1/1.
[2025-11-13 23:32:39Z INFO JobServerQueue] Try to append 1 batches web console lines for record '8c4ee143-74c9-4c75-933f-5fbe60073ce1', success rate: 1/1.
[2025-11-13 23:32:39Z INFO HostContext] Well known directory 'Bin': 'C:\Trabalho\actions-runner\bin'
[2025-11-13 23:32:39Z INFO HostContext] Well known directory 'Root': 'C:\Trabalho\actions-runner'
[2025-11-13 23:32:39Z INFO HostContext] Well known directory 'Work': 'C:\Trabalho\actions-runner\_work'
[2025-11-13 23:32:39Z INFO HostContext] Well known directory 'Actions': 'C:\Trabalho\actions-runner\_work\_actions'
[2025-11-13 23:32:39Z INFO HostContext] Well known directory 'Bin': 'C:\Trabalho\actions-runner\bin'
[2025-11-13 23:32:39Z INFO JobServerQueue] Job timeline record has been updated for the first time.
[2025-11-13 23:32:39Z INFO HostContext] Well known directory 'Root': 'C:\Trabalho\actions-runner'
[2025-11-13 23:32:39Z INFO HostContext] Well known directory 'Work': 'C:\Trabalho\actions-runner\_work'
[2025-11-13 23:32:39Z INFO HostContext] Well known directory 'Actions': 'C:\Trabalho\actions-runner\_work\_actions'
[2025-11-13 23:32:39Z INFO ActionManager] Save archive 'https://api.github.com/repos/actions/checkout/zipball/08eba0b27e820071cde6df949e0beb9ba4906955' into C:\Trabalho\actions-runner\_work\_actions\_temp_3ad67e2d-8715-44ad-95e7-bd595785a1e9\8d41bfab-52e2-4fe8-9f8e-4717e5a6c65a.zip.
[2025-11-13 23:32:40Z INFO JobServerQueue] Try to append 1 batches web console lines for record '8c4ee143-74c9-4c75-933f-5fbe60073ce1', success rate: 1/1.
[2025-11-13 23:32:40Z INFO ActionManager] Request URL: https://api.github.com/repos/actions/checkout/zipball/08eba0b27e820071cde6df949e0beb9ba4906955 X-GitHub-Request-Id: E414:2600ED:DAB3B:27CE30:69166A94 Http Status: OK
[2025-11-13 23:32:41Z INFO ActionManager] Finished getting action repository.
[2025-11-13 23:32:41Z INFO HostContext] Well known directory 'Bin': 'C:\Trabalho\actions-runner\bin'
[2025-11-13 23:32:41Z INFO HostContext] Well known directory 'Root': 'C:\Trabalho\actions-runner'
[2025-11-13 23:32:41Z INFO HostContext] Well known directory 'Work': 'C:\Trabalho\actions-runner\_work'
[2025-11-13 23:32:41Z INFO HostContext] Well known directory 'Actions': 'C:\Trabalho\actions-runner\_work\_actions'
[2025-11-13 23:32:41Z INFO ActionManifestManager] Load schema file with definitions: [
  "null",
  "boolean",
  "number",
  "string",
  "sequence",
  "mapping",
  "any",
  "action-root",
  "inputs",
  "input",
  "outputs",
  "output-definition",
  "runs",
  "container-runs",
  "container-runs-args",
  "container-runs-env",
  "node-runs",
  "plugin-runs",
  "composite-runs",
  "composite-steps",
  "composite-step",
  "run-step",
  "uses-step",
  "container-runs-context",
  "output-value",
  "input-***-context",
  "non-empty-string",
  "string-steps-context",
  "boolean-steps-context",
  "step-env",
  "step-if",
  "step-with"
]
[2025-11-13 23:32:41Z INFO HostContext] Well known directory 'Bin': 'C:\Trabalho\actions-runner\bin'
[2025-11-13 23:32:41Z INFO HostContext] Well known directory 'Root': 'C:\Trabalho\actions-runner'
[2025-11-13 23:32:41Z INFO HostContext] Well known directory 'Work': 'C:\Trabalho\actions-runner\_work'
[2025-11-13 23:32:41Z INFO HostContext] Well known directory 'Actions': 'C:\Trabalho\actions-runner\_work\_actions'
[2025-11-13 23:32:41Z INFO ActionManifestManager] Loaded action.yml file: {
  "name": "Checkout",
  "description": "Checkout a Git repository at a particular version",
  "inputs": {
    "type": 2,
    "map": [
      {
        "key": {
          "type": 0,
          "file": 2,
          "line": 4,
          "col": 3,
          "lit": "repository"
        },
        "value": {
          "type": 3,
          "file": 2,
          "line": 6,
          "col": 14,
          "expr": "github.repository"
        }
      },
      {
        "key": {
          "type": 0,
          "file": 2,
          "line": 7,
          "col": 3,
          "lit": "ref"
        },
        "value": ""
      },
      {
        "key": {
          "type": 0,
          "file": 2,
          "line": 12,
          "col": 3,
          "lit": "token"
        },
        "value": {
          "type": 3,
          "file": 2,
          "line": 24,
          "col": 14,
          "expr": "github.token"
        }
      },
      {
        "key": {
          "type": 0,
          "file": 2,
          "line": 25,
          "col": 3,
          "lit": "ssh-key"
        },
        "value": ""
      },
      {
        "key": {
          "type": 0,
          "file": 2,
          "line": 37,
          "col": 3,
          "lit": "ssh-known-hosts"
        },
        "value": ""
      },
      {
        "key": {
          "type": 0,
          "file": 2,
          "line": 42,
          "col": 3,
          "lit": "ssh-strict"
        },
        "value": {
          "type": 0,
          "file": 2,
          "line": 47,
          "col": 14,
          "lit": "true"
        }
      },
      {
        "key": {
          "type": 0,
          "file": 2,
          "line": 48,
          "col": 3,
          "lit": "ssh-user"
        },
        "value": {
          "type": 0,
          "file": 2,
          "line": 51,
          "col": 14,
          "lit": "git"
        }
      },
      {
        "key": {
          "type": 0,
          "file": 2,
          "line": 52,
          "col": 3,
          "lit": "persist-credentials"
        },
        "value": {
          "type": 0,
          "file": 2,
          "line": 54,
          "col": 14,
          "lit": "true"
        }
      },
      {
        "key": {
          "type": 0,
          "file": 2,
          "line": 55,
          "col": 3,
          "lit": "path"
        },
        "value": ""
      },
      {
        "key": {
          "type": 0,
          "file": 2,
          "line": 57,
          "col": 3,
          "lit": "clean"
        },
        "value": {
          "type": 0,
          "file": 2,
          "line": 59,
          "col": 14,
          "lit": "true"
        }
      },
      {
        "key": {
          "type": 0,
          "file": 2,
          "line": 60,
          "col": 3,
          "lit": "filter"
        },
        "value": {
          "type": 0,
          "file": 2,
          "line": 64,
          "col": 14,
          "lit": ""
        }
      },
      {
        "key": {
          "type": 0,
          "file": 2,
          "line": 65,
          "col": 3,
          "lit": "sparse-checkout"
        },
        "value": {
          "type": 0,
          "file": 2,
          "line": 69,
          "col": 14,
          "lit": ""
        }
      },
      {
        "key": {
          "type": 0,
          "file": 2,
          "line": 70,
          "col": 3,
          "lit": "sparse-checkout-cone-mode"
        },
        "value": {
          "type": 0,
          "file": 2,
          "line": 73,
          "col": 14,
          "lit": "true"
        }
      },
      {
        "key": {
          "type": 0,
          "file": 2,
          "line": 74,
          "col": 3,
          "lit": "fetch-depth"
        },
        "value": {
          "type": 0,
          "file": 2,
          "line": 76,
          "col": 14,
          "lit": "1"
        }
      },
      {
        "key": {
          "type": 0,
          "file": 2,
          "line": 77,
          "col": 3,
          "lit": "fetch-tags"
        },
        "value": {
          "type": 0,
          "file": 2,
          "line": 79,
          "col": 14,
          "lit": "false"
        }
      },
      {
        "key": {
          "type": 0,
          "file": 2,
          "line": 80,
          "col": 3,
          "lit": "show-progress"
        },
        "value": {
          "type": 0,
          "file": 2,
          "line": 82,
          "col": 14,
          "lit": "true"
        }
      },
      {
        "key": {
          "type": 0,
          "file": 2,
          "line": 83,
          "col": 3,
          "lit": "lfs"
        },
        "value": {
          "type": 0,
          "file": 2,
          "line": 85,
          "col": 14,
          "lit": "false"
        }
      },
      {
        "key": {
          "type": 0,
          "file": 2,
          "line": 86,
          "col": 3,
          "lit": "submodules"
        },
        "value": {
          "type": 0,
          "file": 2,
          "line": 94,
          "col": 14,
          "lit": "false"
        }
      },
      {
        "key": {
          "type": 0,
          "file": 2,
          "line": 95,
          "col": 3,
          "lit": "set-safe-directory"
        },
        "value": {
          "type": 0,
          "file": 2,
          "line": 97,
          "col": 14,
          "lit": "true"
        }
      },
      {
        "key": {
          "type": 0,
          "file": 2,
          "line": 98,
          "col": 3,
          "lit": "github-server-url"
        },
        "value": ""
      }
    ]
  },
  "execution": {
    "executionType": "nodeJS",
    "hasPre": false,
    "hasPost": true,
    "script": "dist/index.js",
    "pre": null,
    "post": "dist/index.js",
    "nodeVersion": "node20",
    "cleanupCondition": "always()",
    "initCondition": "always()"
  },
  "deprecated": null
}
[2025-11-13 23:32:41Z INFO ActionManager] Action node.js file: dist/index.js, no more preparation.
[2025-11-13 23:32:41Z INFO HostContext] Well known directory 'Bin': 'C:\Trabalho\actions-runner\bin'
[2025-11-13 23:32:41Z INFO HostContext] Well known directory 'Root': 'C:\Trabalho\actions-runner'
[2025-11-13 23:32:41Z INFO HostContext] Well known directory 'Work': 'C:\Trabalho\actions-runner\_work'
[2025-11-13 23:32:41Z INFO HostContext] Well known directory 'Actions': 'C:\Trabalho\actions-runner\_work\_actions'
[2025-11-13 23:32:41Z INFO ActionManager] Load action that reference repository from 'C:\Trabalho\actions-runner\_work\_actions\actions\checkout\v4'
[2025-11-13 23:32:41Z INFO HostContext] Well known directory 'Bin': 'C:\Trabalho\actions-runner\bin'
[2025-11-13 23:32:41Z INFO HostContext] Well known directory 'Root': 'C:\Trabalho\actions-runner'
[2025-11-13 23:32:41Z INFO HostContext] Well known directory 'Work': 'C:\Trabalho\actions-runner\_work'
[2025-11-13 23:32:41Z INFO HostContext] Well known directory 'Actions': 'C:\Trabalho\actions-runner\_work\_actions'
[2025-11-13 23:32:41Z INFO ActionManifestManager] Loaded action.yml file: {
  "name": "Checkout",
  "description": "Checkout a Git repository at a particular version",
  "inputs": {
    "type": 2,
    "map": [
      {
        "key": {
          "type": 0,
          "file": 2,
          "line": 4,
          "col": 3,
          "lit": "repository"
        },
        "value": {
          "type": 3,
          "file": 2,
          "line": 6,
          "col": 14,
          "expr": "github.repository"
        }
      },
      {
        "key": {
          "type": 0,
          "file": 2,
          "line": 7,
          "col": 3,
          "lit": "ref"
        },
        "value": ""
      },
      {
        "key": {
          "type": 0,
          "file": 2,
          "line": 12,
          "col": 3,
          "lit": "token"
        },
        "value": {
          "type": 3,
          "file": 2,
          "line": 24,
          "col": 14,
          "expr": "github.token"
        }
      },
      {
        "key": {
          "type": 0,
          "file": 2,
          "line": 25,
          "col": 3,
          "lit": "ssh-key"
        },
        "value": ""
      },
      {
        "key": {
          "type": 0,
          "file": 2,
          "line": 37,
          "col": 3,
          "lit": "ssh-known-hosts"
        },
        "value": ""
      },
      {
        "key": {
          "type": 0,
          "file": 2,
          "line": 42,
          "col": 3,
          "lit": "ssh-strict"
        },
        "value": {
          "type": 0,
          "file": 2,
          "line": 47,
          "col": 14,
          "lit": "true"
        }
      },
      {
        "key": {
          "type": 0,
          "file": 2,
          "line": 48,
          "col": 3,
          "lit": "ssh-user"
        },
        "value": {
          "type": 0,
          "file": 2,
          "line": 51,
          "col": 14,
          "lit": "git"
        }
      },
      {
        "key": {
          "type": 0,
          "file": 2,
          "line": 52,
          "col": 3,
          "lit": "persist-credentials"
        },
        "value": {
          "type": 0,
          "file": 2,
          "line": 54,
          "col": 14,
          "lit": "true"
        }
      },
      {
        "key": {
          "type": 0,
          "file": 2,
          "line": 55,
          "col": 3,
          "lit": "path"
        },
        "value": ""
      },
      {
        "key": {
          "type": 0,
          "file": 2,
          "line": 57,
          "col": 3,
          "lit": "clean"
        },
        "value": {
          "type": 0,
          "file": 2,
          "line": 59,
          "col": 14,
          "lit": "true"
        }
      },
      {
        "key": {
          "type": 0,
          "file": 2,
          "line": 60,
          "col": 3,
          "lit": "filter"
        },
        "value": {
          "type": 0,
          "file": 2,
          "line": 64,
          "col": 14,
          "lit": ""
        }
      },
      {
        "key": {
          "type": 0,
          "file": 2,
          "line": 65,
          "col": 3,
          "lit": "sparse-checkout"
        },
        "value": {
          "type": 0,
          "file": 2,
          "line": 69,
          "col": 14,
          "lit": ""
        }
      },
      {
        "key": {
          "type": 0,
          "file": 2,
          "line": 70,
          "col": 3,
          "lit": "sparse-checkout-cone-mode"
        },
        "value": {
          "type": 0,
          "file": 2,
          "line": 73,
          "col": 14,
          "lit": "true"
        }
      },
      {
        "key": {
          "type": 0,
          "file": 2,
          "line": 74,
          "col": 3,
          "lit": "fetch-depth"
        },
        "value": {
          "type": 0,
          "file": 2,
          "line": 76,
          "col": 14,
          "lit": "1"
        }
      },
      {
        "key": {
          "type": 0,
          "file": 2,
          "line": 77,
          "col": 3,
          "lit": "fetch-tags"
        },
        "value": {
          "type": 0,
          "file": 2,
          "line": 79,
          "col": 14,
          "lit": "false"
        }
      },
      {
        "key": {
          "type": 0,
          "file": 2,
          "line": 80,
          "col": 3,
          "lit": "show-progress"
        },
        "value": {
          "type": 0,
          "file": 2,
          "line": 82,
          "col": 14,
          "lit": "true"
        }
      },
      {
        "key": {
          "type": 0,
          "file": 2,
          "line": 83,
          "col": 3,
          "lit": "lfs"
        },
        "value": {
          "type": 0,
          "file": 2,
          "line": 85,
          "col": 14,
          "lit": "false"
        }
      },
      {
        "key": {
          "type": 0,
          "file": 2,
          "line": 86,
          "col": 3,
          "lit": "submodules"
        },
        "value": {
          "type": 0,
          "file": 2,
          "line": 94,
          "col": 14,
          "lit": "false"
        }
      },
      {
        "key": {
          "type": 0,
          "file": 2,
          "line": 95,
          "col": 3,
          "lit": "set-safe-directory"
        },
        "value": {
          "type": 0,
          "file": 2,
          "line": 97,
          "col": 14,
          "lit": "true"
        }
      },
      {
        "key": {
          "type": 0,
          "file": 2,
          "line": 98,
          "col": 3,
          "lit": "github-server-url"
        },
        "value": ""
      }
    ]
  },
  "execution": {
    "executionType": "nodeJS",
    "hasPre": false,
    "hasPost": true,
    "script": "dist/index.js",
    "pre": null,
    "post": "dist/index.js",
    "nodeVersion": "node20",
    "cleanupCondition": "always()",
    "initCondition": "always()"
  },
  "deprecated": null
}
[2025-11-13 23:32:41Z INFO ActionManager] Action pre node.js file: N/A.
[2025-11-13 23:32:41Z INFO ActionManager] Action node.js file: dist/index.js.
[2025-11-13 23:32:41Z INFO ActionManager] Action post node.js file: dist/index.js.
[2025-11-13 23:32:41Z INFO JobExtension] Adding .
[2025-11-13 23:32:41Z INFO JobExtension] Adding .
[2025-11-13 23:32:41Z INFO JobExtension] Adding .
[2025-11-13 23:32:41Z INFO JobExtension] Adding .
[2025-11-13 23:32:41Z INFO JobExtension] Adding .
[2025-11-13 23:32:41Z INFO JobExtension] Adding .
[2025-11-13 23:32:41Z INFO JobExtension] Adding .
[2025-11-13 23:32:41Z INFO JobExtension] Adding .
[2025-11-13 23:32:41Z INFO JobExtension] Adding .
[2025-11-13 23:32:41Z INFO JobExtension] Adding .
[2025-11-13 23:32:41Z INFO JobExtension] Adding .
[2025-11-13 23:32:41Z INFO HostContext] Well known directory 'Bin': 'C:\Trabalho\actions-runner\bin'
[2025-11-13 23:32:41Z INFO HostContext] Well known directory 'Root': 'C:\Trabalho\actions-runner'
[2025-11-13 23:32:41Z INFO HostContext] Well known directory 'Diag': 'C:\Trabalho\actions-runner\_diag'
[2025-11-13 23:32:41Z INFO HostContext] Well known directory 'Bin': 'C:\Trabalho\actions-runner\bin'
[2025-11-13 23:32:41Z INFO HostContext] Well known directory 'Root': 'C:\Trabalho\actions-runner'
[2025-11-13 23:32:41Z INFO HostContext] Well known directory 'Diag': 'C:\Trabalho\actions-runner\_diag'
[2025-11-13 23:32:41Z INFO HostContext] Well known directory 'Bin': 'C:\Trabalho\actions-runner\bin'
[2025-11-13 23:32:41Z INFO HostContext] Well known directory 'Root': 'C:\Trabalho\actions-runner'
[2025-11-13 23:32:41Z INFO HostContext] Well known directory 'Diag': 'C:\Trabalho\actions-runner\_diag'
[2025-11-13 23:32:41Z INFO HostContext] Well known directory 'Bin': 'C:\Trabalho\actions-runner\bin'
[2025-11-13 23:32:41Z INFO HostContext] Well known directory 'Root': 'C:\Trabalho\actions-runner'
[2025-11-13 23:32:41Z INFO HostContext] Well known directory 'Diag': 'C:\Trabalho\actions-runner\_diag'
[2025-11-13 23:32:41Z INFO HostContext] Well known directory 'Bin': 'C:\Trabalho\actions-runner\bin'
[2025-11-13 23:32:41Z INFO HostContext] Well known directory 'Root': 'C:\Trabalho\actions-runner'
[2025-11-13 23:32:41Z INFO HostContext] Well known directory 'Diag': 'C:\Trabalho\actions-runner\_diag'
[2025-11-13 23:32:41Z INFO HostContext] Well known directory 'Bin': 'C:\Trabalho\actions-runner\bin'
[2025-11-13 23:32:41Z INFO HostContext] Well known directory 'Root': 'C:\Trabalho\actions-runner'
[2025-11-13 23:32:41Z INFO HostContext] Well known directory 'Diag': 'C:\Trabalho\actions-runner\_diag'
[2025-11-13 23:32:41Z INFO HostContext] Well known directory 'Bin': 'C:\Trabalho\actions-runner\bin'
[2025-11-13 23:32:41Z INFO HostContext] Well known directory 'Root': 'C:\Trabalho\actions-runner'
[2025-11-13 23:32:41Z INFO HostContext] Well known directory 'Diag': 'C:\Trabalho\actions-runner\_diag'
[2025-11-13 23:32:41Z INFO HostContext] Well known directory 'Bin': 'C:\Trabalho\actions-runner\bin'
[2025-11-13 23:32:41Z INFO HostContext] Well known directory 'Root': 'C:\Trabalho\actions-runner'
[2025-11-13 23:32:41Z INFO HostContext] Well known directory 'Diag': 'C:\Trabalho\actions-runner\_diag'
[2025-11-13 23:32:41Z INFO HostContext] Well known directory 'Bin': 'C:\Trabalho\actions-runner\bin'
[2025-11-13 23:32:41Z INFO HostContext] Well known directory 'Root': 'C:\Trabalho\actions-runner'
[2025-11-13 23:32:41Z INFO HostContext] Well known directory 'Diag': 'C:\Trabalho\actions-runner\_diag'
[2025-11-13 23:32:41Z INFO HostContext] Well known directory 'Bin': 'C:\Trabalho\actions-runner\bin'
[2025-11-13 23:32:41Z INFO HostContext] Well known directory 'Root': 'C:\Trabalho\actions-runner'
[2025-11-13 23:32:41Z INFO HostContext] Well known directory 'Diag': 'C:\Trabalho\actions-runner\_diag'
[2025-11-13 23:32:41Z INFO HostContext] Well known directory 'Bin': 'C:\Trabalho\actions-runner\bin'
[2025-11-13 23:32:41Z INFO HostContext] Well known directory 'Root': 'C:\Trabalho\actions-runner'
[2025-11-13 23:32:41Z INFO HostContext] Well known directory 'Diag': 'C:\Trabalho\actions-runner\_diag'
[2025-11-13 23:32:41Z INFO HostContext] Well known directory 'Bin': 'C:\Trabalho\actions-runner\bin'
[2025-11-13 23:32:41Z INFO HostContext] Well known directory 'Root': 'C:\Trabalho\actions-runner'
[2025-11-13 23:32:41Z INFO HostContext] Well known directory 'Diag': 'C:\Trabalho\actions-runner\_diag'
[2025-11-13 23:32:41Z INFO HostContext] Well known directory 'Bin': 'C:\Trabalho\actions-runner\bin'
[2025-11-13 23:32:41Z INFO HostContext] Well known directory 'Root': 'C:\Trabalho\actions-runner'
[2025-11-13 23:32:41Z INFO HostContext] Well known directory 'Diag': 'C:\Trabalho\actions-runner\_diag'
[2025-11-13 23:32:41Z INFO HostContext] Well known directory 'Bin': 'C:\Trabalho\actions-runner\bin'
[2025-11-13 23:32:41Z INFO HostContext] Well known directory 'Root': 'C:\Trabalho\actions-runner'
[2025-11-13 23:32:41Z INFO HostContext] Well known directory 'Diag': 'C:\Trabalho\actions-runner\_diag'
[2025-11-13 23:32:41Z INFO HostContext] Well known directory 'Bin': 'C:\Trabalho\actions-runner\bin'
[2025-11-13 23:32:41Z INFO HostContext] Well known directory 'Root': 'C:\Trabalho\actions-runner'
[2025-11-13 23:32:41Z INFO HostContext] Well known directory 'Diag': 'C:\Trabalho\actions-runner\_diag'
[2025-11-13 23:32:41Z INFO HostContext] Well known directory 'Bin': 'C:\Trabalho\actions-runner\bin'
[2025-11-13 23:32:41Z INFO HostContext] Well known directory 'Root': 'C:\Trabalho\actions-runner'
[2025-11-13 23:32:41Z INFO HostContext] Well known directory 'Diag': 'C:\Trabalho\actions-runner\_diag'
[2025-11-13 23:32:41Z INFO HostContext] Well known directory 'Bin': 'C:\Trabalho\actions-runner\bin'
[2025-11-13 23:32:41Z INFO HostContext] Well known directory 'Root': 'C:\Trabalho\actions-runner'
[2025-11-13 23:32:41Z INFO HostContext] Well known directory 'Diag': 'C:\Trabalho\actions-runner\_diag'
[2025-11-13 23:32:41Z INFO HostContext] Well known directory 'Bin': 'C:\Trabalho\actions-runner\bin'
[2025-11-13 23:32:41Z INFO HostContext] Well known directory 'Root': 'C:\Trabalho\actions-runner'
[2025-11-13 23:32:41Z INFO HostContext] Well known directory 'Diag': 'C:\Trabalho\actions-runner\_diag'
[2025-11-13 23:32:41Z INFO HostContext] Well known directory 'Bin': 'C:\Trabalho\actions-runner\bin'
[2025-11-13 23:32:41Z INFO HostContext] Well known directory 'Root': 'C:\Trabalho\actions-runner'
[2025-11-13 23:32:41Z INFO HostContext] Well known directory 'Diag': 'C:\Trabalho\actions-runner\_diag'
[2025-11-13 23:32:41Z INFO HostContext] Well known directory 'Bin': 'C:\Trabalho\actions-runner\bin'
[2025-11-13 23:32:41Z INFO HostContext] Well known directory 'Root': 'C:\Trabalho\actions-runner'
[2025-11-13 23:32:41Z INFO HostContext] Well known directory 'Diag': 'C:\Trabalho\actions-runner\_diag'
[2025-11-13 23:32:41Z INFO JobServerQueue] Try to append 1 batches web console lines for record '8c4ee143-74c9-4c75-933f-5fbe60073ce1', success rate: 1/1.
[2025-11-13 23:32:41Z INFO HostContext] Well known directory 'Bin': 'C:\Trabalho\actions-runner\bin'
[2025-11-13 23:32:41Z INFO HostContext] Well known directory 'Root': 'C:\Trabalho\actions-runner'
[2025-11-13 23:32:41Z INFO HostContext] Well known directory 'Diag': 'C:\Trabalho\actions-runner\_diag'
[2025-11-13 23:32:41Z INFO HostContext] Well known directory 'Bin': 'C:\Trabalho\actions-runner\bin'
[2025-11-13 23:32:41Z INFO HostContext] Well known directory 'Root': 'C:\Trabalho\actions-runner'
[2025-11-13 23:32:41Z INFO HostContext] Well known directory 'Diag': 'C:\Trabalho\actions-runner\_diag'
[2025-11-13 23:32:41Z INFO JobExtension] Total accessible running process: 276.
[2025-11-13 23:32:41Z INFO HostContext] Well known directory 'Bin': 'C:\Trabalho\actions-runner\bin'
[2025-11-13 23:32:41Z INFO HostContext] Well known directory 'Root': 'C:\Trabalho\actions-runner'
[2025-11-13 23:32:41Z INFO HostContext] Well known directory 'Work': 'C:\Trabalho\actions-runner\_work'
[2025-11-13 23:32:41Z INFO JobExtension] Start checking service connectivity in background.
[2025-11-13 23:32:41Z INFO ExecutionContext] Publish step telemetry for current step {
  "action": "setup_job",
  "type": "runner",
  "stage": "Pre",
  "stepId": "8c4ee143-74c9-4c75-933f-5fbe60073ce1",
  "result": "succeeded",
  "errorMessages": [],
  "executionTimeInSeconds": 3,
  "startTime": "2025-11-13T23:32:39.0636098Z",
  "finishTime": "2025-11-13T23:32:41.6429875Z"
}.
[2025-11-13 23:32:41Z INFO JobRunner] Total job steps: 11.
[2025-11-13 23:32:41Z INFO JobRunner] Run all job steps.
[2025-11-13 23:32:41Z INFO StepsRunner] Processing step: DisplayName='Checkout'
[2025-11-13 23:32:41Z INFO StepsRunner] Evaluating: success()
[2025-11-13 23:32:41Z INFO StepsRunner] Result: true
[2025-11-13 23:32:41Z INFO StepsRunner] Starting the step.
[2025-11-13 23:32:41Z INFO HostContext] Well known directory 'Bin': 'C:\Trabalho\actions-runner\bin'
[2025-11-13 23:32:41Z INFO HostContext] Well known directory 'Root': 'C:\Trabalho\actions-runner'
[2025-11-13 23:32:41Z INFO HostContext] Well known directory 'Work': 'C:\Trabalho\actions-runner\_work'
[2025-11-13 23:32:41Z INFO StepsRunner] Which2: 'chcp'
[2025-11-13 23:32:41Z INFO StepsRunner] Location: 'C:\WINDOWS\system32\chcp.COM'
[2025-11-13 23:32:41Z INFO ProcessInvokerWrapper] Starting process:
[2025-11-13 23:32:41Z INFO ProcessInvokerWrapper]   File name: 'C:\WINDOWS\system32\chcp.COM'
[2025-11-13 23:32:41Z INFO ProcessInvokerWrapper]   Arguments: '65001'
[2025-11-13 23:32:41Z INFO ProcessInvokerWrapper]   Working directory: 'C:\Trabalho\actions-runner\_work'
[2025-11-13 23:32:41Z INFO ProcessInvokerWrapper]   Require exit code zero: 'False'
[2025-11-13 23:32:41Z INFO ProcessInvokerWrapper]   Encoding web name:  ; code page: ''
[2025-11-13 23:32:41Z INFO ProcessInvokerWrapper]   Force kill process on cancellation: 'False'
[2025-11-13 23:32:41Z INFO ProcessInvokerWrapper]   Redirected STDIN: 'False'
[2025-11-13 23:32:41Z INFO ProcessInvokerWrapper]   Persist current code page: 'True'
[2025-11-13 23:32:41Z INFO ProcessInvokerWrapper]   Keep redirected STDIN open: 'False'
[2025-11-13 23:32:41Z INFO ProcessInvokerWrapper]   High priority process: 'False'
[2025-11-13 23:32:41Z INFO ProcessInvokerWrapper] Process started with process id 10360, waiting for process exit.
[2025-11-13 23:32:41Z INFO ProcessInvokerWrapper] STDOUT/STDERR stream read finished.
[2025-11-13 23:32:41Z INFO ProcessInvokerWrapper] STDOUT/STDERR stream read finished.
[2025-11-13 23:32:41Z INFO ProcessInvokerWrapper] Finished process 10360 with exit code 0, and elapsed time 00:00:00.0405728.
[2025-11-13 23:32:41Z INFO StepsRunner] Successfully returned to code page 65001 (UTF8)
[2025-11-13 23:32:41Z INFO HostContext] Well known directory 'Bin': 'C:\Trabalho\actions-runner\bin'
[2025-11-13 23:32:41Z INFO HostContext] Well known directory 'Root': 'C:\Trabalho\actions-runner'
[2025-11-13 23:32:41Z INFO HostContext] Well known directory 'Work': 'C:\Trabalho\actions-runner\_work'
[2025-11-13 23:32:41Z INFO HostContext] Well known directory 'Actions': 'C:\Trabalho\actions-runner\_work\_actions'
[2025-11-13 23:32:41Z INFO ActionManager] Load action that reference repository from 'C:\Trabalho\actions-runner\_work\_actions\actions\checkout\v4'
[2025-11-13 23:32:41Z INFO HostContext] Well known directory 'Bin': 'C:\Trabalho\actions-runner\bin'
[2025-11-13 23:32:41Z INFO HostContext] Well known directory 'Root': 'C:\Trabalho\actions-runner'
[2025-11-13 23:32:41Z INFO HostContext] Well known directory 'Work': 'C:\Trabalho\actions-runner\_work'
[2025-11-13 23:32:41Z INFO HostContext] Well known directory 'Actions': 'C:\Trabalho\actions-runner\_work\_actions'
[2025-11-13 23:32:41Z INFO ActionManifestManager] Loaded action.yml file: {
  "name": "Checkout",
  "description": "Checkout a Git repository at a particular version",
  "inputs": {
    "type": 2,
    "map": [
      {
        "key": {
          "type": 0,
          "file": 2,
          "line": 4,
          "col": 3,
          "lit": "repository"
        },
        "value": {
          "type": 3,
          "file": 2,
          "line": 6,
          "col": 14,
          "expr": "github.repository"
        }
      },
      {
        "key": {
          "type": 0,
          "file": 2,
          "line": 7,
          "col": 3,
          "lit": "ref"
        },
        "value": ""
      },
      {
        "key": {
          "type": 0,
          "file": 2,
          "line": 12,
          "col": 3,
          "lit": "token"
        },
        "value": {
          "type": 3,
          "file": 2,
          "line": 24,
          "col": 14,
          "expr": "github.token"
        }
      },
      {
        "key": {
          "type": 0,
          "file": 2,
          "line": 25,
          "col": 3,
          "lit": "ssh-key"
        },
        "value": ""
      },
      {
        "key": {
          "type": 0,
          "file": 2,
          "line": 37,
          "col": 3,
          "lit": "ssh-known-hosts"
        },
        "value": ""
      },
      {
        "key": {
          "type": 0,
          "file": 2,
          "line": 42,
          "col": 3,
          "lit": "ssh-strict"
        },
        "value": {
          "type": 0,
          "file": 2,
          "line": 47,
          "col": 14,
          "lit": "true"
        }
      },
      {
        "key": {
          "type": 0,
          "file": 2,
          "line": 48,
          "col": 3,
          "lit": "ssh-user"
        },
        "value": {
          "type": 0,
          "file": 2,
          "line": 51,
          "col": 14,
          "lit": "git"
        }
      },
      {
        "key": {
          "type": 0,
          "file": 2,
          "line": 52,
          "col": 3,
          "lit": "persist-credentials"
        },
        "value": {
          "type": 0,
          "file": 2,
          "line": 54,
          "col": 14,
          "lit": "true"
        }
      },
      {
        "key": {
          "type": 0,
          "file": 2,
          "line": 55,
          "col": 3,
          "lit": "path"
        },
        "value": ""
      },
      {
        "key": {
          "type": 0,
          "file": 2,
          "line": 57,
          "col": 3,
          "lit": "clean"
        },
        "value": {
          "type": 0,
          "file": 2,
          "line": 59,
          "col": 14,
          "lit": "true"
        }
      },
      {
        "key": {
          "type": 0,
          "file": 2,
          "line": 60,
          "col": 3,
          "lit": "filter"
        },
        "value": {
          "type": 0,
          "file": 2,
          "line": 64,
          "col": 14,
          "lit": ""
        }
      },
      {
        "key": {
          "type": 0,
          "file": 2,
          "line": 65,
          "col": 3,
          "lit": "sparse-checkout"
        },
        "value": {
          "type": 0,
          "file": 2,
          "line": 69,
          "col": 14,
          "lit": ""
        }
      },
      {
        "key": {
          "type": 0,
          "file": 2,
          "line": 70,
          "col": 3,
          "lit": "sparse-checkout-cone-mode"
        },
        "value": {
          "type": 0,
          "file": 2,
          "line": 73,
          "col": 14,
          "lit": "true"
        }
      },
      {
        "key": {
          "type": 0,
          "file": 2,
          "line": 74,
          "col": 3,
          "lit": "fetch-depth"
        },
        "value": {
          "type": 0,
          "file": 2,
          "line": 76,
          "col": 14,
          "lit": "1"
        }
      },
      {
        "key": {
          "type": 0,
          "file": 2,
          "line": 77,
          "col": 3,
          "lit": "fetch-tags"
        },
        "value": {
          "type": 0,
          "file": 2,
          "line": 79,
          "col": 14,
          "lit": "false"
        }
      },
      {
        "key": {
          "type": 0,
          "file": 2,
          "line": 80,
          "col": 3,
          "lit": "show-progress"
        },
        "value": {
          "type": 0,
          "file": 2,
          "line": 82,
          "col": 14,
          "lit": "true"
        }
      },
      {
        "key": {
          "type": 0,
          "file": 2,
          "line": 83,
          "col": 3,
          "lit": "lfs"
        },
        "value": {
          "type": 0,
          "file": 2,
          "line": 85,
          "col": 14,
          "lit": "false"
        }
      },
      {
        "key": {
          "type": 0,
          "file": 2,
          "line": 86,
          "col": 3,
          "lit": "submodules"
        },
        "value": {
          "type": 0,
          "file": 2,
          "line": 94,
          "col": 14,
          "lit": "false"
        }
      },
      {
        "key": {
          "type": 0,
          "file": 2,
          "line": 95,
          "col": 3,
          "lit": "set-safe-directory"
        },
        "value": {
          "type": 0,
          "file": 2,
          "line": 97,
          "col": 14,
          "lit": "true"
        }
      },
      {
        "key": {
          "type": 0,
          "file": 2,
          "line": 98,
          "col": 3,
          "lit": "github-server-url"
        },
        "value": ""
      }
    ]
  },
  "execution": {
    "executionType": "nodeJS",
    "hasPre": false,
    "hasPost": true,
    "script": "dist/index.js",
    "pre": null,
    "post": "dist/index.js",
    "nodeVersion": "node20",
    "cleanupCondition": "always()",
    "initCondition": "always()"
  },
  "deprecated": null
}
[2025-11-13 23:32:41Z INFO ActionManager] Action pre node.js file: N/A.
[2025-11-13 23:32:41Z INFO ActionManager] Action node.js file: dist/index.js.
[2025-11-13 23:32:41Z INFO ActionManager] Action post node.js file: dist/index.js.
[2025-11-13 23:32:41Z INFO ExecutionContext] Reserve record order 13 to 24 for post job actions.
[2025-11-13 23:32:41Z INFO HostContext] Well known directory 'Bin': 'C:\Trabalho\actions-runner\bin'
[2025-11-13 23:32:41Z INFO HostContext] Well known directory 'Root': 'C:\Trabalho\actions-runner'
[2025-11-13 23:32:41Z INFO HostContext] Well known directory 'Diag': 'C:\Trabalho\actions-runner\_diag'
[2025-11-13 23:32:41Z INFO HostContext] Well known directory 'Bin': 'C:\Trabalho\actions-runner\bin'
[2025-11-13 23:32:41Z INFO HostContext] Well known directory 'Root': 'C:\Trabalho\actions-runner'
[2025-11-13 23:32:41Z INFO HostContext] Well known directory 'Diag': 'C:\Trabalho\actions-runner\_diag'
[2025-11-13 23:32:41Z INFO HostContext] Well known directory 'Bin': 'C:\Trabalho\actions-runner\bin'
[2025-11-13 23:32:41Z INFO HostContext] Well known directory 'Root': 'C:\Trabalho\actions-runner'
[2025-11-13 23:32:41Z INFO HostContext] Well known directory 'Work': 'C:\Trabalho\actions-runner\_work'
[2025-11-13 23:32:41Z INFO HostContext] Well known directory 'Temp': 'C:\Trabalho\actions-runner\_work\_temp'
[2025-11-13 23:32:41Z INFO ExecutionContext] Write event payload to C:\Trabalho\actions-runner\_work\_temp\_github_workflow\event.json
[2025-11-13 23:32:41Z INFO HostContext] Well known directory 'Bin': 'C:\Trabalho\actions-runner\bin'
[2025-11-13 23:32:41Z INFO HostContext] Well known directory 'Root': 'C:\Trabalho\actions-runner'
[2025-11-13 23:32:41Z INFO HostContext] Well known directory 'Work': 'C:\Trabalho\actions-runner\_work'
[2025-11-13 23:32:41Z INFO HostContext] Well known directory 'Temp': 'C:\Trabalho\actions-runner\_work\_temp'
[2025-11-13 23:32:41Z INFO ExtensionManager] Getting extensions for interface: 'GitHub.Runner.Worker.IFileCommandExtension'
[2025-11-13 23:32:41Z INFO ExtensionManager] Creating instance: GitHub.Runner.Worker.AddPathFileCommand, Runner.Worker
[2025-11-13 23:32:41Z INFO ExtensionManager] Creating instance: GitHub.Runner.Worker.SetEnvFileCommand, Runner.Worker
[2025-11-13 23:32:41Z INFO ExtensionManager] Creating instance: GitHub.Runner.Worker.CreateStepSummaryCommand, Runner.Worker
[2025-11-13 23:32:41Z INFO ExtensionManager] Creating instance: GitHub.Runner.Worker.SaveStateFileCommand, Runner.Worker
[2025-11-13 23:32:41Z INFO ExtensionManager] Creating instance: GitHub.Runner.Worker.SetOutputFileCommand, Runner.Worker
[2025-11-13 23:32:41Z INFO ActionManifestManager] Input 'repository': *** value evaluate result: {
  "type": 0,
  "file": 2,
  "line": 6,
  "col": 14,
  "lit": "potinhek/Trabalho"
}
[2025-11-13 23:32:41Z INFO ActionManifestManager] Input 'ref': *** value evaluate result: ""
[2025-11-13 23:32:41Z INFO ActionManifestManager] Input 'token': *** value evaluate result: {
  "type": 0,
  "file": 2,
  "line": 24,
  "col": 14,
  "lit": "***"
}
[2025-11-13 23:32:41Z INFO ActionManifestManager] Input 'ssh-key': *** value evaluate result: ""
[2025-11-13 23:32:41Z INFO ActionManifestManager] Input 'ssh-known-hosts': *** value evaluate result: ""
[2025-11-13 23:32:41Z INFO ActionManifestManager] Input 'ssh-strict': *** value evaluate result: {
  "type": 0,
  "file": 2,
  "line": 47,
  "col": 14,
  "lit": "true"
}
[2025-11-13 23:32:41Z INFO ActionManifestManager] Input 'ssh-user': *** value evaluate result: {
  "type": 0,
  "file": 2,
  "line": 51,
  "col": 14,
  "lit": "git"
}
[2025-11-13 23:32:41Z INFO ActionManifestManager] Input 'persist-credentials': *** value evaluate result: {
  "type": 0,
  "file": 2,
  "line": 54,
  "col": 14,
  "lit": "true"
}
[2025-11-13 23:32:41Z INFO ActionManifestManager] Input 'path': *** value evaluate result: ""
[2025-11-13 23:32:41Z INFO ActionManifestManager] Input 'clean': *** value evaluate result: {
  "type": 0,
  "file": 2,
  "line": 59,
  "col": 14,
  "lit": "true"
}
[2025-11-13 23:32:41Z INFO ActionManifestManager] Input 'filter': *** value evaluate result: {
  "type": 0,
  "file": 2,
  "line": 64,
  "col": 14,
  "lit": ""
}
[2025-11-13 23:32:41Z INFO ActionManifestManager] Input 'sparse-checkout': *** value evaluate result: {
  "type": 0,
  "file": 2,
  "line": 69,
  "col": 14,
  "lit": ""
}
[2025-11-13 23:32:41Z INFO ActionManifestManager] Input 'sparse-checkout-cone-mode': *** value evaluate result: {
  "type": 0,
  "file": 2,
  "line": 73,
  "col": 14,
  "lit": "true"
}
[2025-11-13 23:32:41Z INFO ActionManifestManager] Input 'fetch-depth': *** value evaluate result: {
  "type": 0,
  "file": 2,
  "line": 76,
  "col": 14,
  "lit": "1"
}
[2025-11-13 23:32:41Z INFO ActionManifestManager] Input 'fetch-tags': *** value evaluate result: {
  "type": 0,
  "file": 2,
  "line": 79,
  "col": 14,
  "lit": "false"
}
[2025-11-13 23:32:41Z INFO ActionManifestManager] Input 'show-progress': *** value evaluate result: {
  "type": 0,
  "file": 2,
  "line": 82,
  "col": 14,
  "lit": "true"
}
[2025-11-13 23:32:41Z INFO ActionManifestManager] Input 'lfs': *** value evaluate result: {
  "type": 0,
  "file": 2,
  "line": 85,
  "col": 14,
  "lit": "false"
}
[2025-11-13 23:32:41Z INFO ActionManifestManager] Input 'submodules': *** value evaluate result: {
  "type": 0,
  "file": 2,
  "line": 94,
  "col": 14,
  "lit": "false"
}
[2025-11-13 23:32:41Z INFO ActionManifestManager] Input 'set-safe-directory': *** value evaluate result: {
  "type": 0,
  "file": 2,
  "line": 97,
  "col": 14,
  "lit": "true"
}
[2025-11-13 23:32:41Z INFO ActionManifestManager] Input 'github-server-url': *** value evaluate result: ""
[2025-11-13 23:32:41Z INFO ExtensionManager] Getting extensions for interface: 'GitHub.Runner.Worker.IActionCommandExtension'
[2025-11-13 23:32:41Z INFO ExtensionManager] Creating instance: GitHub.Runner.Worker.InternalPluginSetRepoPathCommandExtension, Runner.Worker
[2025-11-13 23:32:41Z INFO ExtensionManager] Creating instance: GitHub.Runner.Worker.SetEnvCommandExtension, Runner.Worker
[2025-11-13 23:32:41Z INFO ExtensionManager] Creating instance: GitHub.Runner.Worker.SetOutputCommandExtension, Runner.Worker
[2025-11-13 23:32:41Z INFO ExtensionManager] Creating instance: GitHub.Runner.Worker.SaveStateCommandExtension, Runner.Worker
[2025-11-13 23:32:41Z INFO ExtensionManager] Creating instance: GitHub.Runner.Worker.AddPathCommandExtension, Runner.Worker
[2025-11-13 23:32:41Z INFO ExtensionManager] Creating instance: GitHub.Runner.Worker.AddMaskCommandExtension, Runner.Worker
[2025-11-13 23:32:41Z INFO ExtensionManager] Creating instance: GitHub.Runner.Worker.AddMatcherCommandExtension, Runner.Worker
[2025-11-13 23:32:41Z INFO ExtensionManager] Creating instance: GitHub.Runner.Worker.RemoveMatcherCommandExtension, Runner.Worker
[2025-11-13 23:32:41Z INFO ExtensionManager] Creating instance: GitHub.Runner.Worker.WarningCommandExtension, Runner.Worker
[2025-11-13 23:32:41Z INFO ExtensionManager] Creating instance: GitHub.Runner.Worker.ErrorCommandExtension, Runner.Worker
[2025-11-13 23:32:41Z INFO ExtensionManager] Creating instance: GitHub.Runner.Worker.NoticeCommandExtension, Runner.Worker
[2025-11-13 23:32:41Z INFO ExtensionManager] Creating instance: GitHub.Runner.Worker.DebugCommandExtension, Runner.Worker
[2025-11-13 23:32:41Z INFO ExtensionManager] Creating instance: GitHub.Runner.Worker.GroupCommandExtension, Runner.Worker
[2025-11-13 23:32:41Z INFO ExtensionManager] Creating instance: GitHub.Runner.Worker.EndGroupCommandExtension, Runner.Worker
[2025-11-13 23:32:41Z INFO ExtensionManager] Creating instance: GitHub.Runner.Worker.EchoCommandExtension, Runner.Worker
[2025-11-13 23:32:41Z INFO ActionCommandManager] Register action command extension for command internal-set-repo-path
[2025-11-13 23:32:41Z INFO ActionCommandManager] Register action command extension for command set-env
[2025-11-13 23:32:41Z INFO ActionCommandManager] Register action command extension for command set-output
[2025-11-13 23:32:41Z INFO ActionCommandManager] Register action command extension for command save-state
[2025-11-13 23:32:41Z INFO ActionCommandManager] Register action command extension for command add-path
[2025-11-13 23:32:41Z INFO ActionCommandManager] Register action command extension for command add-mask
[2025-11-13 23:32:41Z INFO ActionCommandManager] Register action command extension for command add-matcher
[2025-11-13 23:32:41Z INFO ActionCommandManager] Register action command extension for command remove-matcher
[2025-11-13 23:32:41Z INFO ActionCommandManager] Register action command extension for command warning
[2025-11-13 23:32:41Z INFO ActionCommandManager] Register action command extension for command error
[2025-11-13 23:32:41Z INFO ActionCommandManager] Register action command extension for command notice
[2025-11-13 23:32:41Z INFO ActionCommandManager] Register action command extension for command debug
[2025-11-13 23:32:41Z INFO ActionCommandManager] Register action command extension for command group
[2025-11-13 23:32:41Z INFO ActionCommandManager] Register action command extension for command endgroup
[2025-11-13 23:32:41Z INFO ActionCommandManager] Register action command extension for command echo
[2025-11-13 23:32:41Z INFO HostContext] Well known directory 'Bin': 'C:\Trabalho\actions-runner\bin'
[2025-11-13 23:32:41Z INFO HostContext] Well known directory 'Root': 'C:\Trabalho\actions-runner'
[2025-11-13 23:32:41Z INFO HostContext] Well known directory 'Externals': 'C:\Trabalho\actions-runner\externals'
[2025-11-13 23:32:41Z INFO ProcessInvokerWrapper] Starting process:
[2025-11-13 23:32:41Z INFO ProcessInvokerWrapper]   File name: 'C:\Trabalho\actions-runner\externals\node20\bin\node.exe'
[2025-11-13 23:32:41Z INFO ProcessInvokerWrapper]   Arguments: '"C:\Trabalho\actions-runner\_work\_actions\actions\checkout\v4\dist/index.js"'
[2025-11-13 23:32:41Z INFO ProcessInvokerWrapper]   Working directory: 'C:\Trabalho\actions-runner\_work\Trabalho\Trabalho'
[2025-11-13 23:32:41Z INFO ProcessInvokerWrapper]   Require exit code zero: 'False'
[2025-11-13 23:32:41Z INFO ProcessInvokerWrapper]   Encoding web name: utf-8 ; code page: '65001'
[2025-11-13 23:32:41Z INFO ProcessInvokerWrapper]   Force kill process on cancellation: 'False'
[2025-11-13 23:32:41Z INFO ProcessInvokerWrapper]   Redirected STDIN: 'False'
[2025-11-13 23:32:41Z INFO ProcessInvokerWrapper]   Persist current code page: 'True'
[2025-11-13 23:32:41Z INFO ProcessInvokerWrapper]   Keep redirected STDIN open: 'False'
[2025-11-13 23:32:41Z INFO ProcessInvokerWrapper]   High priority process: 'False'
[2025-11-13 23:32:41Z INFO JobServerQueue] Got a step log file to send to results service.
[2025-11-13 23:32:41Z INFO JobServerQueue] Starting upload of step log file to results service ResultsLog, C:\Trabalho\actions-runner\_diag\blocks\6cc9bd11-139b-40d0-af12-69612d7f06be_8c4ee143-74c9-4c75-933f-5fbe60073ce1.1
[2025-11-13 23:32:41Z INFO JobServerQueue] Try to upload 1 log files or attachments, success rate: 1/1.
[2025-11-13 23:32:41Z INFO ProcessInvokerWrapper] Process started with process id 5176, waiting for process exit.
[2025-11-13 23:32:42Z INFO JobServerQueue] Try to append 1 batches web console lines for record 'c64e0df4-3d1d-418c-a348-1e2daaf50082', success rate: 1/1.
[2025-11-13 23:32:42Z INFO JobServerQueue] Try to append 1 batches web console lines for record 'c64e0df4-3d1d-418c-a348-1e2daaf50082', success rate: 1/1.
[2025-11-13 23:32:42Z INFO AddMaskCommandExtension] Add new secret mask with length of 76
[2025-11-13 23:32:42Z INFO JobServerQueue] Try to append 1 batches web console lines for record 'c64e0df4-3d1d-418c-a348-1e2daaf50082', success rate: 1/1.
[2025-11-13 23:32:43Z INFO JobServerQueue] Tried to upload 1 file(s) to results, success rate: 1/1.
[2025-11-13 23:32:43Z INFO JobServerQueue] Try to append 1 batches web console lines for record 'c64e0df4-3d1d-418c-a348-1e2daaf50082', success rate: 1/1.
[2025-11-13 23:32:43Z INFO JobServerQueue] Try to append 1 batches web console lines for record 'c64e0df4-3d1d-418c-a348-1e2daaf50082', success rate: 1/1.
[2025-11-13 23:32:43Z INFO JobServerQueue] Try to append 1 batches web console lines for record 'c64e0df4-3d1d-418c-a348-1e2daaf50082', success rate: 1/1.
[2025-11-13 23:32:45Z INFO JobServerQueue] Try to append 1 batches web console lines for record 'c64e0df4-3d1d-418c-a348-1e2daaf50082', success rate: 1/1.
[2025-11-13 23:32:45Z INFO JobServerQueue] Try to append 1 batches web console lines for record 'c64e0df4-3d1d-418c-a348-1e2daaf50082', success rate: 1/1.
[2025-11-13 23:32:46Z INFO JobServerQueue] Try to append 1 batches web console lines for record 'c64e0df4-3d1d-418c-a348-1e2daaf50082', success rate: 1/1.
[2025-11-13 23:32:47Z INFO JobServerQueue] Try to append 1 batches web console lines for record 'c64e0df4-3d1d-418c-a348-1e2daaf50082', success rate: 1/1.
[2025-11-13 23:32:47Z INFO JobServerQueue] Try to append 1 batches web console lines for record 'c64e0df4-3d1d-418c-a348-1e2daaf50082', success rate: 1/1.
[2025-11-13 23:32:47Z INFO JobServerQueue] Try to append 1 batches web console lines for record 'c64e0df4-3d1d-418c-a348-1e2daaf50082', success rate: 1/1.
[2025-11-13 23:32:49Z INFO JobServerQueue] Try to append 1 batches web console lines for record 'c64e0df4-3d1d-418c-a348-1e2daaf50082', success rate: 1/1.
[2025-11-13 23:32:51Z INFO JobServerQueue] Try to append 1 batches web console lines for record 'c64e0df4-3d1d-418c-a348-1e2daaf50082', success rate: 1/1.
[2025-11-13 23:32:51Z INFO HostContext] Well known directory 'Bin': 'C:\Trabalho\actions-runner\bin'
[2025-11-13 23:32:51Z INFO HostContext] Well known directory 'Root': 'C:\Trabalho\actions-runner'
[2025-11-13 23:32:51Z INFO HostContext] Well known directory 'Work': 'C:\Trabalho\actions-runner\_work'
[2025-11-13 23:32:51Z INFO JobServerQueue] Try to append 1 batches web console lines for record 'c64e0df4-3d1d-418c-a348-1e2daaf50082', success rate: 1/1.
[2025-11-13 23:33:01Z INFO HostContext] Well known directory 'Bin': 'C:\Trabalho\actions-runner\bin'
[2025-11-13 23:33:01Z INFO HostContext] Well known directory 'Root': 'C:\Trabalho\actions-runner'
[2025-11-13 23:33:01Z INFO HostContext] Well known directory 'Work': 'C:\Trabalho\actions-runner\_work'
[2025-11-13 23:33:11Z INFO HostContext] Well known directory 'Bin': 'C:\Trabalho\actions-runner\bin'
[2025-11-13 23:33:11Z INFO HostContext] Well known directory 'Root': 'C:\Trabalho\actions-runner'
[2025-11-13 23:33:11Z INFO HostContext] Well known directory 'Work': 'C:\Trabalho\actions-runner\_work'
[2025-11-13 23:33:20Z INFO JobServerQueue] Try to append 1 batches web console lines for record 'c64e0df4-3d1d-418c-a348-1e2daaf50082', success rate: 1/1.
[2025-11-13 23:33:20Z INFO JobServerQueue] Try to append 1 batches web console lines for record 'c64e0df4-3d1d-418c-a348-1e2daaf50082', success rate: 1/1.
[2025-11-13 23:33:21Z INFO HostContext] Well known directory 'Bin': 'C:\Trabalho\actions-runner\bin'
[2025-11-13 23:33:21Z INFO HostContext] Well known directory 'Root': 'C:\Trabalho\actions-runner'
[2025-11-13 23:33:21Z INFO HostContext] Well known directory 'Work': 'C:\Trabalho\actions-runner\_work'
[2025-11-13 23:33:24Z INFO JobServerQueue] Try to append 1 batches web console lines for record 'c64e0df4-3d1d-418c-a348-1e2daaf50082', success rate: 1/1.
[2025-11-13 23:33:24Z INFO JobServerQueue] Try to append 1 batches web console lines for record 'c64e0df4-3d1d-418c-a348-1e2daaf50082', success rate: 1/1.
[2025-11-13 23:33:24Z INFO JobServerQueue] Try to append 1 batches web console lines for record 'c64e0df4-3d1d-418c-a348-1e2daaf50082', success rate: 1/1.
[2025-11-13 23:33:25Z INFO JobServerQueue] Try to append 1 batches web console lines for record 'c64e0df4-3d1d-418c-a348-1e2daaf50082', success rate: 1/1.
[2025-11-13 23:33:25Z INFO JobServerQueue] Try to append 1 batches web console lines for record 'c64e0df4-3d1d-418c-a348-1e2daaf50082', success rate: 1/1.
[2025-11-13 23:33:25Z INFO JobServerQueue] Try to append 1 batches web console lines for record 'c64e0df4-3d1d-418c-a348-1e2daaf50082', success rate: 1/1.
[2025-11-13 23:33:25Z INFO JobServerQueue] Try to append 1 batches web console lines for record 'c64e0df4-3d1d-418c-a348-1e2daaf50082', success rate: 1/1.
[2025-11-13 23:33:26Z INFO JobServerQueue] Try to append 1 batches web console lines for record 'c64e0df4-3d1d-418c-a348-1e2daaf50082', success rate: 1/1.
[2025-11-13 23:33:26Z INFO JobServerQueue] Try to append 1 batches web console lines for record 'c64e0df4-3d1d-418c-a348-1e2daaf50082', success rate: 1/1.
[2025-11-13 23:33:26Z INFO JobServerQueue] Try to append 1 batches web console lines for record 'c64e0df4-3d1d-418c-a348-1e2daaf50082', success rate: 1/1.
[2025-11-13 23:33:26Z INFO JobServerQueue] Try to append 1 batches web console lines for record 'c64e0df4-3d1d-418c-a348-1e2daaf50082', success rate: 1/1.
[2025-11-13 23:33:29Z INFO JobServerQueue] Try to append 1 batches web console lines for record 'c64e0df4-3d1d-418c-a348-1e2daaf50082', success rate: 1/1.
[2025-11-13 23:33:30Z INFO JobServerQueue] Try to append 1 batches web console lines for record 'c64e0df4-3d1d-418c-a348-1e2daaf50082', success rate: 1/1.
[2025-11-13 23:33:31Z INFO JobServerQueue] Try to append 1 batches web console lines for record 'c64e0df4-3d1d-418c-a348-1e2daaf50082', success rate: 1/1.
[2025-11-13 23:33:31Z INFO JobServerQueue] Try to append 1 batches web console lines for record 'c64e0df4-3d1d-418c-a348-1e2daaf50082', success rate: 1/1.
[2025-11-13 23:33:31Z INFO JobServerQueue] Try to append 1 batches web console lines for record 'c64e0df4-3d1d-418c-a348-1e2daaf50082', success rate: 1/1.
[2025-11-13 23:33:31Z INFO HostContext] Well known directory 'Bin': 'C:\Trabalho\actions-runner\bin'
[2025-11-13 23:33:31Z INFO HostContext] Well known directory 'Root': 'C:\Trabalho\actions-runner'
[2025-11-13 23:33:31Z INFO HostContext] Well known directory 'Work': 'C:\Trabalho\actions-runner\_work'
[2025-11-13 23:33:31Z INFO JobServerQueue] Try to append 1 batches web console lines for record 'c64e0df4-3d1d-418c-a348-1e2daaf50082', success rate: 1/1.
[2025-11-13 23:33:32Z INFO JobServerQueue] Try to append 1 batches web console lines for record 'c64e0df4-3d1d-418c-a348-1e2daaf50082', success rate: 1/1.
[2025-11-13 23:33:32Z INFO JobServerQueue] Try to append 1 batches web console lines for record 'c64e0df4-3d1d-418c-a348-1e2daaf50082', success rate: 1/1.
[2025-11-13 23:33:32Z INFO JobServerQueue] Try to append 1 batches web console lines for record 'c64e0df4-3d1d-418c-a348-1e2daaf50082', success rate: 1/1.
[2025-11-13 23:33:32Z INFO JobServerQueue] Try to append 1 batches web console lines for record 'c64e0df4-3d1d-418c-a348-1e2daaf50082', success rate: 1/1.
[2025-11-13 23:33:33Z INFO JobServerQueue] Try to append 1 batches web console lines for record 'c64e0df4-3d1d-418c-a348-1e2daaf50082', success rate: 1/1.
[2025-11-13 23:33:33Z INFO JobServerQueue] Try to append 1 batches web console lines for record 'c64e0df4-3d1d-418c-a348-1e2daaf50082', success rate: 1/1.
[2025-11-13 23:33:33Z INFO JobServerQueue] Try to append 1 batches web console lines for record 'c64e0df4-3d1d-418c-a348-1e2daaf50082', success rate: 1/1.
[2025-11-13 23:33:33Z INFO JobServerQueue] Try to append 1 batches web console lines for record 'c64e0df4-3d1d-418c-a348-1e2daaf50082', success rate: 1/1.
[2025-11-13 23:33:34Z INFO JobServerQueue] Try to append 1 batches web console lines for record 'c64e0df4-3d1d-418c-a348-1e2daaf50082', success rate: 1/1.
[2025-11-13 23:33:34Z INFO JobServerQueue] Try to append 1 batches web console lines for record 'c64e0df4-3d1d-418c-a348-1e2daaf50082', success rate: 1/1.
[2025-11-13 23:33:34Z INFO ProcessInvokerWrapper] STDOUT/STDERR stream read finished.
[2025-11-13 23:33:34Z INFO ProcessInvokerWrapper] STDOUT/STDERR stream read finished.
[2025-11-13 23:33:34Z INFO ProcessInvokerWrapper] Finished process 5176 with exit code 0, and elapsed time 00:00:52.7130395.
[2025-11-13 23:33:34Z INFO JobServerQueue] Try to append 1 batches web console lines for record 'c64e0df4-3d1d-418c-a348-1e2daaf50082', success rate: 1/1.
[2025-11-13 23:33:34Z INFO CreateStepSummaryCommand] Step Summary file (C:\Trabalho\actions-runner\_work\_temp\_runner_file_commands\step_summary_d1c5f946-72ea-4f3e-8e11-67b0db7d91ce) is empty; skipping attachment upload
[2025-11-13 23:33:34Z INFO StepsRunner] Step result: 
[2025-11-13 23:33:34Z INFO ExecutionContext] Publish step telemetry for current step {
  "action": "actions/checkout",
  "ref": "v4",
  "type": "node20",
  "stage": "Main",
  "stepId": "c64e0df4-3d1d-418c-a348-1e2daaf50082",
  "stepContextName": "__actions_checkout",
  "hasPreStep": false,
  "hasPostStep": true,
  "result": "succeeded",
  "errorMessages": [
    "no submodule mapping found in .gitmodules for path 'actions-runner/_work/Trabalho/Trabalho'",
    "Unable to clean or reset the repository. The repository will be recreated instead."
  ],
  "executionTimeInSeconds": 54,
  "startTime": "2025-11-13T23:32:41.6829434Z",
  "finishTime": "2025-11-13T23:33:34.6871172Z"
}.
[2025-11-13 23:33:34Z INFO StepsRunner] No need for updating job result with current step result 'Succeeded'.
[2025-11-13 23:33:34Z INFO StepsRunner] Current state: job state = ''
[2025-11-13 23:33:34Z INFO StepsRunner] Processing step: DisplayName='Set vars'
[2025-11-13 23:33:34Z INFO StepsRunner] Evaluating: success()
[2025-11-13 23:33:34Z INFO StepsRunner] Result: true
[2025-11-13 23:33:34Z INFO StepsRunner] Starting the step.
[2025-11-13 23:33:34Z INFO HostContext] Well known directory 'Bin': 'C:\Trabalho\actions-runner\bin'
[2025-11-13 23:33:34Z INFO HostContext] Well known directory 'Root': 'C:\Trabalho\actions-runner'
[2025-11-13 23:33:34Z INFO HostContext] Well known directory 'Work': 'C:\Trabalho\actions-runner\_work'
[2025-11-13 23:33:34Z INFO StepsRunner] Which2: 'chcp'
[2025-11-13 23:33:34Z INFO StepsRunner] Location: 'C:\WINDOWS\system32\chcp.COM'
[2025-11-13 23:33:34Z INFO ProcessInvokerWrapper] Starting process:
[2025-11-13 23:33:34Z INFO ProcessInvokerWrapper]   File name: 'C:\WINDOWS\system32\chcp.COM'
[2025-11-13 23:33:34Z INFO ProcessInvokerWrapper]   Arguments: '65001'
[2025-11-13 23:33:34Z INFO ProcessInvokerWrapper]   Working directory: 'C:\Trabalho\actions-runner\_work'
[2025-11-13 23:33:34Z INFO ProcessInvokerWrapper]   Require exit code zero: 'False'
[2025-11-13 23:33:34Z INFO ProcessInvokerWrapper]   Encoding web name:  ; code page: ''
[2025-11-13 23:33:34Z INFO ProcessInvokerWrapper]   Force kill process on cancellation: 'False'
[2025-11-13 23:33:34Z INFO ProcessInvokerWrapper]   Redirected STDIN: 'False'
[2025-11-13 23:33:34Z INFO ProcessInvokerWrapper]   Persist current code page: 'True'
[2025-11-13 23:33:34Z INFO ProcessInvokerWrapper]   Keep redirected STDIN open: 'False'
[2025-11-13 23:33:34Z INFO ProcessInvokerWrapper]   High priority process: 'False'
[2025-11-13 23:33:34Z INFO ProcessInvokerWrapper] Process started with process id 15004, waiting for process exit.
[2025-11-13 23:33:34Z INFO ProcessInvokerWrapper] STDOUT/STDERR stream read finished.
[2025-11-13 23:33:34Z INFO ProcessInvokerWrapper] STDOUT/STDERR stream read finished.
[2025-11-13 23:33:34Z INFO ProcessInvokerWrapper] Finished process 15004 with exit code 0, and elapsed time 00:00:00.0596919.
[2025-11-13 23:33:34Z INFO StepsRunner] Successfully returned to code page 65001 (UTF8)
[2025-11-13 23:33:34Z INFO HostContext] Well known directory 'Bin': 'C:\Trabalho\actions-runner\bin'
[2025-11-13 23:33:34Z INFO HostContext] Well known directory 'Root': 'C:\Trabalho\actions-runner'
[2025-11-13 23:33:34Z INFO HostContext] Well known directory 'Work': 'C:\Trabalho\actions-runner\_work'
[2025-11-13 23:33:34Z INFO HostContext] Well known directory 'Temp': 'C:\Trabalho\actions-runner\_work\_temp'
[2025-11-13 23:33:34Z INFO ExecutionContext] Write event payload to C:\Trabalho\actions-runner\_work\_temp\_github_workflow\event.json
[2025-11-13 23:33:34Z INFO HostContext] Well known directory 'Bin': 'C:\Trabalho\actions-runner\bin'
[2025-11-13 23:33:34Z INFO HostContext] Well known directory 'Root': 'C:\Trabalho\actions-runner'
[2025-11-13 23:33:34Z INFO HostContext] Well known directory 'Work': 'C:\Trabalho\actions-runner\_work'
[2025-11-13 23:33:34Z INFO HostContext] Well known directory 'Temp': 'C:\Trabalho\actions-runner\_work\_temp'
[2025-11-13 23:33:34Z INFO ExtensionManager] Getting extensions for interface: 'GitHub.Runner.Worker.IFileCommandExtension'
[2025-11-13 23:33:34Z INFO ExtensionManager] Getting extensions for interface: 'GitHub.Runner.Worker.IActionCommandExtension'
[2025-11-13 23:33:34Z INFO ActionCommandManager] Register action command extension for command internal-set-repo-path
[2025-11-13 23:33:34Z INFO ActionCommandManager] Register action command extension for command set-env
[2025-11-13 23:33:34Z INFO ActionCommandManager] Register action command extension for command set-output
[2025-11-13 23:33:34Z INFO ActionCommandManager] Register action command extension for command save-state
[2025-11-13 23:33:34Z INFO ActionCommandManager] Register action command extension for command add-path
[2025-11-13 23:33:34Z INFO ActionCommandManager] Register action command extension for command add-mask
[2025-11-13 23:33:34Z INFO ActionCommandManager] Register action command extension for command add-matcher
[2025-11-13 23:33:34Z INFO ActionCommandManager] Register action command extension for command remove-matcher
[2025-11-13 23:33:34Z INFO ActionCommandManager] Register action command extension for command warning
[2025-11-13 23:33:34Z INFO ActionCommandManager] Register action command extension for command error
[2025-11-13 23:33:34Z INFO ActionCommandManager] Register action command extension for command notice
[2025-11-13 23:33:34Z INFO ActionCommandManager] Register action command extension for command debug
[2025-11-13 23:33:34Z INFO ActionCommandManager] Register action command extension for command group
[2025-11-13 23:33:34Z INFO ActionCommandManager] Register action command extension for command endgroup
[2025-11-13 23:33:34Z INFO ActionCommandManager] Register action command extension for command echo
[2025-11-13 23:33:34Z INFO ScriptHandler] Which2: 'powershell'
[2025-11-13 23:33:34Z INFO ScriptHandler] Location: 'C:\WINDOWS\System32\WindowsPowerShell\v1.0\powershell.EXE'
[2025-11-13 23:33:34Z INFO HostContext] Well known directory 'Bin': 'C:\Trabalho\actions-runner\bin'
[2025-11-13 23:33:34Z INFO HostContext] Well known directory 'Root': 'C:\Trabalho\actions-runner'
[2025-11-13 23:33:34Z INFO HostContext] Well known directory 'Work': 'C:\Trabalho\actions-runner\_work'
[2025-11-13 23:33:34Z INFO HostContext] Well known directory 'Temp': 'C:\Trabalho\actions-runner\_work\_temp'
[2025-11-13 23:33:34Z INFO ScriptHandler] Which2: 'powershell'
[2025-11-13 23:33:34Z INFO ScriptHandler] Location: 'C:\WINDOWS\System32\WindowsPowerShell\v1.0\powershell.EXE'
[2025-11-13 23:33:34Z INFO ProcessInvokerWrapper] Starting process:
[2025-11-13 23:33:34Z INFO ProcessInvokerWrapper]   File name: 'C:\WINDOWS\System32\WindowsPowerShell\v1.0\powershell.EXE'
[2025-11-13 23:33:34Z INFO ProcessInvokerWrapper]   Arguments: '-command ". 'C:\Trabalho\actions-runner\_work\_temp\7dd97763-01c6-4f25-9911-d633919b74df.ps1'"'
[2025-11-13 23:33:34Z INFO ProcessInvokerWrapper]   Working directory: 'C:\Trabalho\actions-runner\_work\Trabalho\Trabalho'
[2025-11-13 23:33:34Z INFO ProcessInvokerWrapper]   Require exit code zero: 'False'
[2025-11-13 23:33:34Z INFO ProcessInvokerWrapper]   Encoding web name:  ; code page: ''
[2025-11-13 23:33:34Z INFO ProcessInvokerWrapper]   Force kill process on cancellation: 'False'
[2025-11-13 23:33:34Z INFO ProcessInvokerWrapper]   Redirected STDIN: 'False'
[2025-11-13 23:33:34Z INFO ProcessInvokerWrapper]   Persist current code page: 'True'
[2025-11-13 23:33:34Z INFO ProcessInvokerWrapper]   Keep redirected STDIN open: 'False'
[2025-11-13 23:33:34Z INFO ProcessInvokerWrapper]   High priority process: 'False'
[2025-11-13 23:33:34Z INFO ProcessInvokerWrapper] Process started with process id 7400, waiting for process exit.
[2025-11-13 23:33:34Z INFO JobServerQueue] Try to append 1 batches web console lines for record '36f7095e-8436-4ec4-9d93-c767bd6812fe', success rate: 1/1.
[2025-11-13 23:33:35Z INFO JobServerQueue] Try to upload 1 log files or attachments, success rate: 1/1.
[2025-11-13 23:33:35Z INFO JobServerQueue] Got a step log file to send to results service.
[2025-11-13 23:33:35Z INFO JobServerQueue] Starting upload of step log file to results service ResultsLog, C:\Trabalho\actions-runner\_diag\blocks\6cc9bd11-139b-40d0-af12-69612d7f06be_c64e0df4-3d1d-418c-a348-1e2daaf50082.1
[2025-11-13 23:33:35Z INFO JobServerQueue] Tried to upload 1 file(s) to results, success rate: 1/1.
[2025-11-13 23:33:36Z INFO ProcessInvokerWrapper] STDOUT/STDERR stream read finished.
[2025-11-13 23:33:36Z INFO ProcessInvokerWrapper] STDOUT/STDERR stream read finished.
[2025-11-13 23:33:36Z INFO ProcessInvokerWrapper] Finished process 7400 with exit code 0, and elapsed time 00:00:01.4210973.
[2025-11-13 23:33:36Z INFO CreateStepSummaryCommand] Step Summary file (C:\Trabalho\actions-runner\_work\_temp\_runner_file_commands\step_summary_8cd82ebb-3279-43fe-b8ca-fec7f9938c54) is empty; skipping attachment upload
[2025-11-13 23:33:36Z INFO StepsRunner] Step result: 
[2025-11-13 23:33:36Z INFO ExecutionContext] Publish step telemetry for current step {
  "action": "powershell",
  "type": "run",
  "stage": "Main",
  "stepId": "36f7095e-8436-4ec4-9d93-c767bd6812fe",
  "stepContextName": "vars",
  "result": "succeeded",
  "errorMessages": [],
  "executionTimeInSeconds": 2,
  "startTime": "2025-11-13T23:33:34.693293Z",
  "finishTime": "2025-11-13T23:33:36.2722948Z"
}.
[2025-11-13 23:33:36Z INFO StepsRunner] No need for updating job result with current step result 'Succeeded'.
[2025-11-13 23:33:36Z INFO StepsRunner] Current state: job state = ''
[2025-11-13 23:33:36Z INFO StepsRunner] Processing step: DisplayName='Ensure kubectl'
[2025-11-13 23:33:36Z INFO StepsRunner] Evaluating: success()
[2025-11-13 23:33:36Z INFO StepsRunner] Result: true
[2025-11-13 23:33:36Z INFO StepsRunner] Starting the step.
[2025-11-13 23:33:36Z INFO HostContext] Well known directory 'Bin': 'C:\Trabalho\actions-runner\bin'
[2025-11-13 23:33:36Z INFO HostContext] Well known directory 'Root': 'C:\Trabalho\actions-runner'
[2025-11-13 23:33:36Z INFO HostContext] Well known directory 'Work': 'C:\Trabalho\actions-runner\_work'
[2025-11-13 23:33:36Z INFO StepsRunner] Which2: 'chcp'
[2025-11-13 23:33:36Z INFO StepsRunner] Location: 'C:\WINDOWS\system32\chcp.COM'
[2025-11-13 23:33:36Z INFO ProcessInvokerWrapper] Starting process:
[2025-11-13 23:33:36Z INFO ProcessInvokerWrapper]   File name: 'C:\WINDOWS\system32\chcp.COM'
[2025-11-13 23:33:36Z INFO ProcessInvokerWrapper]   Arguments: '65001'
[2025-11-13 23:33:36Z INFO ProcessInvokerWrapper]   Working directory: 'C:\Trabalho\actions-runner\_work'
[2025-11-13 23:33:36Z INFO ProcessInvokerWrapper]   Require exit code zero: 'False'
[2025-11-13 23:33:36Z INFO ProcessInvokerWrapper]   Encoding web name:  ; code page: ''
[2025-11-13 23:33:36Z INFO ProcessInvokerWrapper]   Force kill process on cancellation: 'False'
[2025-11-13 23:33:36Z INFO ProcessInvokerWrapper]   Redirected STDIN: 'False'
[2025-11-13 23:33:36Z INFO ProcessInvokerWrapper]   Persist current code page: 'True'
[2025-11-13 23:33:36Z INFO ProcessInvokerWrapper]   Keep redirected STDIN open: 'False'
[2025-11-13 23:33:36Z INFO ProcessInvokerWrapper]   High priority process: 'False'
[2025-11-13 23:33:36Z INFO ProcessInvokerWrapper] Process started with process id 20196, waiting for process exit.
[2025-11-13 23:33:36Z INFO ProcessInvokerWrapper] STDOUT/STDERR stream read finished.
[2025-11-13 23:33:36Z INFO ProcessInvokerWrapper] STDOUT/STDERR stream read finished.
[2025-11-13 23:33:36Z INFO ProcessInvokerWrapper] Finished process 20196 with exit code 0, and elapsed time 00:00:00.0267839.
[2025-11-13 23:33:36Z INFO StepsRunner] Successfully returned to code page 65001 (UTF8)
[2025-11-13 23:33:36Z INFO HostContext] Well known directory 'Bin': 'C:\Trabalho\actions-runner\bin'
[2025-11-13 23:33:36Z INFO HostContext] Well known directory 'Root': 'C:\Trabalho\actions-runner'
[2025-11-13 23:33:36Z INFO HostContext] Well known directory 'Work': 'C:\Trabalho\actions-runner\_work'
[2025-11-13 23:33:36Z INFO HostContext] Well known directory 'Temp': 'C:\Trabalho\actions-runner\_work\_temp'
[2025-11-13 23:33:36Z INFO ExecutionContext] Write event payload to C:\Trabalho\actions-runner\_work\_temp\_github_workflow\event.json
[2025-11-13 23:33:36Z INFO HostContext] Well known directory 'Bin': 'C:\Trabalho\actions-runner\bin'
[2025-11-13 23:33:36Z INFO HostContext] Well known directory 'Root': 'C:\Trabalho\actions-runner'
[2025-11-13 23:33:36Z INFO HostContext] Well known directory 'Work': 'C:\Trabalho\actions-runner\_work'
[2025-11-13 23:33:36Z INFO HostContext] Well known directory 'Temp': 'C:\Trabalho\actions-runner\_work\_temp'
[2025-11-13 23:33:36Z INFO ExtensionManager] Getting extensions for interface: 'GitHub.Runner.Worker.IFileCommandExtension'
[2025-11-13 23:33:36Z INFO ExtensionManager] Getting extensions for interface: 'GitHub.Runner.Worker.IActionCommandExtension'
[2025-11-13 23:33:36Z INFO ActionCommandManager] Register action command extension for command internal-set-repo-path
[2025-11-13 23:33:36Z INFO ActionCommandManager] Register action command extension for command set-env
[2025-11-13 23:33:36Z INFO ActionCommandManager] Register action command extension for command set-output
[2025-11-13 23:33:36Z INFO ActionCommandManager] Register action command extension for command save-state
[2025-11-13 23:33:36Z INFO ActionCommandManager] Register action command extension for command add-path
[2025-11-13 23:33:36Z INFO ActionCommandManager] Register action command extension for command add-mask
[2025-11-13 23:33:36Z INFO ActionCommandManager] Register action command extension for command add-matcher
[2025-11-13 23:33:36Z INFO ActionCommandManager] Register action command extension for command remove-matcher
[2025-11-13 23:33:36Z INFO ActionCommandManager] Register action command extension for command warning
[2025-11-13 23:33:36Z INFO ActionCommandManager] Register action command extension for command error
[2025-11-13 23:33:36Z INFO ActionCommandManager] Register action command extension for command notice
[2025-11-13 23:33:36Z INFO ActionCommandManager] Register action command extension for command debug
[2025-11-13 23:33:36Z INFO ActionCommandManager] Register action command extension for command group
[2025-11-13 23:33:36Z INFO ActionCommandManager] Register action command extension for command endgroup
[2025-11-13 23:33:36Z INFO ActionCommandManager] Register action command extension for command echo
[2025-11-13 23:33:36Z INFO ScriptHandler] Which2: 'powershell'
[2025-11-13 23:33:36Z INFO JobServerQueue] Try to upload 1 log files or attachments, success rate: 1/1.
[2025-11-13 23:33:36Z INFO ScriptHandler] Location: 'C:\WINDOWS\System32\WindowsPowerShell\v1.0\powershell.EXE'
[2025-11-13 23:33:36Z INFO HostContext] Well known directory 'Bin': 'C:\Trabalho\actions-runner\bin'
[2025-11-13 23:33:36Z INFO HostContext] Well known directory 'Root': 'C:\Trabalho\actions-runner'
[2025-11-13 23:33:36Z INFO HostContext] Well known directory 'Work': 'C:\Trabalho\actions-runner\_work'
[2025-11-13 23:33:36Z INFO HostContext] Well known directory 'Temp': 'C:\Trabalho\actions-runner\_work\_temp'
[2025-11-13 23:33:36Z INFO ScriptHandler] Which2: 'powershell'
[2025-11-13 23:33:36Z INFO ScriptHandler] Location: 'C:\WINDOWS\System32\WindowsPowerShell\v1.0\powershell.EXE'
[2025-11-13 23:33:36Z INFO ProcessInvokerWrapper] Starting process:
[2025-11-13 23:33:36Z INFO ProcessInvokerWrapper]   File name: 'C:\WINDOWS\System32\WindowsPowerShell\v1.0\powershell.EXE'
[2025-11-13 23:33:36Z INFO ProcessInvokerWrapper]   Arguments: '-command ". 'C:\Trabalho\actions-runner\_work\_temp\92041852-3b1f-4f05-9918-2ff014f57205.ps1'"'
[2025-11-13 23:33:36Z INFO ProcessInvokerWrapper]   Working directory: 'C:\Trabalho\actions-runner\_work\Trabalho\Trabalho'
[2025-11-13 23:33:36Z INFO ProcessInvokerWrapper]   Require exit code zero: 'False'
[2025-11-13 23:33:36Z INFO ProcessInvokerWrapper]   Encoding web name:  ; code page: ''
[2025-11-13 23:33:36Z INFO ProcessInvokerWrapper]   Force kill process on cancellation: 'False'
[2025-11-13 23:33:36Z INFO ProcessInvokerWrapper]   Redirected STDIN: 'False'
[2025-11-13 23:33:36Z INFO ProcessInvokerWrapper]   Persist current code page: 'True'
[2025-11-13 23:33:36Z INFO ProcessInvokerWrapper]   Keep redirected STDIN open: 'False'
[2025-11-13 23:33:36Z INFO ProcessInvokerWrapper]   High priority process: 'False'
[2025-11-13 23:33:36Z INFO ProcessInvokerWrapper] Process started with process id 13164, waiting for process exit.
[2025-11-13 23:33:36Z INFO JobServerQueue] Try to append 1 batches web console lines for record '7b829f92-1919-44df-8fac-f620acf28acf', success rate: 1/1.
[2025-11-13 23:33:36Z INFO JobServerQueue] Got a step log file to send to results service.
[2025-11-13 23:33:36Z INFO JobServerQueue] Starting upload of step log file to results service ResultsLog, C:\Trabalho\actions-runner\_diag\blocks\6cc9bd11-139b-40d0-af12-69612d7f06be_36f7095e-8436-4ec4-9d93-c767bd6812fe.1
[2025-11-13 23:33:37Z INFO JobServerQueue] Try to append 1 batches web console lines for record '7b829f92-1919-44df-8fac-f620acf28acf', success rate: 1/1.
[2025-11-13 23:33:37Z INFO ProcessInvokerWrapper] STDOUT/STDERR stream read finished.
[2025-11-13 23:33:37Z INFO ProcessInvokerWrapper] STDOUT/STDERR stream read finished.
[2025-11-13 23:33:37Z INFO ProcessInvokerWrapper] Finished process 13164 with exit code 0, and elapsed time 00:00:00.9552249.
[2025-11-13 23:33:37Z INFO CreateStepSummaryCommand] Step Summary file (C:\Trabalho\actions-runner\_work\_temp\_runner_file_commands\step_summary_d7bd7d23-ac21-4c7f-93be-061afac3a5d9) is empty; skipping attachment upload
[2025-11-13 23:33:37Z INFO StepsRunner] Step result: 
[2025-11-13 23:33:37Z INFO ExecutionContext] Publish step telemetry for current step {
  "action": "powershell",
  "type": "run",
  "stage": "Main",
  "stepId": "7b829f92-1919-44df-8fac-f620acf28acf",
  "stepContextName": "__run",
  "result": "succeeded",
  "errorMessages": [],
  "executionTimeInSeconds": 2,
  "startTime": "2025-11-13T23:33:36.2753744Z",
  "finishTime": "2025-11-13T23:33:37.3016122Z"
}.
[2025-11-13 23:33:37Z INFO StepsRunner] No need for updating job result with current step result 'Succeeded'.
[2025-11-13 23:33:37Z INFO StepsRunner] Current state: job state = ''
[2025-11-13 23:33:37Z INFO StepsRunner] Processing step: DisplayName='Ensure Minikube running'
[2025-11-13 23:33:37Z INFO StepsRunner] Evaluating: success()
[2025-11-13 23:33:37Z INFO StepsRunner] Result: true
[2025-11-13 23:33:37Z INFO StepsRunner] Starting the step.
[2025-11-13 23:33:37Z INFO HostContext] Well known directory 'Bin': 'C:\Trabalho\actions-runner\bin'
[2025-11-13 23:33:37Z INFO HostContext] Well known directory 'Root': 'C:\Trabalho\actions-runner'
[2025-11-13 23:33:37Z INFO HostContext] Well known directory 'Work': 'C:\Trabalho\actions-runner\_work'
[2025-11-13 23:33:37Z INFO StepsRunner] Which2: 'chcp'
[2025-11-13 23:33:37Z INFO StepsRunner] Location: 'C:\WINDOWS\system32\chcp.COM'
[2025-11-13 23:33:37Z INFO ProcessInvokerWrapper] Starting process:
[2025-11-13 23:33:37Z INFO ProcessInvokerWrapper]   File name: 'C:\WINDOWS\system32\chcp.COM'
[2025-11-13 23:33:37Z INFO ProcessInvokerWrapper]   Arguments: '65001'
[2025-11-13 23:33:37Z INFO ProcessInvokerWrapper]   Working directory: 'C:\Trabalho\actions-runner\_work'
[2025-11-13 23:33:37Z INFO ProcessInvokerWrapper]   Require exit code zero: 'False'
[2025-11-13 23:33:37Z INFO ProcessInvokerWrapper]   Encoding web name:  ; code page: ''
[2025-11-13 23:33:37Z INFO ProcessInvokerWrapper]   Force kill process on cancellation: 'False'
[2025-11-13 23:33:37Z INFO ProcessInvokerWrapper]   Redirected STDIN: 'False'
[2025-11-13 23:33:37Z INFO ProcessInvokerWrapper]   Persist current code page: 'True'
[2025-11-13 23:33:37Z INFO ProcessInvokerWrapper]   Keep redirected STDIN open: 'False'
[2025-11-13 23:33:37Z INFO ProcessInvokerWrapper]   High priority process: 'False'
[2025-11-13 23:33:37Z INFO ProcessInvokerWrapper] Process started with process id 7708, waiting for process exit.
[2025-11-13 23:33:37Z INFO JobServerQueue] Try to upload 1 log files or attachments, success rate: 1/1.
[2025-11-13 23:33:37Z INFO ProcessInvokerWrapper] STDOUT/STDERR stream read finished.
[2025-11-13 23:33:37Z INFO ProcessInvokerWrapper] STDOUT/STDERR stream read finished.
[2025-11-13 23:33:37Z INFO ProcessInvokerWrapper] Finished process 7708 with exit code 0, and elapsed time 00:00:00.0266174.
[2025-11-13 23:33:37Z INFO StepsRunner] Successfully returned to code page 65001 (UTF8)
[2025-11-13 23:33:37Z INFO HostContext] Well known directory 'Bin': 'C:\Trabalho\actions-runner\bin'
[2025-11-13 23:33:37Z INFO HostContext] Well known directory 'Root': 'C:\Trabalho\actions-runner'
[2025-11-13 23:33:37Z INFO HostContext] Well known directory 'Work': 'C:\Trabalho\actions-runner\_work'
[2025-11-13 23:33:37Z INFO HostContext] Well known directory 'Temp': 'C:\Trabalho\actions-runner\_work\_temp'
[2025-11-13 23:33:37Z INFO ExecutionContext] Write event payload to C:\Trabalho\actions-runner\_work\_temp\_github_workflow\event.json
[2025-11-13 23:33:37Z INFO HostContext] Well known directory 'Bin': 'C:\Trabalho\actions-runner\bin'
[2025-11-13 23:33:37Z INFO HostContext] Well known directory 'Root': 'C:\Trabalho\actions-runner'
[2025-11-13 23:33:37Z INFO HostContext] Well known directory 'Work': 'C:\Trabalho\actions-runner\_work'
[2025-11-13 23:33:37Z INFO HostContext] Well known directory 'Temp': 'C:\Trabalho\actions-runner\_work\_temp'
[2025-11-13 23:33:37Z INFO ExtensionManager] Getting extensions for interface: 'GitHub.Runner.Worker.IFileCommandExtension'
[2025-11-13 23:33:37Z INFO ExtensionManager] Getting extensions for interface: 'GitHub.Runner.Worker.IActionCommandExtension'
[2025-11-13 23:33:37Z INFO ActionCommandManager] Register action command extension for command internal-set-repo-path
[2025-11-13 23:33:37Z INFO ActionCommandManager] Register action command extension for command set-env
[2025-11-13 23:33:37Z INFO ActionCommandManager] Register action command extension for command set-output
[2025-11-13 23:33:37Z INFO ActionCommandManager] Register action command extension for command save-state
[2025-11-13 23:33:37Z INFO ActionCommandManager] Register action command extension for command add-path
[2025-11-13 23:33:37Z INFO ActionCommandManager] Register action command extension for command add-mask
[2025-11-13 23:33:37Z INFO ActionCommandManager] Register action command extension for command add-matcher
[2025-11-13 23:33:37Z INFO ActionCommandManager] Register action command extension for command remove-matcher
[2025-11-13 23:33:37Z INFO ActionCommandManager] Register action command extension for command warning
[2025-11-13 23:33:37Z INFO ActionCommandManager] Register action command extension for command error
[2025-11-13 23:33:37Z INFO ActionCommandManager] Register action command extension for command notice
[2025-11-13 23:33:37Z INFO ActionCommandManager] Register action command extension for command debug
[2025-11-13 23:33:37Z INFO ActionCommandManager] Register action command extension for command group
[2025-11-13 23:33:37Z INFO ActionCommandManager] Register action command extension for command endgroup
[2025-11-13 23:33:37Z INFO ActionCommandManager] Register action command extension for command echo
[2025-11-13 23:33:37Z INFO ScriptHandler] Which2: 'powershell'
[2025-11-13 23:33:37Z INFO ScriptHandler] Location: 'C:\WINDOWS\System32\WindowsPowerShell\v1.0\powershell.EXE'
[2025-11-13 23:33:37Z INFO HostContext] Well known directory 'Bin': 'C:\Trabalho\actions-runner\bin'
[2025-11-13 23:33:37Z INFO HostContext] Well known directory 'Root': 'C:\Trabalho\actions-runner'
[2025-11-13 23:33:37Z INFO HostContext] Well known directory 'Work': 'C:\Trabalho\actions-runner\_work'
[2025-11-13 23:33:37Z INFO HostContext] Well known directory 'Temp': 'C:\Trabalho\actions-runner\_work\_temp'
[2025-11-13 23:33:37Z INFO ScriptHandler] Which2: 'powershell'
[2025-11-13 23:33:37Z INFO ScriptHandler] Location: 'C:\WINDOWS\System32\WindowsPowerShell\v1.0\powershell.EXE'
[2025-11-13 23:33:37Z INFO ProcessInvokerWrapper] Starting process:
[2025-11-13 23:33:37Z INFO ProcessInvokerWrapper]   File name: 'C:\WINDOWS\System32\WindowsPowerShell\v1.0\powershell.EXE'
[2025-11-13 23:33:37Z INFO ProcessInvokerWrapper]   Arguments: '-command ". 'C:\Trabalho\actions-runner\_work\_temp\1d246a1e-8ecd-4bd6-baa9-dd35a0547d84.ps1'"'
[2025-11-13 23:33:37Z INFO ProcessInvokerWrapper]   Working directory: 'C:\Trabalho\actions-runner\_work\Trabalho\Trabalho'
[2025-11-13 23:33:37Z INFO ProcessInvokerWrapper]   Require exit code zero: 'False'
[2025-11-13 23:33:37Z INFO ProcessInvokerWrapper]   Encoding web name:  ; code page: ''
[2025-11-13 23:33:37Z INFO ProcessInvokerWrapper]   Force kill process on cancellation: 'False'
[2025-11-13 23:33:37Z INFO ProcessInvokerWrapper]   Redirected STDIN: 'False'
[2025-11-13 23:33:37Z INFO ProcessInvokerWrapper]   Persist current code page: 'True'
[2025-11-13 23:33:37Z INFO ProcessInvokerWrapper]   Keep redirected STDIN open: 'False'
[2025-11-13 23:33:37Z INFO ProcessInvokerWrapper]   High priority process: 'False'
[2025-11-13 23:33:37Z INFO JobServerQueue] Tried to upload 1 file(s) to results, success rate: 1/1.
[2025-11-13 23:33:37Z INFO ProcessInvokerWrapper] Process started with process id 13092, waiting for process exit.
[2025-11-13 23:33:37Z INFO JobServerQueue] Try to append 1 batches web console lines for record 'aa866b4a-17d1-4608-be02-4237c655c746', success rate: 1/1.
[2025-11-13 23:33:38Z INFO JobServerQueue] Got a step log file to send to results service.
[2025-11-13 23:33:38Z INFO JobServerQueue] Starting upload of step log file to results service ResultsLog, C:\Trabalho\actions-runner\_diag\blocks\6cc9bd11-139b-40d0-af12-69612d7f06be_7b829f92-1919-44df-8fac-f620acf28acf.1
[2025-11-13 23:33:38Z INFO JobServerQueue] Tried to upload 1 file(s) to results, success rate: 1/1.
[2025-11-13 23:33:40Z INFO JobServerQueue] Try to append 1 batches web console lines for record 'aa866b4a-17d1-4608-be02-4237c655c746', success rate: 1/1.
[2025-11-13 23:33:41Z INFO JobServerQueue] Stop aggressive process web console line queue.
[2025-11-13 23:33:41Z INFO JobServerQueue] Try to append 1 batches web console lines for record 'aa866b4a-17d1-4608-be02-4237c655c746', success rate: 1/1.
[2025-11-13 23:33:41Z INFO ProcessInvokerWrapper] STDOUT/STDERR stream read finished.
[2025-11-13 23:33:41Z INFO ProcessInvokerWrapper] STDOUT/STDERR stream read finished.
[2025-11-13 23:33:41Z INFO ProcessInvokerWrapper] Finished process 13092 with exit code 0, and elapsed time 00:00:04.2603033.
[2025-11-13 23:33:41Z INFO CreateStepSummaryCommand] Step Summary file (C:\Trabalho\actions-runner\_work\_temp\_runner_file_commands\step_summary_18950bf4-f5d9-4eb1-831c-6f8ac166b90f) is empty; skipping attachment upload
[2025-11-13 23:33:41Z INFO StepsRunner] Step result: 
[2025-11-13 23:33:41Z INFO JobServerQueue] Try to append 1 batches web console lines for record 'aa866b4a-17d1-4608-be02-4237c655c746', success rate: 1/1.
[2025-11-13 23:33:41Z INFO ExecutionContext] Publish step telemetry for current step {
  "action": "powershell",
  "type": "run",
  "stage": "Main",
  "stepId": "aa866b4a-17d1-4608-be02-4237c655c746",
  "stepContextName": "__run_2",
  "result": "succeeded",
  "errorMessages": [],
  "executionTimeInSeconds": 5,
  "startTime": "2025-11-13T23:33:37.308435Z",
  "finishTime": "2025-11-13T23:33:41.6425119Z"
}.
[2025-11-13 23:33:41Z INFO StepsRunner] No need for updating job result with current step result 'Succeeded'.
[2025-11-13 23:33:41Z INFO StepsRunner] Current state: job state = ''
[2025-11-13 23:33:41Z INFO StepsRunner] Processing step: DisplayName='Wait for API server (healthz)'
[2025-11-13 23:33:41Z INFO StepsRunner] Evaluating: success()
[2025-11-13 23:33:41Z INFO StepsRunner] Result: true
[2025-11-13 23:33:41Z INFO StepsRunner] Starting the step.
[2025-11-13 23:33:41Z INFO HostContext] Well known directory 'Bin': 'C:\Trabalho\actions-runner\bin'
[2025-11-13 23:33:41Z INFO HostContext] Well known directory 'Root': 'C:\Trabalho\actions-runner'
[2025-11-13 23:33:41Z INFO HostContext] Well known directory 'Work': 'C:\Trabalho\actions-runner\_work'
[2025-11-13 23:33:41Z INFO StepsRunner] Which2: 'chcp'
[2025-11-13 23:33:41Z INFO StepsRunner] Location: 'C:\WINDOWS\system32\chcp.COM'
[2025-11-13 23:33:41Z INFO ProcessInvokerWrapper] Starting process:
[2025-11-13 23:33:41Z INFO ProcessInvokerWrapper]   File name: 'C:\WINDOWS\system32\chcp.COM'
[2025-11-13 23:33:41Z INFO ProcessInvokerWrapper]   Arguments: '65001'
[2025-11-13 23:33:41Z INFO ProcessInvokerWrapper]   Working directory: 'C:\Trabalho\actions-runner\_work'
[2025-11-13 23:33:41Z INFO ProcessInvokerWrapper]   Require exit code zero: 'False'
[2025-11-13 23:33:41Z INFO ProcessInvokerWrapper]   Encoding web name:  ; code page: ''
[2025-11-13 23:33:41Z INFO ProcessInvokerWrapper]   Force kill process on cancellation: 'False'
[2025-11-13 23:33:41Z INFO ProcessInvokerWrapper]   Redirected STDIN: 'False'
[2025-11-13 23:33:41Z INFO ProcessInvokerWrapper]   Persist current code page: 'True'
[2025-11-13 23:33:41Z INFO ProcessInvokerWrapper]   Keep redirected STDIN open: 'False'
[2025-11-13 23:33:41Z INFO ProcessInvokerWrapper]   High priority process: 'False'
[2025-11-13 23:33:41Z INFO ProcessInvokerWrapper] Process started with process id 10544, waiting for process exit.
[2025-11-13 23:33:41Z INFO ProcessInvokerWrapper] STDOUT/STDERR stream read finished.
[2025-11-13 23:33:41Z INFO ProcessInvokerWrapper] STDOUT/STDERR stream read finished.
[2025-11-13 23:33:41Z INFO ProcessInvokerWrapper] Finished process 10544 with exit code 0, and elapsed time 00:00:00.0314245.
[2025-11-13 23:33:41Z INFO StepsRunner] Successfully returned to code page 65001 (UTF8)
[2025-11-13 23:33:41Z INFO HostContext] Well known directory 'Bin': 'C:\Trabalho\actions-runner\bin'
[2025-11-13 23:33:41Z INFO HostContext] Well known directory 'Root': 'C:\Trabalho\actions-runner'
[2025-11-13 23:33:41Z INFO HostContext] Well known directory 'Work': 'C:\Trabalho\actions-runner\_work'
[2025-11-13 23:33:41Z INFO HostContext] Well known directory 'Temp': 'C:\Trabalho\actions-runner\_work\_temp'
[2025-11-13 23:33:41Z INFO ExecutionContext] Write event payload to C:\Trabalho\actions-runner\_work\_temp\_github_workflow\event.json
[2025-11-13 23:33:41Z INFO HostContext] Well known directory 'Bin': 'C:\Trabalho\actions-runner\bin'
[2025-11-13 23:33:41Z INFO HostContext] Well known directory 'Root': 'C:\Trabalho\actions-runner'
[2025-11-13 23:33:41Z INFO HostContext] Well known directory 'Work': 'C:\Trabalho\actions-runner\_work'
[2025-11-13 23:33:41Z INFO HostContext] Well known directory 'Temp': 'C:\Trabalho\actions-runner\_work\_temp'
[2025-11-13 23:33:41Z INFO ExtensionManager] Getting extensions for interface: 'GitHub.Runner.Worker.IFileCommandExtension'
[2025-11-13 23:33:41Z INFO ExtensionManager] Getting extensions for interface: 'GitHub.Runner.Worker.IActionCommandExtension'
[2025-11-13 23:33:41Z INFO ActionCommandManager] Register action command extension for command internal-set-repo-path
[2025-11-13 23:33:41Z INFO ActionCommandManager] Register action command extension for command set-env
[2025-11-13 23:33:41Z INFO ActionCommandManager] Register action command extension for command set-output
[2025-11-13 23:33:41Z INFO ActionCommandManager] Register action command extension for command save-state
[2025-11-13 23:33:41Z INFO ActionCommandManager] Register action command extension for command add-path
[2025-11-13 23:33:41Z INFO ActionCommandManager] Register action command extension for command add-mask
[2025-11-13 23:33:41Z INFO ActionCommandManager] Register action command extension for command add-matcher
[2025-11-13 23:33:41Z INFO ActionCommandManager] Register action command extension for command remove-matcher
[2025-11-13 23:33:41Z INFO ActionCommandManager] Register action command extension for command warning
[2025-11-13 23:33:41Z INFO ActionCommandManager] Register action command extension for command error
[2025-11-13 23:33:41Z INFO ActionCommandManager] Register action command extension for command notice
[2025-11-13 23:33:41Z INFO ActionCommandManager] Register action command extension for command debug
[2025-11-13 23:33:41Z INFO ActionCommandManager] Register action command extension for command group
[2025-11-13 23:33:41Z INFO ActionCommandManager] Register action command extension for command endgroup
[2025-11-13 23:33:41Z INFO ActionCommandManager] Register action command extension for command echo
[2025-11-13 23:33:41Z INFO HostContext] Well known directory 'Bin': 'C:\Trabalho\actions-runner\bin'
[2025-11-13 23:33:41Z INFO HostContext] Well known directory 'Root': 'C:\Trabalho\actions-runner'
[2025-11-13 23:33:41Z INFO HostContext] Well known directory 'Work': 'C:\Trabalho\actions-runner\_work'
[2025-11-13 23:33:41Z INFO ScriptHandler] Which2: 'powershell'
[2025-11-13 23:33:41Z INFO ScriptHandler] Location: 'C:\WINDOWS\System32\WindowsPowerShell\v1.0\powershell.EXE'
[2025-11-13 23:33:41Z INFO HostContext] Well known directory 'Bin': 'C:\Trabalho\actions-runner\bin'
[2025-11-13 23:33:41Z INFO HostContext] Well known directory 'Root': 'C:\Trabalho\actions-runner'
[2025-11-13 23:33:41Z INFO HostContext] Well known directory 'Work': 'C:\Trabalho\actions-runner\_work'
[2025-11-13 23:33:41Z INFO HostContext] Well known directory 'Temp': 'C:\Trabalho\actions-runner\_work\_temp'
[2025-11-13 23:33:41Z INFO ScriptHandler] Which2: 'powershell'
[2025-11-13 23:33:41Z INFO ScriptHandler] Location: 'C:\WINDOWS\System32\WindowsPowerShell\v1.0\powershell.EXE'
[2025-11-13 23:33:41Z INFO ProcessInvokerWrapper] Starting process:
[2025-11-13 23:33:41Z INFO ProcessInvokerWrapper]   File name: 'C:\WINDOWS\System32\WindowsPowerShell\v1.0\powershell.EXE'
[2025-11-13 23:33:41Z INFO ProcessInvokerWrapper]   Arguments: '-command ". 'C:\Trabalho\actions-runner\_work\_temp\34ee6653-ecff-442f-8c57-6110adf31f13.ps1'"'
[2025-11-13 23:33:41Z INFO ProcessInvokerWrapper]   Working directory: 'C:\Trabalho\actions-runner\_work\Trabalho\Trabalho'
[2025-11-13 23:33:41Z INFO ProcessInvokerWrapper]   Require exit code zero: 'False'
[2025-11-13 23:33:41Z INFO ProcessInvokerWrapper]   Encoding web name:  ; code page: ''
[2025-11-13 23:33:41Z INFO ProcessInvokerWrapper]   Force kill process on cancellation: 'False'
[2025-11-13 23:33:41Z INFO ProcessInvokerWrapper]   Redirected STDIN: 'False'
[2025-11-13 23:33:41Z INFO ProcessInvokerWrapper]   Persist current code page: 'True'
[2025-11-13 23:33:41Z INFO ProcessInvokerWrapper]   Keep redirected STDIN open: 'False'
[2025-11-13 23:33:41Z INFO ProcessInvokerWrapper]   High priority process: 'False'
[2025-11-13 23:33:41Z INFO ProcessInvokerWrapper] Process started with process id 16992, waiting for process exit.
[2025-11-13 23:33:41Z INFO JobServerQueue] Got a step log file to send to results service.
[2025-11-13 23:33:41Z INFO JobServerQueue] Starting upload of step log file to results service ResultsLog, C:\Trabalho\actions-runner\_diag\blocks\6cc9bd11-139b-40d0-af12-69612d7f06be_aa866b4a-17d1-4608-be02-4237c655c746.1
[2025-11-13 23:33:42Z INFO JobServerQueue] Try to append 1 batches web console lines for record '30ca50f7-61d5-4af6-89e0-b57f852434a9', success rate: 1/1.
[2025-11-13 23:33:42Z INFO JobServerQueue] Tried to upload 1 file(s) to results, success rate: 1/1.
[2025-11-13 23:33:42Z INFO JobServerQueue] Try to upload 1 log files or attachments, success rate: 1/1.
[2025-11-13 23:33:43Z INFO JobServerQueue] Try to append 1 batches web console lines for record '30ca50f7-61d5-4af6-89e0-b57f852434a9', success rate: 1/1.
[2025-11-13 23:33:43Z INFO ProcessInvokerWrapper] STDOUT/STDERR stream read finished.
[2025-11-13 23:33:43Z INFO ProcessInvokerWrapper] STDOUT/STDERR stream read finished.
[2025-11-13 23:33:43Z INFO ProcessInvokerWrapper] Finished process 16992 with exit code 0, and elapsed time 00:00:01.9187716.
[2025-11-13 23:33:43Z INFO CreateStepSummaryCommand] Step Summary file (C:\Trabalho\actions-runner\_work\_temp\_runner_file_commands\step_summary_63205f96-b836-4bfb-ab52-51987ee4edc3) is empty; skipping attachment upload
[2025-11-13 23:33:43Z INFO StepsRunner] Step result: 
[2025-11-13 23:33:43Z INFO ExecutionContext] Publish step telemetry for current step {
  "action": "powershell",
  "type": "run",
  "stage": "Main",
  "stepId": "30ca50f7-61d5-4af6-89e0-b57f852434a9",
  "stepContextName": "__run_3",
  "result": "succeeded",
  "errorMessages": [],
  "executionTimeInSeconds": 2,
  "startTime": "2025-11-13T23:33:41.6495423Z",
  "finishTime": "2025-11-13T23:33:43.6461138Z"
}.
[2025-11-13 23:33:43Z INFO StepsRunner] No need for updating job result with current step result 'Succeeded'.
[2025-11-13 23:33:43Z INFO StepsRunner] Current state: job state = ''
[2025-11-13 23:33:43Z INFO StepsRunner] Processing step: DisplayName='Create namespace if not exists'
[2025-11-13 23:33:43Z INFO StepsRunner] Evaluating: success()
[2025-11-13 23:33:43Z INFO StepsRunner] Result: true
[2025-11-13 23:33:43Z INFO StepsRunner] Starting the step.
[2025-11-13 23:33:43Z INFO HostContext] Well known directory 'Bin': 'C:\Trabalho\actions-runner\bin'
[2025-11-13 23:33:43Z INFO HostContext] Well known directory 'Root': 'C:\Trabalho\actions-runner'
[2025-11-13 23:33:43Z INFO HostContext] Well known directory 'Work': 'C:\Trabalho\actions-runner\_work'
[2025-11-13 23:33:43Z INFO StepsRunner] Which2: 'chcp'
[2025-11-13 23:33:43Z INFO StepsRunner] Location: 'C:\WINDOWS\system32\chcp.COM'
[2025-11-13 23:33:43Z INFO ProcessInvokerWrapper] Starting process:
[2025-11-13 23:33:43Z INFO ProcessInvokerWrapper]   File name: 'C:\WINDOWS\system32\chcp.COM'
[2025-11-13 23:33:43Z INFO ProcessInvokerWrapper]   Arguments: '65001'
[2025-11-13 23:33:43Z INFO ProcessInvokerWrapper]   Working directory: 'C:\Trabalho\actions-runner\_work'
[2025-11-13 23:33:43Z INFO ProcessInvokerWrapper]   Require exit code zero: 'False'
[2025-11-13 23:33:43Z INFO ProcessInvokerWrapper]   Encoding web name:  ; code page: ''
[2025-11-13 23:33:43Z INFO ProcessInvokerWrapper]   Force kill process on cancellation: 'False'
[2025-11-13 23:33:43Z INFO ProcessInvokerWrapper]   Redirected STDIN: 'False'
[2025-11-13 23:33:43Z INFO ProcessInvokerWrapper]   Persist current code page: 'True'
[2025-11-13 23:33:43Z INFO ProcessInvokerWrapper]   Keep redirected STDIN open: 'False'
[2025-11-13 23:33:43Z INFO ProcessInvokerWrapper]   High priority process: 'False'
[2025-11-13 23:33:43Z INFO ProcessInvokerWrapper] Process started with process id 10304, waiting for process exit.
[2025-11-13 23:33:43Z INFO ProcessInvokerWrapper] STDOUT/STDERR stream read finished.
[2025-11-13 23:33:43Z INFO ProcessInvokerWrapper] STDOUT/STDERR stream read finished.
[2025-11-13 23:33:43Z INFO ProcessInvokerWrapper] Finished process 10304 with exit code 0, and elapsed time 00:00:00.0210149.
[2025-11-13 23:33:43Z INFO StepsRunner] Successfully returned to code page 65001 (UTF8)
[2025-11-13 23:33:43Z INFO HostContext] Well known directory 'Bin': 'C:\Trabalho\actions-runner\bin'
[2025-11-13 23:33:43Z INFO HostContext] Well known directory 'Root': 'C:\Trabalho\actions-runner'
[2025-11-13 23:33:43Z INFO HostContext] Well known directory 'Work': 'C:\Trabalho\actions-runner\_work'
[2025-11-13 23:33:43Z INFO HostContext] Well known directory 'Temp': 'C:\Trabalho\actions-runner\_work\_temp'
[2025-11-13 23:33:43Z INFO ExecutionContext] Write event payload to C:\Trabalho\actions-runner\_work\_temp\_github_workflow\event.json
[2025-11-13 23:33:43Z INFO JobServerQueue] Try to append 1 batches web console lines for record '30ca50f7-61d5-4af6-89e0-b57f852434a9', success rate: 1/1.
[2025-11-13 23:33:43Z INFO HostContext] Well known directory 'Bin': 'C:\Trabalho\actions-runner\bin'
[2025-11-13 23:33:43Z INFO HostContext] Well known directory 'Root': 'C:\Trabalho\actions-runner'
[2025-11-13 23:33:43Z INFO HostContext] Well known directory 'Work': 'C:\Trabalho\actions-runner\_work'
[2025-11-13 23:33:43Z INFO HostContext] Well known directory 'Temp': 'C:\Trabalho\actions-runner\_work\_temp'
[2025-11-13 23:33:43Z INFO ExtensionManager] Getting extensions for interface: 'GitHub.Runner.Worker.IFileCommandExtension'
[2025-11-13 23:33:43Z INFO ExtensionManager] Getting extensions for interface: 'GitHub.Runner.Worker.IActionCommandExtension'
[2025-11-13 23:33:43Z INFO ActionCommandManager] Register action command extension for command internal-set-repo-path
[2025-11-13 23:33:43Z INFO ActionCommandManager] Register action command extension for command set-env
[2025-11-13 23:33:43Z INFO ActionCommandManager] Register action command extension for command set-output
[2025-11-13 23:33:43Z INFO ActionCommandManager] Register action command extension for command save-state
[2025-11-13 23:33:43Z INFO ActionCommandManager] Register action command extension for command add-path
[2025-11-13 23:33:43Z INFO ActionCommandManager] Register action command extension for command add-mask
[2025-11-13 23:33:43Z INFO ActionCommandManager] Register action command extension for command add-matcher
[2025-11-13 23:33:43Z INFO ActionCommandManager] Register action command extension for command remove-matcher
[2025-11-13 23:33:43Z INFO ActionCommandManager] Register action command extension for command warning
[2025-11-13 23:33:43Z INFO ActionCommandManager] Register action command extension for command error
[2025-11-13 23:33:43Z INFO ActionCommandManager] Register action command extension for command notice
[2025-11-13 23:33:43Z INFO ActionCommandManager] Register action command extension for command debug
[2025-11-13 23:33:43Z INFO ActionCommandManager] Register action command extension for command group
[2025-11-13 23:33:43Z INFO ActionCommandManager] Register action command extension for command endgroup
[2025-11-13 23:33:43Z INFO ActionCommandManager] Register action command extension for command echo
[2025-11-13 23:33:43Z INFO ScriptHandler] Which2: 'powershell'
[2025-11-13 23:33:43Z INFO ScriptHandler] Location: 'C:\WINDOWS\System32\WindowsPowerShell\v1.0\powershell.EXE'
[2025-11-13 23:33:43Z INFO HostContext] Well known directory 'Bin': 'C:\Trabalho\actions-runner\bin'
[2025-11-13 23:33:43Z INFO HostContext] Well known directory 'Root': 'C:\Trabalho\actions-runner'
[2025-11-13 23:33:43Z INFO HostContext] Well known directory 'Work': 'C:\Trabalho\actions-runner\_work'
[2025-11-13 23:33:43Z INFO HostContext] Well known directory 'Temp': 'C:\Trabalho\actions-runner\_work\_temp'
[2025-11-13 23:33:43Z INFO ScriptHandler] Which2: 'powershell'
[2025-11-13 23:33:43Z INFO ScriptHandler] Location: 'C:\WINDOWS\System32\WindowsPowerShell\v1.0\powershell.EXE'
[2025-11-13 23:33:43Z INFO ProcessInvokerWrapper] Starting process:
[2025-11-13 23:33:43Z INFO ProcessInvokerWrapper]   File name: 'C:\WINDOWS\System32\WindowsPowerShell\v1.0\powershell.EXE'
[2025-11-13 23:33:43Z INFO ProcessInvokerWrapper]   Arguments: '-command ". 'C:\Trabalho\actions-runner\_work\_temp\dc6b1197-b32f-4eb5-8ef1-47ac49ad25c5.ps1'"'
[2025-11-13 23:33:43Z INFO ProcessInvokerWrapper]   Working directory: 'C:\Trabalho\actions-runner\_work\Trabalho\Trabalho'
[2025-11-13 23:33:43Z INFO ProcessInvokerWrapper]   Require exit code zero: 'False'
[2025-11-13 23:33:43Z INFO ProcessInvokerWrapper]   Encoding web name:  ; code page: ''
[2025-11-13 23:33:43Z INFO ProcessInvokerWrapper]   Force kill process on cancellation: 'False'
[2025-11-13 23:33:43Z INFO ProcessInvokerWrapper]   Redirected STDIN: 'False'
[2025-11-13 23:33:43Z INFO ProcessInvokerWrapper]   Persist current code page: 'True'
[2025-11-13 23:33:43Z INFO ProcessInvokerWrapper]   Keep redirected STDIN open: 'False'
[2025-11-13 23:33:43Z INFO ProcessInvokerWrapper]   High priority process: 'False'
[2025-11-13 23:33:43Z INFO ProcessInvokerWrapper] Process started with process id 604, waiting for process exit.
[2025-11-13 23:33:44Z INFO JobServerQueue] Try to append 1 batches web console lines for record 'd29d41d3-d3c0-4ace-88ad-244cf22cb5fa', success rate: 1/1.
[2025-11-13 23:33:44Z INFO JobServerQueue] Got a step log file to send to results service.
[2025-11-13 23:33:44Z INFO JobServerQueue] Starting upload of step log file to results service ResultsLog, C:\Trabalho\actions-runner\_diag\blocks\6cc9bd11-139b-40d0-af12-69612d7f06be_30ca50f7-61d5-4af6-89e0-b57f852434a9.1
[2025-11-13 23:33:44Z INFO JobServerQueue] Try to upload 1 log files or attachments, success rate: 1/1.
[2025-11-13 23:33:44Z INFO JobServerQueue] Tried to upload 1 file(s) to results, success rate: 1/1.
[2025-11-13 23:33:45Z INFO ProcessInvokerWrapper] STDOUT/STDERR stream read finished.
[2025-11-13 23:33:45Z INFO ProcessInvokerWrapper] STDOUT/STDERR stream read finished.
[2025-11-13 23:33:45Z INFO ProcessInvokerWrapper] Finished process 604 with exit code 0, and elapsed time 00:00:01.3642880.
[2025-11-13 23:33:45Z INFO CreateStepSummaryCommand] Step Summary file (C:\Trabalho\actions-runner\_work\_temp\_runner_file_commands\step_summary_127e8d7e-66bc-4ebc-bc4a-38a1157edc8e) is empty; skipping attachment upload
[2025-11-13 23:33:45Z INFO StepsRunner] Step result: 
[2025-11-13 23:33:45Z INFO ExecutionContext] Publish step telemetry for current step {
  "action": "powershell",
  "type": "run",
  "stage": "Main",
  "stepId": "d29d41d3-d3c0-4ace-88ad-244cf22cb5fa",
  "stepContextName": "__run_4",
  "result": "succeeded",
  "errorMessages": [],
  "executionTimeInSeconds": 2,
  "startTime": "2025-11-13T23:33:43.6488691Z",
  "finishTime": "2025-11-13T23:33:45.0809461Z"
}.
[2025-11-13 23:33:45Z INFO StepsRunner] No need for updating job result with current step result 'Succeeded'.
[2025-11-13 23:33:45Z INFO StepsRunner] Current state: job state = ''
[2025-11-13 23:33:45Z INFO StepsRunner] Processing step: DisplayName='Apply base manifests'
[2025-11-13 23:33:45Z INFO StepsRunner] Evaluating: success()
[2025-11-13 23:33:45Z INFO StepsRunner] Result: true
[2025-11-13 23:33:45Z INFO StepsRunner] Starting the step.
[2025-11-13 23:33:45Z INFO HostContext] Well known directory 'Bin': 'C:\Trabalho\actions-runner\bin'
[2025-11-13 23:33:45Z INFO HostContext] Well known directory 'Root': 'C:\Trabalho\actions-runner'
[2025-11-13 23:33:45Z INFO HostContext] Well known directory 'Work': 'C:\Trabalho\actions-runner\_work'
[2025-11-13 23:33:45Z INFO StepsRunner] Which2: 'chcp'
[2025-11-13 23:33:45Z INFO StepsRunner] Location: 'C:\WINDOWS\system32\chcp.COM'
[2025-11-13 23:33:45Z INFO ProcessInvokerWrapper] Starting process:
[2025-11-13 23:33:45Z INFO ProcessInvokerWrapper]   File name: 'C:\WINDOWS\system32\chcp.COM'
[2025-11-13 23:33:45Z INFO ProcessInvokerWrapper]   Arguments: '65001'
[2025-11-13 23:33:45Z INFO ProcessInvokerWrapper]   Working directory: 'C:\Trabalho\actions-runner\_work'
[2025-11-13 23:33:45Z INFO ProcessInvokerWrapper]   Require exit code zero: 'False'
[2025-11-13 23:33:45Z INFO ProcessInvokerWrapper]   Encoding web name:  ; code page: ''
[2025-11-13 23:33:45Z INFO ProcessInvokerWrapper]   Force kill process on cancellation: 'False'
[2025-11-13 23:33:45Z INFO ProcessInvokerWrapper]   Redirected STDIN: 'False'
[2025-11-13 23:33:45Z INFO ProcessInvokerWrapper]   Persist current code page: 'True'
[2025-11-13 23:33:45Z INFO ProcessInvokerWrapper]   Keep redirected STDIN open: 'False'
[2025-11-13 23:33:45Z INFO ProcessInvokerWrapper]   High priority process: 'False'
[2025-11-13 23:33:45Z INFO ProcessInvokerWrapper] Process started with process id 17728, waiting for process exit.
[2025-11-13 23:33:45Z INFO ProcessInvokerWrapper] STDOUT/STDERR stream read finished.
[2025-11-13 23:33:45Z INFO ProcessInvokerWrapper] STDOUT/STDERR stream read finished.
[2025-11-13 23:33:45Z INFO ProcessInvokerWrapper] Finished process 17728 with exit code 0, and elapsed time 00:00:00.0214664.
[2025-11-13 23:33:45Z INFO StepsRunner] Successfully returned to code page 65001 (UTF8)
[2025-11-13 23:33:45Z INFO HostContext] Well known directory 'Bin': 'C:\Trabalho\actions-runner\bin'
[2025-11-13 23:33:45Z INFO HostContext] Well known directory 'Root': 'C:\Trabalho\actions-runner'
[2025-11-13 23:33:45Z INFO HostContext] Well known directory 'Work': 'C:\Trabalho\actions-runner\_work'
[2025-11-13 23:33:45Z INFO HostContext] Well known directory 'Temp': 'C:\Trabalho\actions-runner\_work\_temp'
[2025-11-13 23:33:45Z INFO ExecutionContext] Write event payload to C:\Trabalho\actions-runner\_work\_temp\_github_workflow\event.json
[2025-11-13 23:33:45Z INFO HostContext] Well known directory 'Bin': 'C:\Trabalho\actions-runner\bin'
[2025-11-13 23:33:45Z INFO HostContext] Well known directory 'Root': 'C:\Trabalho\actions-runner'
[2025-11-13 23:33:45Z INFO HostContext] Well known directory 'Work': 'C:\Trabalho\actions-runner\_work'
[2025-11-13 23:33:45Z INFO HostContext] Well known directory 'Temp': 'C:\Trabalho\actions-runner\_work\_temp'
[2025-11-13 23:33:45Z INFO ExtensionManager] Getting extensions for interface: 'GitHub.Runner.Worker.IFileCommandExtension'
[2025-11-13 23:33:45Z INFO ExtensionManager] Getting extensions for interface: 'GitHub.Runner.Worker.IActionCommandExtension'
[2025-11-13 23:33:45Z INFO ActionCommandManager] Register action command extension for command internal-set-repo-path
[2025-11-13 23:33:45Z INFO ActionCommandManager] Register action command extension for command set-env
[2025-11-13 23:33:45Z INFO ActionCommandManager] Register action command extension for command set-output
[2025-11-13 23:33:45Z INFO ActionCommandManager] Register action command extension for command save-state
[2025-11-13 23:33:45Z INFO ActionCommandManager] Register action command extension for command add-path
[2025-11-13 23:33:45Z INFO ActionCommandManager] Register action command extension for command add-mask
[2025-11-13 23:33:45Z INFO ActionCommandManager] Register action command extension for command add-matcher
[2025-11-13 23:33:45Z INFO ActionCommandManager] Register action command extension for command remove-matcher
[2025-11-13 23:33:45Z INFO ActionCommandManager] Register action command extension for command warning
[2025-11-13 23:33:45Z INFO ActionCommandManager] Register action command extension for command error
[2025-11-13 23:33:45Z INFO ActionCommandManager] Register action command extension for command notice
[2025-11-13 23:33:45Z INFO ActionCommandManager] Register action command extension for command debug
[2025-11-13 23:33:45Z INFO ActionCommandManager] Register action command extension for command group
[2025-11-13 23:33:45Z INFO ActionCommandManager] Register action command extension for command endgroup
[2025-11-13 23:33:45Z INFO ActionCommandManager] Register action command extension for command echo
[2025-11-13 23:33:45Z INFO ScriptHandler] Which2: 'powershell'
[2025-11-13 23:33:45Z INFO ScriptHandler] Location: 'C:\WINDOWS\System32\WindowsPowerShell\v1.0\powershell.EXE'
[2025-11-13 23:33:45Z INFO HostContext] Well known directory 'Bin': 'C:\Trabalho\actions-runner\bin'
[2025-11-13 23:33:45Z INFO HostContext] Well known directory 'Root': 'C:\Trabalho\actions-runner'
[2025-11-13 23:33:45Z INFO HostContext] Well known directory 'Work': 'C:\Trabalho\actions-runner\_work'
[2025-11-13 23:33:45Z INFO HostContext] Well known directory 'Temp': 'C:\Trabalho\actions-runner\_work\_temp'
[2025-11-13 23:33:45Z INFO ScriptHandler] Which2: 'powershell'
[2025-11-13 23:33:45Z INFO ScriptHandler] Location: 'C:\WINDOWS\System32\WindowsPowerShell\v1.0\powershell.EXE'
[2025-11-13 23:33:45Z INFO ProcessInvokerWrapper] Starting process:
[2025-11-13 23:33:45Z INFO ProcessInvokerWrapper]   File name: 'C:\WINDOWS\System32\WindowsPowerShell\v1.0\powershell.EXE'
[2025-11-13 23:33:45Z INFO ProcessInvokerWrapper]   Arguments: '-command ". 'C:\Trabalho\actions-runner\_work\_temp\40ba0e68-a504-4b96-9d1c-0fc9d588b880.ps1'"'
[2025-11-13 23:33:45Z INFO ProcessInvokerWrapper]   Working directory: 'C:\Trabalho\actions-runner\_work\Trabalho\Trabalho'
[2025-11-13 23:33:45Z INFO ProcessInvokerWrapper]   Require exit code zero: 'False'
[2025-11-13 23:33:45Z INFO ProcessInvokerWrapper]   Encoding web name:  ; code page: ''
[2025-11-13 23:33:45Z INFO ProcessInvokerWrapper]   Force kill process on cancellation: 'False'
[2025-11-13 23:33:45Z INFO ProcessInvokerWrapper]   Redirected STDIN: 'False'
[2025-11-13 23:33:45Z INFO ProcessInvokerWrapper]   Persist current code page: 'True'
[2025-11-13 23:33:45Z INFO ProcessInvokerWrapper]   Keep redirected STDIN open: 'False'
[2025-11-13 23:33:45Z INFO ProcessInvokerWrapper]   High priority process: 'False'
[2025-11-13 23:33:45Z INFO ProcessInvokerWrapper] Process started with process id 3532, waiting for process exit.
[2025-11-13 23:33:45Z INFO JobServerQueue] Try to append 1 batches web console lines for record 'd29d41d3-d3c0-4ace-88ad-244cf22cb5fa', success rate: 1/1.
[2025-11-13 23:33:45Z INFO JobServerQueue] Try to append 1 batches web console lines for record '1686607a-fedd-4977-87c7-35f0752ac511', success rate: 1/1.
[2025-11-13 23:33:45Z INFO JobServerQueue] Try to upload 1 log files or attachments, success rate: 1/1.
[2025-11-13 23:33:45Z INFO JobServerQueue] Got a step log file to send to results service.
[2025-11-13 23:33:45Z INFO JobServerQueue] Starting upload of step log file to results service ResultsLog, C:\Trabalho\actions-runner\_diag\blocks\6cc9bd11-139b-40d0-af12-69612d7f06be_d29d41d3-d3c0-4ace-88ad-244cf22cb5fa.1
[2025-11-13 23:33:46Z INFO JobServerQueue] Try to append 1 batches web console lines for record '1686607a-fedd-4977-87c7-35f0752ac511', success rate: 1/1.
[2025-11-13 23:33:46Z INFO JobServerQueue] Tried to upload 1 file(s) to results, success rate: 1/1.
[2025-11-13 23:33:47Z INFO JobServerQueue] Try to append 1 batches web console lines for record '1686607a-fedd-4977-87c7-35f0752ac511', success rate: 1/1.
[2025-11-13 23:33:47Z INFO JobServerQueue] Try to append 1 batches web console lines for record '1686607a-fedd-4977-87c7-35f0752ac511', success rate: 1/1.
[2025-11-13 23:33:48Z INFO JobServerQueue] Try to append 1 batches web console lines for record '1686607a-fedd-4977-87c7-35f0752ac511', success rate: 1/1.
[2025-11-13 23:33:48Z INFO JobServerQueue] Try to append 1 batches web console lines for record '1686607a-fedd-4977-87c7-35f0752ac511', success rate: 1/1.
[2025-11-13 23:33:49Z INFO JobServerQueue] Try to append 1 batches web console lines for record '1686607a-fedd-4977-87c7-35f0752ac511', success rate: 1/1.
[2025-11-13 23:33:50Z INFO ProcessInvokerWrapper] STDOUT/STDERR stream read finished.
[2025-11-13 23:33:50Z INFO ProcessInvokerWrapper] STDOUT/STDERR stream read finished.
[2025-11-13 23:33:50Z INFO ProcessInvokerWrapper] Finished process 3532 with exit code 0, and elapsed time 00:00:04.8716903.
[2025-11-13 23:33:50Z INFO CreateStepSummaryCommand] Step Summary file (C:\Trabalho\actions-runner\_work\_temp\_runner_file_commands\step_summary_9601ce8c-da1b-4a7d-8c1e-cd67e775ca8e) is empty; skipping attachment upload
[2025-11-13 23:33:50Z INFO StepsRunner] Step result: 
[2025-11-13 23:33:50Z INFO ExecutionContext] Publish step telemetry for current step {
  "action": "powershell",
  "type": "run",
  "stage": "Main",
  "stepId": "1686607a-fedd-4977-87c7-35f0752ac511",
  "stepContextName": "__run_5",
  "result": "succeeded",
  "errorMessages": [],
  "executionTimeInSeconds": 5,
  "startTime": "2025-11-13T23:33:45.0857896Z",
  "finishTime": "2025-11-13T23:33:50.0317437Z"
}.
[2025-11-13 23:33:50Z INFO StepsRunner] No need for updating job result with current step result 'Succeeded'.
[2025-11-13 23:33:50Z INFO StepsRunner] Current state: job state = ''
[2025-11-13 23:33:50Z INFO StepsRunner] Processing step: DisplayName='Apply app deployment'
[2025-11-13 23:33:50Z INFO StepsRunner] Evaluating: success()
[2025-11-13 23:33:50Z INFO StepsRunner] Result: true
[2025-11-13 23:33:50Z INFO StepsRunner] Starting the step.
[2025-11-13 23:33:50Z INFO HostContext] Well known directory 'Bin': 'C:\Trabalho\actions-runner\bin'
[2025-11-13 23:33:50Z INFO HostContext] Well known directory 'Root': 'C:\Trabalho\actions-runner'
[2025-11-13 23:33:50Z INFO HostContext] Well known directory 'Work': 'C:\Trabalho\actions-runner\_work'
[2025-11-13 23:33:50Z INFO StepsRunner] Which2: 'chcp'
[2025-11-13 23:33:50Z INFO StepsRunner] Location: 'C:\WINDOWS\system32\chcp.COM'
[2025-11-13 23:33:50Z INFO ProcessInvokerWrapper] Starting process:
[2025-11-13 23:33:50Z INFO ProcessInvokerWrapper]   File name: 'C:\WINDOWS\system32\chcp.COM'
[2025-11-13 23:33:50Z INFO ProcessInvokerWrapper]   Arguments: '65001'
[2025-11-13 23:33:50Z INFO ProcessInvokerWrapper]   Working directory: 'C:\Trabalho\actions-runner\_work'
[2025-11-13 23:33:50Z INFO ProcessInvokerWrapper]   Require exit code zero: 'False'
[2025-11-13 23:33:50Z INFO ProcessInvokerWrapper]   Encoding web name:  ; code page: ''
[2025-11-13 23:33:50Z INFO ProcessInvokerWrapper]   Force kill process on cancellation: 'False'
[2025-11-13 23:33:50Z INFO ProcessInvokerWrapper]   Redirected STDIN: 'False'
[2025-11-13 23:33:50Z INFO ProcessInvokerWrapper]   Persist current code page: 'True'
[2025-11-13 23:33:50Z INFO ProcessInvokerWrapper]   Keep redirected STDIN open: 'False'
[2025-11-13 23:33:50Z INFO ProcessInvokerWrapper]   High priority process: 'False'
[2025-11-13 23:33:50Z INFO ProcessInvokerWrapper] Process started with process id 12572, waiting for process exit.
[2025-11-13 23:33:50Z INFO ProcessInvokerWrapper] STDOUT/STDERR stream read finished.
[2025-11-13 23:33:50Z INFO ProcessInvokerWrapper] STDOUT/STDERR stream read finished.
[2025-11-13 23:33:50Z INFO ProcessInvokerWrapper] Finished process 12572 with exit code 0, and elapsed time 00:00:00.0340032.
[2025-11-13 23:33:50Z INFO StepsRunner] Successfully returned to code page 65001 (UTF8)
[2025-11-13 23:33:50Z INFO HostContext] Well known directory 'Bin': 'C:\Trabalho\actions-runner\bin'
[2025-11-13 23:33:50Z INFO HostContext] Well known directory 'Root': 'C:\Trabalho\actions-runner'
[2025-11-13 23:33:50Z INFO HostContext] Well known directory 'Work': 'C:\Trabalho\actions-runner\_work'
[2025-11-13 23:33:50Z INFO HostContext] Well known directory 'Temp': 'C:\Trabalho\actions-runner\_work\_temp'
[2025-11-13 23:33:50Z INFO ExecutionContext] Write event payload to C:\Trabalho\actions-runner\_work\_temp\_github_workflow\event.json
[2025-11-13 23:33:50Z INFO HostContext] Well known directory 'Bin': 'C:\Trabalho\actions-runner\bin'
[2025-11-13 23:33:50Z INFO HostContext] Well known directory 'Root': 'C:\Trabalho\actions-runner'
[2025-11-13 23:33:50Z INFO HostContext] Well known directory 'Work': 'C:\Trabalho\actions-runner\_work'
[2025-11-13 23:33:50Z INFO HostContext] Well known directory 'Temp': 'C:\Trabalho\actions-runner\_work\_temp'
[2025-11-13 23:33:50Z INFO ExtensionManager] Getting extensions for interface: 'GitHub.Runner.Worker.IFileCommandExtension'
[2025-11-13 23:33:50Z INFO ExtensionManager] Getting extensions for interface: 'GitHub.Runner.Worker.IActionCommandExtension'
[2025-11-13 23:33:50Z INFO ActionCommandManager] Register action command extension for command internal-set-repo-path
[2025-11-13 23:33:50Z INFO ActionCommandManager] Register action command extension for command set-env
[2025-11-13 23:33:50Z INFO ActionCommandManager] Register action command extension for command set-output
[2025-11-13 23:33:50Z INFO ActionCommandManager] Register action command extension for command save-state
[2025-11-13 23:33:50Z INFO ActionCommandManager] Register action command extension for command add-path
[2025-11-13 23:33:50Z INFO ActionCommandManager] Register action command extension for command add-mask
[2025-11-13 23:33:50Z INFO ActionCommandManager] Register action command extension for command add-matcher
[2025-11-13 23:33:50Z INFO ActionCommandManager] Register action command extension for command remove-matcher
[2025-11-13 23:33:50Z INFO ActionCommandManager] Register action command extension for command warning
[2025-11-13 23:33:50Z INFO ActionCommandManager] Register action command extension for command error
[2025-11-13 23:33:50Z INFO ActionCommandManager] Register action command extension for command notice
[2025-11-13 23:33:50Z INFO ActionCommandManager] Register action command extension for command debug
[2025-11-13 23:33:50Z INFO ActionCommandManager] Register action command extension for command group
[2025-11-13 23:33:50Z INFO ActionCommandManager] Register action command extension for command endgroup
[2025-11-13 23:33:50Z INFO ActionCommandManager] Register action command extension for command echo
[2025-11-13 23:33:50Z INFO ScriptHandler] Which2: 'powershell'
[2025-11-13 23:33:50Z INFO ScriptHandler] Location: 'C:\WINDOWS\System32\WindowsPowerShell\v1.0\powershell.EXE'
[2025-11-13 23:33:50Z INFO HostContext] Well known directory 'Bin': 'C:\Trabalho\actions-runner\bin'
[2025-11-13 23:33:50Z INFO HostContext] Well known directory 'Root': 'C:\Trabalho\actions-runner'
[2025-11-13 23:33:50Z INFO HostContext] Well known directory 'Work': 'C:\Trabalho\actions-runner\_work'
[2025-11-13 23:33:50Z INFO HostContext] Well known directory 'Temp': 'C:\Trabalho\actions-runner\_work\_temp'
[2025-11-13 23:33:50Z INFO ScriptHandler] Which2: 'powershell'
[2025-11-13 23:33:50Z INFO ScriptHandler] Location: 'C:\WINDOWS\System32\WindowsPowerShell\v1.0\powershell.EXE'
[2025-11-13 23:33:50Z INFO ProcessInvokerWrapper] Starting process:
[2025-11-13 23:33:50Z INFO ProcessInvokerWrapper]   File name: 'C:\WINDOWS\System32\WindowsPowerShell\v1.0\powershell.EXE'
[2025-11-13 23:33:50Z INFO ProcessInvokerWrapper]   Arguments: '-command ". 'C:\Trabalho\actions-runner\_work\_temp\4569e3fa-c654-4cac-b30b-f1660e8e63ae.ps1'"'
[2025-11-13 23:33:50Z INFO ProcessInvokerWrapper]   Working directory: 'C:\Trabalho\actions-runner\_work\Trabalho\Trabalho'
[2025-11-13 23:33:50Z INFO ProcessInvokerWrapper]   Require exit code zero: 'False'
[2025-11-13 23:33:50Z INFO ProcessInvokerWrapper]   Encoding web name:  ; code page: ''
[2025-11-13 23:33:50Z INFO ProcessInvokerWrapper]   Force kill process on cancellation: 'False'
[2025-11-13 23:33:50Z INFO ProcessInvokerWrapper]   Redirected STDIN: 'False'
[2025-11-13 23:33:50Z INFO ProcessInvokerWrapper]   Persist current code page: 'True'
[2025-11-13 23:33:50Z INFO ProcessInvokerWrapper]   Keep redirected STDIN open: 'False'
[2025-11-13 23:33:50Z INFO ProcessInvokerWrapper]   High priority process: 'False'
[2025-11-13 23:33:50Z INFO ProcessInvokerWrapper] Process started with process id 5428, waiting for process exit.
[2025-11-13 23:33:50Z INFO JobServerQueue] Got a step log file to send to results service.
[2025-11-13 23:33:50Z INFO JobServerQueue] Starting upload of step log file to results service ResultsLog, C:\Trabalho\actions-runner\_diag\blocks\6cc9bd11-139b-40d0-af12-69612d7f06be_1686607a-fedd-4977-87c7-35f0752ac511.1
[2025-11-13 23:33:50Z INFO JobServerQueue] Try to append 1 batches web console lines for record '1686607a-fedd-4977-87c7-35f0752ac511', success rate: 1/1.
[2025-11-13 23:33:50Z INFO JobServerQueue] Try to append 1 batches web console lines for record '907bebe2-d38a-4c24-b3e0-e64729b6aeab', success rate: 1/1.
[2025-11-13 23:33:50Z INFO JobServerQueue] Try to upload 1 log files or attachments, success rate: 1/1.
[2025-11-13 23:33:50Z INFO JobServerQueue] Tried to upload 1 file(s) to results, success rate: 1/1.
[2025-11-13 23:33:51Z INFO ProcessInvokerWrapper] STDOUT/STDERR stream read finished.
[2025-11-13 23:33:51Z INFO ProcessInvokerWrapper] STDOUT/STDERR stream read finished.
[2025-11-13 23:33:51Z INFO ProcessInvokerWrapper] Finished process 5428 with exit code 0, and elapsed time 00:00:01.4056178.
[2025-11-13 23:33:51Z INFO CreateStepSummaryCommand] Step Summary file (C:\Trabalho\actions-runner\_work\_temp\_runner_file_commands\step_summary_6ea351e4-fbfd-4374-b66b-bbbe56af3e2d) is empty; skipping attachment upload
[2025-11-13 23:33:51Z INFO StepsRunner] Step result: 
[2025-11-13 23:33:51Z INFO ExecutionContext] Publish step telemetry for current step {
  "action": "powershell",
  "type": "run",
  "stage": "Main",
  "stepId": "907bebe2-d38a-4c24-b3e0-e64729b6aeab",
  "stepContextName": "__run_6",
  "result": "succeeded",
  "errorMessages": [],
  "executionTimeInSeconds": 2,
  "startTime": "2025-11-13T23:33:50.0366261Z",
  "finishTime": "2025-11-13T23:33:51.5220894Z"
}.
[2025-11-13 23:33:51Z INFO StepsRunner] No need for updating job result with current step result 'Succeeded'.
[2025-11-13 23:33:51Z INFO StepsRunner] Current state: job state = ''
[2025-11-13 23:33:51Z INFO StepsRunner] Processing step: DisplayName='Set image to new tag'
[2025-11-13 23:33:51Z INFO StepsRunner] Evaluating: success()
[2025-11-13 23:33:51Z INFO StepsRunner] Result: true
[2025-11-13 23:33:51Z INFO StepsRunner] Starting the step.
[2025-11-13 23:33:51Z INFO HostContext] Well known directory 'Bin': 'C:\Trabalho\actions-runner\bin'
[2025-11-13 23:33:51Z INFO HostContext] Well known directory 'Root': 'C:\Trabalho\actions-runner'
[2025-11-13 23:33:51Z INFO HostContext] Well known directory 'Work': 'C:\Trabalho\actions-runner\_work'
[2025-11-13 23:33:51Z INFO StepsRunner] Which2: 'chcp'
[2025-11-13 23:33:51Z INFO StepsRunner] Location: 'C:\WINDOWS\system32\chcp.COM'
[2025-11-13 23:33:51Z INFO ProcessInvokerWrapper] Starting process:
[2025-11-13 23:33:51Z INFO ProcessInvokerWrapper]   File name: 'C:\WINDOWS\system32\chcp.COM'
[2025-11-13 23:33:51Z INFO ProcessInvokerWrapper]   Arguments: '65001'
[2025-11-13 23:33:51Z INFO ProcessInvokerWrapper]   Working directory: 'C:\Trabalho\actions-runner\_work'
[2025-11-13 23:33:51Z INFO ProcessInvokerWrapper]   Require exit code zero: 'False'
[2025-11-13 23:33:51Z INFO ProcessInvokerWrapper]   Encoding web name:  ; code page: ''
[2025-11-13 23:33:51Z INFO ProcessInvokerWrapper]   Force kill process on cancellation: 'False'
[2025-11-13 23:33:51Z INFO ProcessInvokerWrapper]   Redirected STDIN: 'False'
[2025-11-13 23:33:51Z INFO ProcessInvokerWrapper]   Persist current code page: 'True'
[2025-11-13 23:33:51Z INFO ProcessInvokerWrapper]   Keep redirected STDIN open: 'False'
[2025-11-13 23:33:51Z INFO ProcessInvokerWrapper]   High priority process: 'False'
[2025-11-13 23:33:51Z INFO ProcessInvokerWrapper] Process started with process id 15492, waiting for process exit.
[2025-11-13 23:33:51Z INFO ProcessInvokerWrapper] STDOUT/STDERR stream read finished.
[2025-11-13 23:33:51Z INFO ProcessInvokerWrapper] STDOUT/STDERR stream read finished.
[2025-11-13 23:33:51Z INFO ProcessInvokerWrapper] Finished process 15492 with exit code 0, and elapsed time 00:00:00.0267128.
[2025-11-13 23:33:51Z INFO StepsRunner] Successfully returned to code page 65001 (UTF8)
[2025-11-13 23:33:51Z INFO HostContext] Well known directory 'Bin': 'C:\Trabalho\actions-runner\bin'
[2025-11-13 23:33:51Z INFO HostContext] Well known directory 'Root': 'C:\Trabalho\actions-runner'
[2025-11-13 23:33:51Z INFO HostContext] Well known directory 'Work': 'C:\Trabalho\actions-runner\_work'
[2025-11-13 23:33:51Z INFO HostContext] Well known directory 'Temp': 'C:\Trabalho\actions-runner\_work\_temp'
[2025-11-13 23:33:51Z INFO ExecutionContext] Write event payload to C:\Trabalho\actions-runner\_work\_temp\_github_workflow\event.json
[2025-11-13 23:33:51Z INFO HostContext] Well known directory 'Bin': 'C:\Trabalho\actions-runner\bin'
[2025-11-13 23:33:51Z INFO HostContext] Well known directory 'Root': 'C:\Trabalho\actions-runner'
[2025-11-13 23:33:51Z INFO HostContext] Well known directory 'Work': 'C:\Trabalho\actions-runner\_work'
[2025-11-13 23:33:51Z INFO HostContext] Well known directory 'Temp': 'C:\Trabalho\actions-runner\_work\_temp'
[2025-11-13 23:33:51Z INFO ExtensionManager] Getting extensions for interface: 'GitHub.Runner.Worker.IFileCommandExtension'
[2025-11-13 23:33:51Z INFO ExtensionManager] Getting extensions for interface: 'GitHub.Runner.Worker.IActionCommandExtension'
[2025-11-13 23:33:51Z INFO ActionCommandManager] Register action command extension for command internal-set-repo-path
[2025-11-13 23:33:51Z INFO ActionCommandManager] Register action command extension for command set-env
[2025-11-13 23:33:51Z INFO ActionCommandManager] Register action command extension for command set-output
[2025-11-13 23:33:51Z INFO ActionCommandManager] Register action command extension for command save-state
[2025-11-13 23:33:51Z INFO ActionCommandManager] Register action command extension for command add-path
[2025-11-13 23:33:51Z INFO ActionCommandManager] Register action command extension for command add-mask
[2025-11-13 23:33:51Z INFO ActionCommandManager] Register action command extension for command add-matcher
[2025-11-13 23:33:51Z INFO ActionCommandManager] Register action command extension for command remove-matcher
[2025-11-13 23:33:51Z INFO ActionCommandManager] Register action command extension for command warning
[2025-11-13 23:33:51Z INFO ActionCommandManager] Register action command extension for command error
[2025-11-13 23:33:51Z INFO ActionCommandManager] Register action command extension for command notice
[2025-11-13 23:33:51Z INFO ActionCommandManager] Register action command extension for command debug
[2025-11-13 23:33:51Z INFO ActionCommandManager] Register action command extension for command group
[2025-11-13 23:33:51Z INFO ActionCommandManager] Register action command extension for command endgroup
[2025-11-13 23:33:51Z INFO ActionCommandManager] Register action command extension for command echo
[2025-11-13 23:33:51Z INFO ScriptHandler] Which2: 'powershell'
[2025-11-13 23:33:51Z INFO ScriptHandler] Location: 'C:\WINDOWS\System32\WindowsPowerShell\v1.0\powershell.EXE'
[2025-11-13 23:33:51Z INFO HostContext] Well known directory 'Bin': 'C:\Trabalho\actions-runner\bin'
[2025-11-13 23:33:51Z INFO HostContext] Well known directory 'Root': 'C:\Trabalho\actions-runner'
[2025-11-13 23:33:51Z INFO HostContext] Well known directory 'Work': 'C:\Trabalho\actions-runner\_work'
[2025-11-13 23:33:51Z INFO HostContext] Well known directory 'Temp': 'C:\Trabalho\actions-runner\_work\_temp'
[2025-11-13 23:33:51Z INFO ScriptHandler] Which2: 'powershell'
[2025-11-13 23:33:51Z INFO ScriptHandler] Location: 'C:\WINDOWS\System32\WindowsPowerShell\v1.0\powershell.EXE'
[2025-11-13 23:33:51Z INFO ProcessInvokerWrapper] Starting process:
[2025-11-13 23:33:51Z INFO ProcessInvokerWrapper]   File name: 'C:\WINDOWS\System32\WindowsPowerShell\v1.0\powershell.EXE'
[2025-11-13 23:33:51Z INFO ProcessInvokerWrapper]   Arguments: '-command ". 'C:\Trabalho\actions-runner\_work\_temp\d2cc18d3-fd70-4e23-8e3a-2b5abf665501.ps1'"'
[2025-11-13 23:33:51Z INFO ProcessInvokerWrapper]   Working directory: 'C:\Trabalho\actions-runner\_work\Trabalho\Trabalho'
[2025-11-13 23:33:51Z INFO ProcessInvokerWrapper]   Require exit code zero: 'False'
[2025-11-13 23:33:51Z INFO ProcessInvokerWrapper]   Encoding web name:  ; code page: ''
[2025-11-13 23:33:51Z INFO ProcessInvokerWrapper]   Force kill process on cancellation: 'False'
[2025-11-13 23:33:51Z INFO ProcessInvokerWrapper]   Redirected STDIN: 'False'
[2025-11-13 23:33:51Z INFO ProcessInvokerWrapper]   Persist current code page: 'True'
[2025-11-13 23:33:51Z INFO ProcessInvokerWrapper]   Keep redirected STDIN open: 'False'
[2025-11-13 23:33:51Z INFO ProcessInvokerWrapper]   High priority process: 'False'
[2025-11-13 23:33:51Z INFO ProcessInvokerWrapper] Process started with process id 18200, waiting for process exit.
[2025-11-13 23:33:51Z INFO HostContext] Well known directory 'Bin': 'C:\Trabalho\actions-runner\bin'
[2025-11-13 23:33:51Z INFO HostContext] Well known directory 'Root': 'C:\Trabalho\actions-runner'
[2025-11-13 23:33:51Z INFO HostContext] Well known directory 'Work': 'C:\Trabalho\actions-runner\_work'
[2025-11-13 23:33:51Z INFO JobServerQueue] Got a step log file to send to results service.
[2025-11-13 23:33:51Z INFO JobServerQueue] Starting upload of step log file to results service ResultsLog, C:\Trabalho\actions-runner\_diag\blocks\6cc9bd11-139b-40d0-af12-69612d7f06be_907bebe2-d38a-4c24-b3e0-e64729b6aeab.1
[2025-11-13 23:33:51Z INFO JobServerQueue] Try to append 1 batches web console lines for record '907bebe2-d38a-4c24-b3e0-e64729b6aeab', success rate: 1/1.
[2025-11-13 23:33:51Z INFO JobServerQueue] Try to append 1 batches web console lines for record 'db68c160-f066-44b2-a6b2-d4c58615ca97', success rate: 1/1.
[2025-11-13 23:33:52Z INFO JobServerQueue] Tried to upload 1 file(s) to results, success rate: 1/1.
[2025-11-13 23:33:52Z INFO JobServerQueue] Try to upload 1 log files or attachments, success rate: 1/1.
[2025-11-13 23:33:52Z INFO ProcessInvokerWrapper] STDOUT/STDERR stream read finished.
[2025-11-13 23:33:52Z INFO ProcessInvokerWrapper] STDOUT/STDERR stream read finished.
[2025-11-13 23:33:52Z INFO ProcessInvokerWrapper] Finished process 18200 with exit code 1, and elapsed time 00:00:01.0878526.
[2025-11-13 23:33:52Z INFO CreateStepSummaryCommand] Step Summary file (C:\Trabalho\actions-runner\_work\_temp\_runner_file_commands\step_summary_035e302c-e3ac-48d8-8e28-8c55fc1ec09a) is empty; skipping attachment upload
[2025-11-13 23:33:52Z INFO StepsRunner] Step result: Failed
[2025-11-13 23:33:52Z INFO ExecutionContext] Publish step telemetry for current step {
  "action": "powershell",
  "type": "run",
  "stage": "Main",
  "stepId": "db68c160-f066-44b2-a6b2-d4c58615ca97",
  "stepContextName": "__run_7",
  "result": "failed",
  "errorMessages": [
    "Process completed with exit code 1."
  ],
  "executionTimeInSeconds": 2,
  "startTime": "2025-11-13T23:33:51.524518Z",
  "finishTime": "2025-11-13T23:33:52.6816685Z"
}.
[2025-11-13 23:33:52Z INFO StepsRunner] Update job result with current step result 'Failed'.
[2025-11-13 23:33:52Z INFO StepsRunner] Current state: job state = 'Failed'
[2025-11-13 23:33:52Z INFO StepsRunner] Processing step: DisplayName='Wait rollout'
[2025-11-13 23:33:52Z INFO StepsRunner] Evaluating: success()
[2025-11-13 23:33:52Z INFO StepsRunner] Result: false
[2025-11-13 23:33:52Z INFO StepsRunner] Skipping step due to condition evaluation.
[2025-11-13 23:33:52Z INFO StepsRunner] No need for updating job result with current step result 'Skipped'.
[2025-11-13 23:33:52Z INFO StepsRunner] Current state: job state = 'Failed'
[2025-11-13 23:33:52Z INFO StepsRunner] Processing step: DisplayName='Show services/pods'
[2025-11-13 23:33:52Z INFO StepsRunner] Evaluating: success()
[2025-11-13 23:33:52Z INFO StepsRunner] Result: false
[2025-11-13 23:33:52Z INFO StepsRunner] Skipping step due to condition evaluation.
[2025-11-13 23:33:52Z INFO StepsRunner] No need for updating job result with current step result 'Skipped'.
[2025-11-13 23:33:52Z INFO StepsRunner] Current state: job state = 'Failed'
[2025-11-13 23:33:52Z INFO StepsRunner] Processing step: DisplayName='Post Checkout'
[2025-11-13 23:33:52Z INFO StepsRunner] Evaluating: always()
[2025-11-13 23:33:52Z INFO StepsRunner] Result: true
[2025-11-13 23:33:52Z INFO StepsRunner] Starting the step.
[2025-11-13 23:33:52Z INFO HostContext] Well known directory 'Bin': 'C:\Trabalho\actions-runner\bin'
[2025-11-13 23:33:52Z INFO HostContext] Well known directory 'Root': 'C:\Trabalho\actions-runner'
[2025-11-13 23:33:52Z INFO HostContext] Well known directory 'Work': 'C:\Trabalho\actions-runner\_work'
[2025-11-13 23:33:52Z INFO StepsRunner] Which2: 'chcp'
[2025-11-13 23:33:52Z INFO StepsRunner] Location: 'C:\WINDOWS\system32\chcp.COM'
[2025-11-13 23:33:52Z INFO ProcessInvokerWrapper] Starting process:
[2025-11-13 23:33:52Z INFO ProcessInvokerWrapper]   File name: 'C:\WINDOWS\system32\chcp.COM'
[2025-11-13 23:33:52Z INFO ProcessInvokerWrapper]   Arguments: '65001'
[2025-11-13 23:33:52Z INFO ProcessInvokerWrapper]   Working directory: 'C:\Trabalho\actions-runner\_work'
[2025-11-13 23:33:52Z INFO ProcessInvokerWrapper]   Require exit code zero: 'False'
[2025-11-13 23:33:52Z INFO ProcessInvokerWrapper]   Encoding web name:  ; code page: ''
[2025-11-13 23:33:52Z INFO ProcessInvokerWrapper]   Force kill process on cancellation: 'False'
[2025-11-13 23:33:52Z INFO ProcessInvokerWrapper]   Redirected STDIN: 'False'
[2025-11-13 23:33:52Z INFO ProcessInvokerWrapper]   Persist current code page: 'True'
[2025-11-13 23:33:52Z INFO ProcessInvokerWrapper]   Keep redirected STDIN open: 'False'
[2025-11-13 23:33:52Z INFO ProcessInvokerWrapper]   High priority process: 'False'
[2025-11-13 23:33:52Z INFO ProcessInvokerWrapper] Process started with process id 20404, waiting for process exit.
[2025-11-13 23:33:52Z INFO ProcessInvokerWrapper] STDOUT/STDERR stream read finished.
[2025-11-13 23:33:52Z INFO ProcessInvokerWrapper] STDOUT/STDERR stream read finished.
[2025-11-13 23:33:52Z INFO ProcessInvokerWrapper] Finished process 20404 with exit code 0, and elapsed time 00:00:00.0272535.
[2025-11-13 23:33:52Z INFO StepsRunner] Successfully returned to code page 65001 (UTF8)
[2025-11-13 23:33:52Z INFO HostContext] Well known directory 'Bin': 'C:\Trabalho\actions-runner\bin'
[2025-11-13 23:33:52Z INFO HostContext] Well known directory 'Root': 'C:\Trabalho\actions-runner'
[2025-11-13 23:33:52Z INFO HostContext] Well known directory 'Work': 'C:\Trabalho\actions-runner\_work'
[2025-11-13 23:33:52Z INFO HostContext] Well known directory 'Actions': 'C:\Trabalho\actions-runner\_work\_actions'
[2025-11-13 23:33:52Z INFO ActionManager] Load action that reference repository from 'C:\Trabalho\actions-runner\_work\_actions\actions\checkout\v4'
[2025-11-13 23:33:52Z INFO HostContext] Well known directory 'Bin': 'C:\Trabalho\actions-runner\bin'
[2025-11-13 23:33:52Z INFO HostContext] Well known directory 'Root': 'C:\Trabalho\actions-runner'
[2025-11-13 23:33:52Z INFO HostContext] Well known directory 'Work': 'C:\Trabalho\actions-runner\_work'
[2025-11-13 23:33:52Z INFO HostContext] Well known directory 'Actions': 'C:\Trabalho\actions-runner\_work\_actions'
[2025-11-13 23:33:52Z INFO ActionManifestManager] Loaded action.yml file: {
  "name": "Checkout",
  "description": "Checkout a Git repository at a particular version",
  "inputs": {
    "type": 2,
    "map": [
      {
        "key": {
          "type": 0,
          "file": 2,
          "line": 4,
          "col": 3,
          "lit": "repository"
        },
        "value": {
          "type": 3,
          "file": 2,
          "line": 6,
          "col": 14,
          "expr": "github.repository"
        }
      },
      {
        "key": {
          "type": 0,
          "file": 2,
          "line": 7,
          "col": 3,
          "lit": "ref"
        },
        "value": ""
      },
      {
        "key": {
          "type": 0,
          "file": 2,
          "line": 12,
          "col": 3,
          "lit": "token"
        },
        "value": {
          "type": 3,
          "file": 2,
          "line": 24,
          "col": 14,
          "expr": "github.token"
        }
      },
      {
        "key": {
          "type": 0,
          "file": 2,
          "line": 25,
          "col": 3,
          "lit": "ssh-key"
        },
        "value": ""
      },
      {
        "key": {
          "type": 0,
          "file": 2,
          "line": 37,
          "col": 3,
          "lit": "ssh-known-hosts"
        },
        "value": ""
      },
      {
        "key": {
          "type": 0,
          "file": 2,
          "line": 42,
          "col": 3,
          "lit": "ssh-strict"
        },
        "value": {
          "type": 0,
          "file": 2,
          "line": 47,
          "col": 14,
          "lit": "true"
        }
      },
      {
        "key": {
          "type": 0,
          "file": 2,
          "line": 48,
          "col": 3,
          "lit": "ssh-user"
        },
        "value": {
          "type": 0,
          "file": 2,
          "line": 51,
          "col": 14,
          "lit": "git"
        }
      },
      {
        "key": {
          "type": 0,
          "file": 2,
          "line": 52,
          "col": 3,
          "lit": "persist-credentials"
        },
        "value": {
          "type": 0,
          "file": 2,
          "line": 54,
          "col": 14,
          "lit": "true"
        }
      },
      {
        "key": {
          "type": 0,
          "file": 2,
          "line": 55,
          "col": 3,
          "lit": "path"
        },
        "value": ""
      },
      {
        "key": {
          "type": 0,
          "file": 2,
          "line": 57,
          "col": 3,
          "lit": "clean"
        },
        "value": {
          "type": 0,
          "file": 2,
          "line": 59,
          "col": 14,
          "lit": "true"
        }
      },
      {
        "key": {
          "type": 0,
          "file": 2,
          "line": 60,
          "col": 3,
          "lit": "filter"
        },
        "value": {
          "type": 0,
          "file": 2,
          "line": 64,
          "col": 14,
          "lit": ""
        }
      },
      {
        "key": {
          "type": 0,
          "file": 2,
          "line": 65,
          "col": 3,
          "lit": "sparse-checkout"
        },
        "value": {
          "type": 0,
          "file": 2,
          "line": 69,
          "col": 14,
          "lit": ""
        }
      },
      {
        "key": {
          "type": 0,
          "file": 2,
          "line": 70,
          "col": 3,
          "lit": "sparse-checkout-cone-mode"
        },
        "value": {
          "type": 0,
          "file": 2,
          "line": 73,
          "col": 14,
          "lit": "true"
        }
      },
      {
        "key": {
          "type": 0,
          "file": 2,
          "line": 74,
          "col": 3,
          "lit": "fetch-depth"
        },
        "value": {
          "type": 0,
          "file": 2,
          "line": 76,
          "col": 14,
          "lit": "1"
        }
      },
      {
        "key": {
          "type": 0,
          "file": 2,
          "line": 77,
          "col": 3,
          "lit": "fetch-tags"
        },
        "value": {
          "type": 0,
          "file": 2,
          "line": 79,
          "col": 14,
          "lit": "false"
        }
      },
      {
        "key": {
          "type": 0,
          "file": 2,
          "line": 80,
          "col": 3,
          "lit": "show-progress"
        },
        "value": {
          "type": 0,
          "file": 2,
          "line": 82,
          "col": 14,
          "lit": "true"
        }
      },
      {
        "key": {
          "type": 0,
          "file": 2,
          "line": 83,
          "col": 3,
          "lit": "lfs"
        },
        "value": {
          "type": 0,
          "file": 2,
          "line": 85,
          "col": 14,
          "lit": "false"
        }
      },
      {
        "key": {
          "type": 0,
          "file": 2,
          "line": 86,
          "col": 3,
          "lit": "submodules"
        },
        "value": {
          "type": 0,
          "file": 2,
          "line": 94,
          "col": 14,
          "lit": "false"
        }
      },
      {
        "key": {
          "type": 0,
          "file": 2,
          "line": 95,
          "col": 3,
          "lit": "set-safe-directory"
        },
        "value": {
          "type": 0,
          "file": 2,
          "line": 97,
          "col": 14,
          "lit": "true"
        }
      },
      {
        "key": {
          "type": 0,
          "file": 2,
          "line": 98,
          "col": 3,
          "lit": "github-server-url"
        },
        "value": ""
      }
    ]
  },
  "execution": {
    "executionType": "nodeJS",
    "hasPre": false,
    "hasPost": true,
    "script": "dist/index.js",
    "pre": null,
    "post": "dist/index.js",
    "nodeVersion": "node20",
    "cleanupCondition": "always()",
    "initCondition": "always()"
  },
  "deprecated": null
}
[2025-11-13 23:33:52Z INFO ActionManager] Action pre node.js file: N/A.
[2025-11-13 23:33:52Z INFO ActionManager] Action node.js file: dist/index.js.
[2025-11-13 23:33:52Z INFO ActionManager] Action post node.js file: dist/index.js.
[2025-11-13 23:33:52Z INFO HostContext] Well known directory 'Bin': 'C:\Trabalho\actions-runner\bin'
[2025-11-13 23:33:52Z INFO HostContext] Well known directory 'Root': 'C:\Trabalho\actions-runner'
[2025-11-13 23:33:52Z INFO HostContext] Well known directory 'Work': 'C:\Trabalho\actions-runner\_work'
[2025-11-13 23:33:52Z INFO HostContext] Well known directory 'Temp': 'C:\Trabalho\actions-runner\_work\_temp'
[2025-11-13 23:33:52Z INFO ExecutionContext] Write event payload to C:\Trabalho\actions-runner\_work\_temp\_github_workflow\event.json
[2025-11-13 23:33:52Z INFO HostContext] Well known directory 'Bin': 'C:\Trabalho\actions-runner\bin'
[2025-11-13 23:33:52Z INFO HostContext] Well known directory 'Root': 'C:\Trabalho\actions-runner'
[2025-11-13 23:33:52Z INFO HostContext] Well known directory 'Work': 'C:\Trabalho\actions-runner\_work'
[2025-11-13 23:33:52Z INFO HostContext] Well known directory 'Temp': 'C:\Trabalho\actions-runner\_work\_temp'
[2025-11-13 23:33:52Z INFO ExtensionManager] Getting extensions for interface: 'GitHub.Runner.Worker.IFileCommandExtension'
[2025-11-13 23:33:52Z INFO ActionManifestManager] Input 'repository': *** value evaluate result: {
  "type": 0,
  "file": 2,
  "line": 6,
  "col": 14,
  "lit": "potinhek/Trabalho"
}
[2025-11-13 23:33:52Z INFO ActionManifestManager] Input 'ref': *** value evaluate result: ""
[2025-11-13 23:33:52Z INFO ActionManifestManager] Input 'token': *** value evaluate result: {
  "type": 0,
  "file": 2,
  "line": 24,
  "col": 14,
  "lit": "***"
}
[2025-11-13 23:33:52Z INFO ActionManifestManager] Input 'ssh-key': *** value evaluate result: ""
[2025-11-13 23:33:52Z INFO ActionManifestManager] Input 'ssh-known-hosts': *** value evaluate result: ""
[2025-11-13 23:33:52Z INFO ActionManifestManager] Input 'ssh-strict': *** value evaluate result: {
  "type": 0,
  "file": 2,
  "line": 47,
  "col": 14,
  "lit": "true"
}
[2025-11-13 23:33:52Z INFO ActionManifestManager] Input 'ssh-user': *** value evaluate result: {
  "type": 0,
  "file": 2,
  "line": 51,
  "col": 14,
  "lit": "git"
}
[2025-11-13 23:33:52Z INFO ActionManifestManager] Input 'persist-credentials': *** value evaluate result: {
  "type": 0,
  "file": 2,
  "line": 54,
  "col": 14,
  "lit": "true"
}
[2025-11-13 23:33:52Z INFO ActionManifestManager] Input 'path': *** value evaluate result: ""
[2025-11-13 23:33:52Z INFO ActionManifestManager] Input 'clean': *** value evaluate result: {
  "type": 0,
  "file": 2,
  "line": 59,
  "col": 14,
  "lit": "true"
}
[2025-11-13 23:33:52Z INFO ActionManifestManager] Input 'filter': *** value evaluate result: {
  "type": 0,
  "file": 2,
  "line": 64,
  "col": 14,
  "lit": ""
}
[2025-11-13 23:33:52Z INFO ActionManifestManager] Input 'sparse-checkout': *** value evaluate result: {
  "type": 0,
  "file": 2,
  "line": 69,
  "col": 14,
  "lit": ""
}
[2025-11-13 23:33:52Z INFO ActionManifestManager] Input 'sparse-checkout-cone-mode': *** value evaluate result: {
  "type": 0,
  "file": 2,
  "line": 73,
  "col": 14,
  "lit": "true"
}
[2025-11-13 23:33:52Z INFO ActionManifestManager] Input 'fetch-depth': *** value evaluate result: {
  "type": 0,
  "file": 2,
  "line": 76,
  "col": 14,
  "lit": "1"
}
[2025-11-13 23:33:52Z INFO ActionManifestManager] Input 'fetch-tags': *** value evaluate result: {
  "type": 0,
  "file": 2,
  "line": 79,
  "col": 14,
  "lit": "false"
}
[2025-11-13 23:33:52Z INFO ActionManifestManager] Input 'show-progress': *** value evaluate result: {
  "type": 0,
  "file": 2,
  "line": 82,
  "col": 14,
  "lit": "true"
}
[2025-11-13 23:33:52Z INFO ActionManifestManager] Input 'lfs': *** value evaluate result: {
  "type": 0,
  "file": 2,
  "line": 85,
  "col": 14,
  "lit": "false"
}
[2025-11-13 23:33:52Z INFO ActionManifestManager] Input 'submodules': *** value evaluate result: {
  "type": 0,
  "file": 2,
  "line": 94,
  "col": 14,
  "lit": "false"
}
[2025-11-13 23:33:52Z INFO ActionManifestManager] Input 'set-safe-directory': *** value evaluate result: {
  "type": 0,
  "file": 2,
  "line": 97,
  "col": 14,
  "lit": "true"
}
[2025-11-13 23:33:52Z INFO ActionManifestManager] Input 'github-server-url': *** value evaluate result: ""
[2025-11-13 23:33:52Z INFO ExtensionManager] Getting extensions for interface: 'GitHub.Runner.Worker.IActionCommandExtension'
[2025-11-13 23:33:52Z INFO ActionCommandManager] Register action command extension for command internal-set-repo-path
[2025-11-13 23:33:52Z INFO ActionCommandManager] Register action command extension for command set-env
[2025-11-13 23:33:52Z INFO ActionCommandManager] Register action command extension for command set-output
[2025-11-13 23:33:52Z INFO ActionCommandManager] Register action command extension for command save-state
[2025-11-13 23:33:52Z INFO ActionCommandManager] Register action command extension for command add-path
[2025-11-13 23:33:52Z INFO ActionCommandManager] Register action command extension for command add-mask
[2025-11-13 23:33:52Z INFO ActionCommandManager] Register action command extension for command add-matcher
[2025-11-13 23:33:52Z INFO ActionCommandManager] Register action command extension for command remove-matcher
[2025-11-13 23:33:52Z INFO ActionCommandManager] Register action command extension for command warning
[2025-11-13 23:33:52Z INFO ActionCommandManager] Register action command extension for command error
[2025-11-13 23:33:52Z INFO ActionCommandManager] Register action command extension for command notice
[2025-11-13 23:33:52Z INFO ActionCommandManager] Register action command extension for command debug
[2025-11-13 23:33:52Z INFO ActionCommandManager] Register action command extension for command group
[2025-11-13 23:33:52Z INFO ActionCommandManager] Register action command extension for command endgroup
[2025-11-13 23:33:52Z INFO ActionCommandManager] Register action command extension for command echo
[2025-11-13 23:33:52Z INFO HostContext] Well known directory 'Bin': 'C:\Trabalho\actions-runner\bin'
[2025-11-13 23:33:52Z INFO HostContext] Well known directory 'Root': 'C:\Trabalho\actions-runner'
[2025-11-13 23:33:52Z INFO HostContext] Well known directory 'Externals': 'C:\Trabalho\actions-runner\externals'
[2025-11-13 23:33:52Z INFO ProcessInvokerWrapper] Starting process:
[2025-11-13 23:33:52Z INFO ProcessInvokerWrapper]   File name: 'C:\Trabalho\actions-runner\externals\node20\bin\node.exe'
[2025-11-13 23:33:52Z INFO ProcessInvokerWrapper]   Arguments: '"C:\Trabalho\actions-runner\_work\_actions\actions\checkout\v4\dist/index.js"'
[2025-11-13 23:33:52Z INFO ProcessInvokerWrapper]   Working directory: 'C:\Trabalho\actions-runner\_work\Trabalho\Trabalho'
[2025-11-13 23:33:52Z INFO ProcessInvokerWrapper]   Require exit code zero: 'False'
[2025-11-13 23:33:52Z INFO ProcessInvokerWrapper]   Encoding web name: utf-8 ; code page: '65001'
[2025-11-13 23:33:52Z INFO ProcessInvokerWrapper]   Force kill process on cancellation: 'False'
[2025-11-13 23:33:52Z INFO ProcessInvokerWrapper]   Redirected STDIN: 'False'
[2025-11-13 23:33:52Z INFO ProcessInvokerWrapper]   Persist current code page: 'True'
[2025-11-13 23:33:52Z INFO ProcessInvokerWrapper]   Keep redirected STDIN open: 'False'
[2025-11-13 23:33:52Z INFO ProcessInvokerWrapper]   High priority process: 'False'
[2025-11-13 23:33:52Z INFO ProcessInvokerWrapper] Process started with process id 17876, waiting for process exit.
[2025-11-13 23:33:52Z INFO JobServerQueue] Try to append 1 batches web console lines for record 'db68c160-f066-44b2-a6b2-d4c58615ca97', success rate: 1/1.
[2025-11-13 23:33:52Z INFO JobServerQueue] Try to append 1 batches web console lines for record '0f49a007-db6d-4596-b3cf-a8417818e39b', success rate: 1/1.
[2025-11-13 23:33:53Z INFO JobServerQueue] Got a step log file to send to results service.
[2025-11-13 23:33:53Z INFO JobServerQueue] Starting upload of step log file to results service ResultsLog, C:\Trabalho\actions-runner\_diag\blocks\6cc9bd11-139b-40d0-af12-69612d7f06be_db68c160-f066-44b2-a6b2-d4c58615ca97.1
[2025-11-13 23:33:53Z INFO JobServerQueue] Try to upload 1 log files or attachments, success rate: 1/1.
[2025-11-13 23:33:53Z INFO AddMaskCommandExtension] Add new secret mask with length of 32
[2025-11-13 23:33:53Z INFO JobServerQueue] Tried to upload 1 file(s) to results, success rate: 1/1.
[2025-11-13 23:33:53Z INFO JobServerQueue] Try to append 1 batches web console lines for record '0f49a007-db6d-4596-b3cf-a8417818e39b', success rate: 1/1.
[2025-11-13 23:33:54Z INFO JobServerQueue] Try to append 1 batches web console lines for record '0f49a007-db6d-4596-b3cf-a8417818e39b', success rate: 1/1.
[2025-11-13 23:33:55Z INFO ProcessInvokerWrapper] STDOUT/STDERR stream read finished.
[2025-11-13 23:33:55Z INFO ProcessInvokerWrapper] STDOUT/STDERR stream read finished.
[2025-11-13 23:33:55Z INFO ProcessInvokerWrapper] Finished process 17876 with exit code 0, and elapsed time 00:00:03.2349374.
[2025-11-13 23:33:56Z INFO CreateStepSummaryCommand] Step Summary file (C:\Trabalho\actions-runner\_work\_temp\_runner_file_commands\step_summary_7da5c1a5-d957-484b-a0ce-b64a92d74325) is empty; skipping attachment upload
[2025-11-13 23:33:56Z INFO StepsRunner] Step result: 
[2025-11-13 23:33:56Z INFO ExecutionContext] Publish step telemetry for current step {
  "action": "actions/checkout",
  "ref": "v4",
  "type": "node20",
  "stage": "Post",
  "stepId": "0f49a007-db6d-4596-b3cf-a8417818e39b",
  "result": "succeeded",
  "errorMessages": [
    "The process 'C:\\Program Files\\Git\\cmd\\git.exe' failed with exit code 128"
  ],
  "executionTimeInSeconds": 4,
  "startTime": "2025-11-13T23:33:52.6900679Z",
  "finishTime": "2025-11-13T23:33:56.0018975Z"
}.
[2025-11-13 23:33:56Z INFO StepsRunner] No need for updating job result with current step result 'Succeeded'.
[2025-11-13 23:33:56Z INFO StepsRunner] Current state: job state = 'Failed'
[2025-11-13 23:33:56Z INFO JobRunner] Finalize job.
[2025-11-13 23:33:56Z INFO HostContext] Well known directory 'Bin': 'C:\Trabalho\actions-runner\bin'
[2025-11-13 23:33:56Z INFO HostContext] Well known directory 'Root': 'C:\Trabalho\actions-runner'
[2025-11-13 23:33:56Z INFO HostContext] Well known directory 'Diag': 'C:\Trabalho\actions-runner\_diag'
[2025-11-13 23:33:56Z INFO HostContext] Well known directory 'Bin': 'C:\Trabalho\actions-runner\bin'
[2025-11-13 23:33:56Z INFO HostContext] Well known directory 'Root': 'C:\Trabalho\actions-runner'
[2025-11-13 23:33:56Z INFO HostContext] Well known directory 'Diag': 'C:\Trabalho\actions-runner\_diag'
[2025-11-13 23:33:56Z INFO JobExtension] Initialize Env context
[2025-11-13 23:33:56Z INFO JobExtension] Initialize steps context
[2025-11-13 23:33:56Z INFO JobExtension] Total accessible running process: 273.
[2025-11-13 23:33:56Z INFO ExecutionContext] Publish step telemetry for current step {
  "action": "complete_job",
  "type": "runner",
  "stage": "Post",
  "stepId": "823ba82b-43aa-4ac5-bbf4-0fda87b5ef27",
  "result": "succeeded",
  "errorMessages": [],
  "executionTimeInSeconds": 1,
  "startTime": "2025-11-13T23:33:56.0161775Z",
  "finishTime": "2025-11-13T23:33:56.0405485Z"
}.
[2025-11-13 23:33:56Z INFO JobRunner] Job result after all job steps finish: Failed
[2025-11-13 23:33:56Z INFO JobRunner] Completing the job execution context.
[2025-11-13 23:33:56Z INFO JobRunner] Shutting down the job server queue.
[2025-11-13 23:33:56Z INFO JobServerQueue] Fire signal to shutdown all queues.
[2025-11-13 23:33:56Z INFO JobServerQueue] All queue process task stopped.
[2025-11-13 23:33:56Z INFO JobServerQueue] Try to append 1 batches web console lines for record '0f49a007-db6d-4596-b3cf-a8417818e39b', success rate: 1/1.
[2025-11-13 23:33:56Z INFO JobServerQueue] Try to append 1 batches web console lines for record '823ba82b-43aa-4ac5-bbf4-0fda87b5ef27', success rate: 1/1.
[2025-11-13 23:33:56Z INFO JobServerQueue] Web console line queue drained.
[2025-11-13 23:33:56Z INFO JobServerQueue] Uploading 3 files in one shot.
[2025-11-13 23:33:56Z INFO JobServerQueue] Try to upload 3 log files or attachments, success rate: 3/3.
[2025-11-13 23:33:56Z INFO JobServerQueue] File upload queue drained.
[2025-11-13 23:33:56Z INFO JobServerQueue] Starting results-based upload queue...
[2025-11-13 23:33:56Z INFO JobServerQueue] Uploading 3 file(s) in one shot through results service.
[2025-11-13 23:33:56Z INFO JobServerQueue] Got a step log file to send to results service.
[2025-11-13 23:33:56Z INFO JobServerQueue] Starting upload of step log file to results service ResultsLog, C:\Trabalho\actions-runner\_diag\blocks\6cc9bd11-139b-40d0-af12-69612d7f06be_0f49a007-db6d-4596-b3cf-a8417818e39b.1
[2025-11-13 23:33:57Z INFO JobServerQueue] Got a step log file to send to results service.
[2025-11-13 23:33:57Z INFO JobServerQueue] Starting upload of step log file to results service ResultsLog, C:\Trabalho\actions-runner\_diag\blocks\6cc9bd11-139b-40d0-af12-69612d7f06be_823ba82b-43aa-4ac5-bbf4-0fda87b5ef27.1
[2025-11-13 23:33:57Z INFO JobServerQueue] Got a job log file to send to results service.
[2025-11-13 23:33:57Z INFO JobServerQueue] Starting upload of job log file to results service ResultsLog, C:\Trabalho\actions-runner\_diag\blocks\6cc9bd11-139b-40d0-af12-69612d7f06be_ed38bcd3-5a8d-5f65-9a81-fe4c6675b10c.1
[2025-11-13 23:33:58Z INFO JobServerQueue] Tried to upload 3 file(s) to results, success rate: 3/3.
[2025-11-13 23:33:58Z INFO JobServerQueue] Results upload queue drained.
[2025-11-13 23:33:58Z INFO JobServerQueue] Timeline update queue drained.
[2025-11-13 23:33:58Z INFO JobServerQueue] Disposing job server ...
[2025-11-13 23:33:58Z INFO JobServerQueue] Disposing results server ...
[2025-11-13 23:33:58Z INFO JobServerQueue] All queue process tasks have been stopped, and all queues are drained.
[2025-11-13 23:33:58Z INFO TempDirectoryManager] Cleaning runner temp folder: C:\Trabalho\actions-runner\_work\_temp
[2025-11-13 23:33:58Z INFO HostContext] Well known directory 'Bin': 'C:\Trabalho\actions-runner\bin'
[2025-11-13 23:33:58Z INFO HostContext] Well known directory 'Root': 'C:\Trabalho\actions-runner'
[2025-11-13 23:33:58Z INFO HostContext] Well known directory 'Diag': 'C:\Trabalho\actions-runner\_diag'
[2025-11-13 23:33:58Z INFO HostContext] Well known config file 'Telemetry': 'C:\Trabalho\actions-runner\_diag\.telemetry'
[2025-11-13 23:33:58Z INFO JobRunner] Raising job completed against run service
[2025-11-13 23:33:58Z INFO Worker] Job completed.
