[2025-11-12 19:02:29Z INFO HostContext] No proxy settings were found based on environmental variables (http_proxy/https_proxy/HTTP_PROXY/HTTPS_PROXY)
[2025-11-12 19:02:29Z INFO HostContext] Well known directory 'Bin': 'C:\Trabalho\actions-runner\bin'
[2025-11-12 19:02:29Z INFO HostContext] Well known directory 'Root': 'C:\Trabalho\actions-runner'
[2025-11-12 19:02:29Z INFO HostContext] Well known config file 'Credentials': 'C:\Trabalho\actions-runner\.credentials'
[2025-11-12 19:02:29Z INFO HostContext] Well known directory 'Bin': 'C:\Trabalho\actions-runner\bin'
[2025-11-12 19:02:29Z INFO HostContext] Well known directory 'Root': 'C:\Trabalho\actions-runner'
[2025-11-12 19:02:29Z INFO HostContext] Well known config file 'Runner': 'C:\Trabalho\actions-runner\.runner'
[2025-11-12 19:02:29Z INFO Worker] Version: 2.329.0
[2025-11-12 19:02:29Z INFO Worker] Commit: c76c59996c8fa32e989164a5a695efb12608ae5a
[2025-11-12 19:02:29Z INFO Worker] Culture: pt-BR
[2025-11-12 19:02:29Z INFO Worker] UI Culture: pt-BR
[2025-11-12 19:02:29Z INFO Worker] Waiting to receive the job message from the channel.
[2025-11-12 19:02:29Z INFO ProcessChannel] Receiving message of length 68000, with hash 'ff14a37552c31f2e45f9cdb3369e40ef91ec3b7f5da23decb334359514b4086e'
[2025-11-12 19:02:29Z INFO Worker] Message received.
[2025-11-12 19:02:31Z INFO Worker] Job message:
 {
  "fileTable": [
    ".github/workflows/cd.yml"
  ],
  "mask": [
    {
      "type": "regex",
      "value": "***"
    },
    {
      "type": "regex",
      "value": "***"
    },
    {
      "type": "regex",
      "value": "***"
    },
    {
      "type": "regex",
      "value": "***"
    },
    {
      "type": "regex",
      "value": "***"
    },
    {
      "type": "regex",
      "value": "***"
    },
    {
      "type": "regex",
      "value": "***"
    },
    {
      "type": "regex",
      "value": "***"
    },
    {
      "type": "regex",
      "value": "***"
    },
    {
      "type": "regex",
      "value": "***"
    },
    {
      "type": "regex",
      "value": "***"
    },
    {
      "type": "regex",
      "value": "***"
    },
    {
      "type": "regex",
      "value": "***"
    },
    {
      "type": "regex",
      "value": "***"
    },
    {
      "type": "regex",
      "value": "***"
    },
    {
      "type": "regex",
      "value": "***"
    },
    {
      "type": "regex",
      "value": "***"
    },
    {
      "type": "regex",
      "value": "***"
    }
  ],
  "steps": [
    {
      "type": "action",
      "reference": {
        "type": "repository",
        "name": "actions/checkout",
        "ref": "v4",
        "repositoryType": "GitHub"
      },
      "displayNameToken": {
        "type": 0,
        "file": 1,
        "line": 17,
        "col": 15,
        "lit": "Checkout"
      },
      "contextName": "__actions_checkout",
      "condition": "success()",
      "id": "d45a8169-4984-4be3-8da1-9b00a4f4c153",
      "name": "__actions_checkout"
    },
    {
      "type": "action",
      "reference": {
        "type": "script"
      },
      "displayNameToken": {
        "type": 0,
        "file": 1,
        "line": 20,
        "col": 15,
        "lit": "Set vars"
      },
      "contextName": "vars",
      "inputs": {
        "type": 2,
        "map": [
          {
            "key": "script",
            "value": {
              "type": 3,
              "file": 1,
              "line": 23,
              "col": 14,
              "expr": "format('\"IMAGE=jacksonugv/trabalho\" | Out-File $env:GITHUB_OUTPUT -Append\n$TAG_SHA = \"{0}\".Substring(0,7)\n\"TAG_SHA=$TAG_SHA\" | Out-File $env:GITHUB_OUTPUT -Append\n$ns = \"{1}\"\nif ([string]::IsNullOrWhiteSpace($ns)) {{ $ns = ''***'' }}\n\"NAMESPACE=$ns\" | Out-File $env:GITHUB_OUTPUT -Append\n', github.event.workflow_run.head_sha, secrets.K8S_NAMESPACE)"
            }
          },
          {
            "key": "shell",
            "value": {
              "type": 0,
              "file": 1,
              "line": 22,
              "col": 16,
              "lit": "powershell"
            }
          }
        ]
      },
      "condition": "success()",
      "id": "465f39fe-906c-47f6-9278-0d1b9a894353",
      "name": "vars"
    },
    {
      "type": "action",
      "reference": {
        "type": "repository",
        "name": "azure/setup-kubectl",
        "ref": "v4",
        "repositoryType": "GitHub"
      },
      "displayNameToken": {
        "type": 0,
        "file": 1,
        "line": 31,
        "col": 15,
        "lit": "Setup kubectl"
      },
      "contextName": "__azure_setup-kubectl",
      "inputs": {
        "type": 2,
        "file": 1,
        "line": 34,
        "col": 11,
        "map": [
          {
            "key": {
              "type": 0,
              "file": 1,
              "line": 34,
              "col": 11,
              "lit": "version"
            },
            "value": {
              "type": 0,
              "file": 1,
              "line": 34,
              "col": 20,
              "lit": "latest"
            }
          }
        ]
      },
      "condition": "success()",
      "id": "f7874e02-faaa-4049-81d8-06027a86c0e3",
      "name": "__azure_setup-kubectl"
    },
    {
      "type": "action",
      "reference": {
        "type": "script"
      },
      "displayNameToken": {
        "type": 0,
        "file": 1,
        "line": 38,
        "col": 15,
        "lit": "Configure kubeconfig (from Base64 Bytes)"
      },
      "contextName": "__run",
      "inputs": {
        "type": 2,
        "map": [
          {
            "key": "script",
            "value": {
              "type": 3,
              "file": 1,
              "line": 40,
              "col": 14,
              "expr": "format('$kubeDir = Join-Path $env:USERPROFILE \".kube\"\nNew-Item -ItemType Directory -Path $kubeDir -Force | Out-Null\n$path = Join-Path $kubeDir \"config\"\n$bytes = [Convert]::FromBase64String(\"{0}\")\n[IO.File]::WriteAllBytes($path, $bytes)\n', secrets.KUBE_CONFIG_DATA)"
            }
          },
          {
            "key": "shell",
            "value": {
              "type": 0,
              "file": 1,
              "line": 39,
              "col": 16,
              "lit": "powershell"
            }
          }
        ]
      },
      "condition": "success()",
      "id": "15e470ff-ea7d-475d-aab7-3df8ad9cda1b",
      "name": "__run"
    },
    {
      "type": "action",
      "reference": {
        "type": "script"
      },
      "displayNameToken": {
        "type": 0,
        "file": 1,
        "line": 50,
        "col": 15,
        "lit": "Smoke test kubectl"
      },
      "contextName": "__run_2",
      "inputs": {
        "type": 2,
        "map": [
          {
            "key": "script",
            "value": {
              "type": 0,
              "file": 1,
              "line": 52,
              "col": 14,
              "lit": "kubectl version --client\nkubectl config current-context\n"
            }
          },
          {
            "key": "shell",
            "value": {
              "type": 0,
              "file": 1,
              "line": 51,
              "col": 16,
              "lit": "powershell"
            }
          }
        ]
      },
      "condition": "success()",
      "id": "8196f83a-3c87-48dd-bddb-0b65df5dbb5e",
      "name": "__run_2"
    },
    {
      "type": "action",
      "reference": {
        "type": "script"
      },
      "displayNameToken": {
        "type": 0,
        "file": 1,
        "line": 56,
        "col": 15,
        "lit": "Create namespace if not exists"
      },
      "contextName": "__run_3",
      "inputs": {
        "type": 2,
        "map": [
          {
            "key": "script",
            "value": {
              "type": 3,
              "file": 1,
              "line": 58,
              "col": 14,
              "expr": "format('$ns=''{0}''\nkubectl get ns $ns 2>$null\nif ($LASTEXITCODE -ne 0) {{ kubectl create ns $ns }}\n', steps.vars.outputs.NAMESPACE)"
            }
          },
          {
            "key": "shell",
            "value": {
              "type": 0,
              "file": 1,
              "line": 57,
              "col": 16,
              "lit": "powershell"
            }
          }
        ]
      },
      "condition": "success()",
      "id": "3ef11efb-337e-486e-814f-c620cd02721b",
      "name": "__run_3"
    },
    {
      "type": "action",
      "reference": {
        "type": "script"
      },
      "displayNameToken": {
        "type": 0,
        "file": 1,
        "line": 63,
        "col": 15,
        "lit": "Apply base manifests (Service, Prometheus, Grafana, Nginx)"
      },
      "contextName": "__run_4",
      "inputs": {
        "type": 2,
        "map": [
          {
            "key": "script",
            "value": {
              "type": 3,
              "file": 1,
              "line": 65,
              "col": 14,
              "expr": "format('$ns=''{0}''\nkubectl apply -n $ns -f k8s/service.yaml\nkubectl apply -n $ns -f k8s/prometheus-config.yaml\nkubectl apply -n $ns -f k8s/prometheus-deployment.yaml\nkubectl apply -n $ns -f k8s/grafana-deployment.yaml\nkubectl apply -n $ns -f k8s/nginx-deployment.yaml\nkubectl apply -n $ns -f k8s/nginx-service.yaml\n', steps.vars.outputs.NAMESPACE)"
            }
          },
          {
            "key": "shell",
            "value": {
              "type": 0,
              "file": 1,
              "line": 64,
              "col": 16,
              "lit": "powershell"
            }
          }
        ]
      },
      "condition": "success()",
      "id": "a08ea90d-b6be-4710-a7c1-88774948e7a6",
      "name": "__run_4"
    },
    {
      "type": "action",
      "reference": {
        "type": "script"
      },
      "displayNameToken": {
        "type": 0,
        "file": 1,
        "line": 74,
        "col": 15,
        "lit": "Apply app deployment (first time)"
      },
      "contextName": "__run_5",
      "inputs": {
        "type": 2,
        "map": [
          {
            "key": "script",
            "value": {
              "type": 3,
              "file": 1,
              "line": 76,
              "col": 14,
              "expr": "format('kubectl apply -n {0} -f k8s/deployment.yaml\n', steps.vars.outputs.NAMESPACE)"
            }
          },
          {
            "key": "shell",
            "value": {
              "type": 0,
              "file": 1,
              "line": 75,
              "col": 16,
              "lit": "powershell"
            }
          }
        ]
      },
      "condition": "success()",
      "id": "c2ccdd23-d986-4005-9009-786968a023fb",
      "name": "__run_5"
    },
    {
      "type": "action",
      "reference": {
        "type": "script"
      },
      "displayNameToken": {
        "type": 0,
        "file": 1,
        "line": 79,
        "col": 15,
        "lit": "Set image to new tag"
      },
      "contextName": "__run_6",
      "inputs": {
        "type": 2,
        "map": [
          {
            "key": "script",
            "value": {
              "type": 3,
              "file": 1,
              "line": 81,
              "col": 14,
              "expr": "format('kubectl set image deployment/trabalho trabalho={0}:{1} -n {2}\n', steps.vars.outputs.IMAGE, steps.vars.outputs.TAG_SHA, steps.vars.outputs.NAMESPACE)"
            }
          },
          {
            "key": "shell",
            "value": {
              "type": 0,
              "file": 1,
              "line": 80,
              "col": 16,
              "lit": "powershell"
            }
          }
        ]
      },
      "condition": "success()",
      "id": "98794037-a046-46bc-8a39-11235e1c45ed",
      "name": "__run_6"
    },
    {
      "type": "action",
      "reference": {
        "type": "script"
      },
      "displayNameToken": {
        "type": 0,
        "file": 1,
        "line": 84,
        "col": 15,
        "lit": "Wait rollout"
      },
      "contextName": "__run_7",
      "inputs": {
        "type": 2,
        "map": [
          {
            "key": "script",
            "value": {
              "type": 3,
              "file": 1,
              "line": 86,
              "col": 14,
              "expr": "format('kubectl rollout status deployment/trabalho -n {0} --timeout=120s\n', steps.vars.outputs.NAMESPACE)"
            }
          },
          {
            "key": "shell",
            "value": {
              "type": 0,
              "file": 1,
              "line": 85,
              "col": 16,
              "lit": "powershell"
            }
          }
        ]
      },
      "condition": "success()",
      "id": "023df789-cedb-4e72-8134-f8477548b2c5",
      "name": "__run_7"
    },
    {
      "type": "action",
      "reference": {
        "type": "script"
      },
      "displayNameToken": {
        "type": 0,
        "file": 1,
        "line": 89,
        "col": 15,
        "lit": "Show services (debug)"
      },
      "contextName": "__run_8",
      "inputs": {
        "type": 2,
        "map": [
          {
            "key": "script",
            "value": {
              "type": 3,
              "file": 1,
              "line": 91,
              "col": 14,
              "expr": "format('kubectl get svc -n {0}\nkubectl get pods -o wide -n {1}\n', steps.vars.outputs.NAMESPACE, steps.vars.outputs.NAMESPACE)"
            }
          },
          {
            "key": "shell",
            "value": {
              "type": 0,
              "file": 1,
              "line": 90,
              "col": 16,
              "lit": "powershell"
            }
          }
        ]
      },
      "condition": "success()",
      "id": "d115bee0-33f3-4518-b5f0-c710ec84d75f",
      "name": "__run_8"
    }
  ],
  "variables": {
    "Actions.EnableHttpRedirects": {
      "value": "true"
    },
    "DistributedTask.AddWarningToNode12Action": {
      "value": "true"
    },
    "DistributedTask.AddWarningToNode16Action": {
      "value": "true"
    },
    "DistributedTask.AllowRunnerContainerHooks": {
      "value": "true"
    },
    "DistributedTask.DeprecateStepOutputCommands": {
      "value": "true"
    },
    "DistributedTask.DetailUntarFailure": {
      "value": "true"
    },
    "DistributedTask.EnableCompositeActions": {
      "value": "true"
    },
    "DistributedTask.EnableJobServerQueueTelemetry": {
      "value": "true"
    },
    "DistributedTask.EnhancedAnnotations": {
      "value": "true"
    },
    "DistributedTask.ForceGithubJavascriptActionsToNode16": {
      "value": "true"
    },
    "DistributedTask.ForceGithubJavascriptActionsToNode20": {
      "value": "true"
    },
    "DistributedTask.LogTemplateErrorsAsDebugMessages": {
      "value": "true"
    },
    "DistributedTask.MarkJobAsFailedOnWorkerCrash": {
      "value": "true"
    },
    "DistributedTask.NewActionMetadata": {
      "value": "true"
    },
    "DistributedTask.UploadStepSummary": {
      "value": "true"
    },
    "DistributedTask.UseActionArchiveCache": {
      "value": "true"
    },
    "DistributedTask.UseWhich2": {
      "value": "true"
    },
    "K8S_NAMESPACE": {
      "value": "***",
      "isSecret": true
    },
    "KUBE_CONFIG_DATA": {
      "value": "***",
      "isSecret": true
    },
    "RunService.FixEmbeddedIssues": {
      "value": "true"
    },
    "actions_add_check_run_id_to_job_context": {
      "value": "true"
    },
    "actions_container_action_runner_temp": {
      "value": "false"
    },
    "actions_display_helpful_actions_download_errors": {
      "value": "true"
    },
    "actions_skip_retry_complete_job_upon_known_errors": {
      "value": "true"
    },
    "actions_uses_cache_service_v2": {
      "value": "true"
    },
    "github_token": {
      "value": "***",
      "isSecret": true
    },
    "system.from_run_service": {
      "value": "true"
    },
    "system.github.job": {
      "value": "deploy"
    },
    "system.github.launch_endpoint": {
      "value": "https://launch.actions.githubusercontent.com"
    },
    "system.github.results_endpoint": {
      "value": "https://results-receiver.actions.githubusercontent.com/"
    },
    "system.github.results_upload_with_sdk": {
      "value": "true"
    },
    "system.github.token": {
      "value": "***",
      "isSecret": true
    },
    "system.github.token.permissions": {
      "value": "{\"Contents\":\"read\",\"Metadata\":\"read\"}"
    },
    "system.orchestrationId": {
      "value": "9e87817d-537d-4dcf-85a8-9a41e3724c7a.deploy.__***"
    },
    "system.phaseDisplayName": {
      "value": "deploy"
    },
    "system.runner.lowdiskspacethreshold": {
      "value": "100"
    },
    "system.runnerEnvironment": {
      "value": "self-hosted"
    },
    "system.runnerGroupName": {
      "value": "Default"
    }
  },
  "messageType": "RunnerJobRequest",
  "plan": {
    "scopeIdentifier": "00000000-0000-0000-0000-000000000000",
    "planType": "actions",
    "version": 0,
    "planId": "9e87817d-537d-4dcf-85a8-9a41e3724c7a",
    "planGroup": null,
    "artifactUri": null,
    "artifactLocation": null,
    "definition": null,
    "owner": null
  },
  "timeline": {
    "id": "9e87817d-537d-4dcf-85a8-9a41e3724c7a",
    "changeId": 0,
    "location": null
  },
  "jobId": "0d28dc04-42cf-5255-8764-32b00b9c4dbb",
  "jobDisplayName": "deploy",
  "jobName": "__***",
  "requestId": 0,
  "lockedUntil": "0001-01-01T00:00:00",
  "resources": {
    "endpoints": [
      {
        "data": {
          "ServerId": "",
          "ServerName": "",
          "CacheServerUrl": "https://artifactcache.actions.githubusercontent.com/8JPZzNWccmXB7pq2VFBusNDSXBCXxapWLLJA8jAevyJ7azicMC/",
          "FeedStreamUrl": "wss://results-receiver.actions.githubusercontent.com/_ws/ingest.sock",
          "ResultsServiceUrl": "https://results-receiver.actions.githubusercontent.com/",
          "PipelinesServiceUrl": "https://pipelinesghubeus24.actions.githubusercontent.com/8JPZzNWccmXB7pq2VFBusNDSXBCXxapWLLJA8jAevyJ7azicMC/",
          "GenerateIdTokenUrl": ""
        },
        "name": "SystemVssConnection",
        "url": "https://run-actions-1-azure-eastus.actions.githubusercontent.com/123/",
        "authorization": {
          "parameters": {
            "AccessToken": "***"
          },
          "scheme": "OAuth"
        },
        "isShared": false,
        "isReady": true
      }
    ]
  },
  "contextData": {
    "github": {
      "t": 2,
      "d": [
        {
          "k": "ref",
          "v": "refs/heads/main"
        },
        {
          "k": "sha",
          "v": "595cb35d187580babf75cb1558485fd55dfd83e6"
        },
        {
          "k": "repository",
          "v": "potinhek/Trabalho"
        },
        {
          "k": "repository_owner",
          "v": "potinhek"
        },
        {
          "k": "repository_owner_id",
          "v": "127362942"
        },
        {
          "k": "repositoryUrl",
          "v": "git://github.com/potinhek/Trabalho.git"
        },
        {
          "k": "run_id",
          "v": "19273050816"
        },
        {
          "k": "run_number",
          "v": "16"
        },
        {
          "k": "retention_days",
          "v": "90"
        },
        {
          "k": "run_attempt",
          "v": "3"
        },
        {
          "k": "artifact_cache_size_limit",
          "v": "10"
        },
        {
          "k": "repository_visibility",
          "v": "public"
        },
        {
          "k": "actor_id",
          "v": "127362942"
        },
        {
          "k": "actor",
          "v": "potinhek"
        },
        {
          "k": "workflow",
          "v": "CD - Deploy to Kubernetes"
        },
        {
          "k": "head_ref",
          "v": ""
        },
        {
          "k": "base_ref",
          "v": ""
        },
        {
          "k": "event_name",
          "v": "workflow_run"
        },
        {
          "k": "server_url",
          "v": "https://github.com"
        },
        {
          "k": "api_url",
          "v": "https://api.github.com"
        },
        {
          "k": "graphql_url",
          "v": "https://api.github.com/graphql"
        },
        {
          "k": "ref_name",
          "v": "main"
        },
        {
          "k": "ref_protected",
          "v": false
        },
        {
          "k": "ref_type",
          "v": "branch"
        },
        {
          "k": "secret_source",
          "v": "Actions"
        },
        {
          "k": "event",
          "v": {
            "t": 2,
            "d": [
              {
                "k": "action",
                "v": "completed"
              },
              {
                "k": "repository",
                "v": {
                  "t": 2,
                  "d": [
                    {
                      "k": "allow_forking",
                      "v": true
                    },
                    {
                      "k": "archive_url",
                      "v": "https://api.github.com/repos/potinhek/Trabalho/{archive_format}{/ref}"
                    },
                    {
                      "k": "archived",
                      "v": false
                    },
                    {
                      "k": "assignees_url",
                      "v": "https://api.github.com/repos/potinhek/Trabalho/assignees{/user}"
                    },
                    {
                      "k": "blobs_url",
                      "v": "https://api.github.com/repos/potinhek/Trabalho/git/blobs{/sha}"
                    },
                    {
                      "k": "branches_url",
                      "v": "https://api.github.com/repos/potinhek/Trabalho/branches{/branch}"
                    },
                    {
                      "k": "clone_url",
                      "v": "https://github.com/potinhek/Trabalho.git"
                    },
                    {
                      "k": "collaborators_url",
                      "v": "https://api.github.com/repos/potinhek/Trabalho/collaborators{/collaborator}"
                    },
                    {
                      "k": "comments_url",
                      "v": "https://api.github.com/repos/potinhek/Trabalho/comments{/number}"
                    },
                    {
                      "k": "commits_url",
                      "v": "https://api.github.com/repos/potinhek/Trabalho/commits{/sha}"
                    },
                    {
                      "k": "compare_url",
                      "v": "https://api.github.com/repos/potinhek/Trabalho/compare/{base}...{head}"
                    },
                    {
                      "k": "contents_url",
                      "v": "https://api.github.com/repos/potinhek/Trabalho/contents/{+path}"
                    },
                    {
                      "k": "contributors_url",
                      "v": "https://api.github.com/repos/potinhek/Trabalho/contributors"
                    },
                    {
                      "k": "created_at",
                      "v": "2025-10-31T22:59:52Z"
                    },
                    {
                      "k": "***_branch",
                      "v": "main"
                    },
                    {
                      "k": "deployments_url",
                      "v": "https://api.github.com/repos/potinhek/Trabalho/deployments"
                    },
                    {
                      "k": "description",
                      "v": null
                    },
                    {
                      "k": "disabled",
                      "v": false
                    },
                    {
                      "k": "downloads_url",
                      "v": "https://api.github.com/repos/potinhek/Trabalho/downloads"
                    },
                    {
                      "k": "events_url",
                      "v": "https://api.github.com/repos/potinhek/Trabalho/events"
                    },
                    {
                      "k": "fork",
                      "v": false
                    },
                    {
                      "k": "forks",
                      "v": 0.0
                    },
                    {
                      "k": "forks_count",
                      "v": 0.0
                    },
                    {
                      "k": "forks_url",
                      "v": "https://api.github.com/repos/potinhek/Trabalho/forks"
                    },
                    {
                      "k": "full_name",
                      "v": "potinhek/Trabalho"
                    },
                    {
                      "k": "git_commits_url",
                      "v": "https://api.github.com/repos/potinhek/Trabalho/git/commits{/sha}"
                    },
                    {
                      "k": "git_refs_url",
                      "v": "https://api.github.com/repos/potinhek/Trabalho/git/refs{/sha}"
                    },
                    {
                      "k": "git_tags_url",
                      "v": "https://api.github.com/repos/potinhek/Trabalho/git/tags{/sha}"
                    },
                    {
                      "k": "git_url",
                      "v": "git://github.com/potinhek/Trabalho.git"
                    },
                    {
                      "k": "has_discussions",
                      "v": false
                    },
                    {
                      "k": "has_downloads",
                      "v": true
                    },
                    {
                      "k": "has_issues",
                      "v": true
                    },
                    {
                      "k": "has_pages",
                      "v": false
                    },
                    {
                      "k": "has_projects",
                      "v": true
                    },
                    {
                      "k": "has_wiki",
                      "v": true
                    },
                    {
                      "k": "homepage",
                      "v": null
                    },
                    {
                      "k": "hooks_url",
                      "v": "https://api.github.com/repos/potinhek/Trabalho/hooks"
                    },
                    {
                      "k": "html_url",
                      "v": "https://github.com/potinhek/Trabalho"
                    },
                    {
                      "k": "id",
                      "v": 1087436599.0
                    },
                    {
                      "k": "is_template",
                      "v": false
                    },
                    {
                      "k": "issue_comment_url",
                      "v": "https://api.github.com/repos/potinhek/Trabalho/issues/comments{/number}"
                    },
                    {
                      "k": "issue_events_url",
                      "v": "https://api.github.com/repos/potinhek/Trabalho/issues/events{/number}"
                    },
                    {
                      "k": "issues_url",
                      "v": "https://api.github.com/repos/potinhek/Trabalho/issues{/number}"
                    },
                    {
                      "k": "keys_url",
                      "v": "https://api.github.com/repos/potinhek/Trabalho/keys{/key_id}"
                    },
                    {
                      "k": "labels_url",
                      "v": "https://api.github.com/repos/potinhek/Trabalho/labels{/name}"
                    },
                    {
                      "k": "language",
                      "v": "JavaScript"
                    },
                    {
                      "k": "languages_url",
                      "v": "https://api.github.com/repos/potinhek/Trabalho/languages"
                    },
                    {
                      "k": "license",
                      "v": null
                    },
                    {
                      "k": "merges_url",
                      "v": "https://api.github.com/repos/potinhek/Trabalho/merges"
                    },
                    {
                      "k": "milestones_url",
                      "v": "https://api.github.com/repos/potinhek/Trabalho/milestones{/number}"
                    },
                    {
                      "k": "mirror_url",
                      "v": null
                    },
                    {
                      "k": "name",
                      "v": "Trabalho"
                    },
                    {
                      "k": "node_id",
                      "v": "R_kgDOQND3Nw"
                    },
                    {
                      "k": "notifications_url",
                      "v": "https://api.github.com/repos/potinhek/Trabalho/notifications{?since,all,participating}"
                    },
                    {
                      "k": "open_issues",
                      "v": 0.0
                    },
                    {
                      "k": "open_issues_count",
                      "v": 0.0
                    },
                    {
                      "k": "owner",
                      "v": {
                        "t": 2,
                        "d": [
                          {
                            "k": "avatar_url",
                            "v": "https://avatars.githubusercontent.com/u/127362942?v=4"
                          },
                          {
                            "k": "events_url",
                            "v": "https://api.github.com/users/potinhek/events{/privacy}"
                          },
                          {
                            "k": "followers_url",
                            "v": "https://api.github.com/users/potinhek/followers"
                          },
                          {
                            "k": "following_url",
                            "v": "https://api.github.com/users/potinhek/following{/other_user}"
                          },
                          {
                            "k": "gists_url",
                            "v": "https://api.github.com/users/potinhek/gists{/gist_id}"
                          },
                          {
                            "k": "gravatar_id",
                            "v": ""
                          },
                          {
                            "k": "html_url",
                            "v": "https://github.com/potinhek"
                          },
                          {
                            "k": "id",
                            "v": 127362942.0
                          },
                          {
                            "k": "login",
                            "v": "potinhek"
                          },
                          {
                            "k": "node_id",
                            "v": "U_kgDOB5dnfg"
                          },
                          {
                            "k": "organizations_url",
                            "v": "https://api.github.com/users/potinhek/orgs"
                          },
                          {
                            "k": "received_events_url",
                            "v": "https://api.github.com/users/potinhek/received_events"
                          },
                          {
                            "k": "repos_url",
                            "v": "https://api.github.com/users/potinhek/repos"
                          },
                          {
                            "k": "site_admin",
                            "v": false
                          },
                          {
                            "k": "starred_url",
                            "v": "https://api.github.com/users/potinhek/starred{/owner}{/repo}"
                          },
                          {
                            "k": "subscriptions_url",
                            "v": "https://api.github.com/users/potinhek/subscriptions"
                          },
                          {
                            "k": "type",
                            "v": "User"
                          },
                          {
                            "k": "url",
                            "v": "https://api.github.com/users/potinhek"
                          },
                          {
                            "k": "user_view_type",
                            "v": "public"
                          }
                        ]
                      }
                    },
                    {
                      "k": "private",
                      "v": false
                    },
                    {
                      "k": "pulls_url",
                      "v": "https://api.github.com/repos/potinhek/Trabalho/pulls{/number}"
                    },
                    {
                      "k": "pushed_at",
                      "v": "2025-11-11T17:06:13Z"
                    },
                    {
                      "k": "releases_url",
                      "v": "https://api.github.com/repos/potinhek/Trabalho/releases{/id}"
                    },
                    {
                      "k": "size",
                      "v": 2078.0
                    },
                    {
                      "k": "ssh_url",
                      "v": "git@github.com:potinhek/Trabalho.git"
                    },
                    {
                      "k": "stargazers_count",
                      "v": 0.0
                    },
                    {
                      "k": "stargazers_url",
                      "v": "https://api.github.com/repos/potinhek/Trabalho/stargazers"
                    },
                    {
                      "k": "statuses_url",
                      "v": "https://api.github.com/repos/potinhek/Trabalho/statuses/{sha}"
                    },
                    {
                      "k": "subscribers_url",
                      "v": "https://api.github.com/repos/potinhek/Trabalho/subscribers"
                    },
                    {
                      "k": "subscription_url",
                      "v": "https://api.github.com/repos/potinhek/Trabalho/subscription"
                    },
                    {
                      "k": "svn_url",
                      "v": "https://github.com/potinhek/Trabalho"
                    },
                    {
                      "k": "tags_url",
                      "v": "https://api.github.com/repos/potinhek/Trabalho/tags"
                    },
                    {
                      "k": "teams_url",
                      "v": "https://api.github.com/repos/potinhek/Trabalho/teams"
                    },
                    {
                      "k": "topics",
                      "v": {
                        "t": 1
                      }
                    },
                    {
                      "k": "trees_url",
                      "v": "https://api.github.com/repos/potinhek/Trabalho/git/trees{/sha}"
                    },
                    {
                      "k": "updated_at",
                      "v": "2025-11-11T17:06:17Z"
                    },
                    {
                      "k": "url",
                      "v": "https://api.github.com/repos/potinhek/Trabalho"
                    },
                    {
                      "k": "visibility",
                      "v": "public"
                    },
                    {
                      "k": "watchers",
                      "v": 0.0
                    },
                    {
                      "k": "watchers_count",
                      "v": 0.0
                    },
                    {
                      "k": "web_commit_signoff_required",
                      "v": false
                    }
                  ]
                }
              },
              {
                "k": "sender",
                "v": {
                  "t": 2,
                  "d": [
                    {
                      "k": "avatar_url",
                      "v": "https://avatars.githubusercontent.com/u/127362942?v=4"
                    },
                    {
                      "k": "events_url",
                      "v": "https://api.github.com/users/potinhek/events{/privacy}"
                    },
                    {
                      "k": "followers_url",
                      "v": "https://api.github.com/users/potinhek/followers"
                    },
                    {
                      "k": "following_url",
                      "v": "https://api.github.com/users/potinhek/following{/other_user}"
                    },
                    {
                      "k": "gists_url",
                      "v": "https://api.github.com/users/potinhek/gists{/gist_id}"
                    },
                    {
                      "k": "gravatar_id",
                      "v": ""
                    },
                    {
                      "k": "html_url",
                      "v": "https://github.com/potinhek"
                    },
                    {
                      "k": "id",
                      "v": 127362942.0
                    },
                    {
                      "k": "login",
                      "v": "potinhek"
                    },
                    {
                      "k": "node_id",
                      "v": "U_kgDOB5dnfg"
                    },
                    {
                      "k": "organizations_url",
                      "v": "https://api.github.com/users/potinhek/orgs"
                    },
                    {
                      "k": "received_events_url",
                      "v": "https://api.github.com/users/potinhek/received_events"
                    },
                    {
                      "k": "repos_url",
                      "v": "https://api.github.com/users/potinhek/repos"
                    },
                    {
                      "k": "site_admin",
                      "v": false
                    },
                    {
                      "k": "starred_url",
                      "v": "https://api.github.com/users/potinhek/starred{/owner}{/repo}"
                    },
                    {
                      "k": "subscriptions_url",
                      "v": "https://api.github.com/users/potinhek/subscriptions"
                    },
                    {
                      "k": "type",
                      "v": "User"
                    },
                    {
                      "k": "url",
                      "v": "https://api.github.com/users/potinhek"
                    },
                    {
                      "k": "user_view_type",
                      "v": "public"
                    }
                  ]
                }
              },
              {
                "k": "workflow",
                "v": {
                  "t": 2,
                  "d": [
                    {
                      "k": "badge_url",
                      "v": "https://github.com/potinhek/Trabalho/workflows/CI%20Build%20&%20Push%20Docker/badge.svg"
                    },
                    {
                      "k": "created_at",
                      "v": "2025-11-07T15:36:09.000Z"
                    },
                    {
                      "k": "html_url",
                      "v": "https://github.com/potinhek/Trabalho/blob/main/.github/workflows/ci.yml"
                    },
                    {
                      "k": "id",
                      "v": 204903889.0
                    },
                    {
                      "k": "name",
                      "v": "CI Build & Push Docker"
                    },
                    {
                      "k": "node_id",
                      "v": "W_kwDOQND3N84MNpXR"
                    },
                    {
                      "k": "path",
                      "v": ".github/workflows/ci.yml"
                    },
                    {
                      "k": "state",
                      "v": "active"
                    },
                    {
                      "k": "updated_at",
                      "v": "2025-11-07T15:36:09.000Z"
                    },
                    {
                      "k": "url",
                      "v": "https://api.github.com/repos/potinhek/Trabalho/actions/workflows/204903889"
                    }
                  ]
                }
              },
              {
                "k": "workflow_run",
                "v": {
                  "t": 2,
                  "d": [
                    {
                      "k": "actor",
                      "v": {
                        "t": 2,
                        "d": [
                          {
                            "k": "avatar_url",
                            "v": "https://avatars.githubusercontent.com/u/127362942?v=4"
                          },
                          {
                            "k": "events_url",
                            "v": "https://api.github.com/users/potinhek/events{/privacy}"
                          },
                          {
                            "k": "followers_url",
                            "v": "https://api.github.com/users/potinhek/followers"
                          },
                          {
                            "k": "following_url",
                            "v": "https://api.github.com/users/potinhek/following{/other_user}"
                          },
                          {
                            "k": "gists_url",
                            "v": "https://api.github.com/users/potinhek/gists{/gist_id}"
                          },
                          {
                            "k": "gravatar_id",
                            "v": ""
                          },
                          {
                            "k": "html_url",
                            "v": "https://github.com/potinhek"
                          },
                          {
                            "k": "id",
                            "v": 127362942.0
                          },
                          {
                            "k": "login",
                            "v": "potinhek"
                          },
                          {
                            "k": "node_id",
                            "v": "U_kgDOB5dnfg"
                          },
                          {
                            "k": "organizations_url",
                            "v": "https://api.github.com/users/potinhek/orgs"
                          },
                          {
                            "k": "received_events_url",
                            "v": "https://api.github.com/users/potinhek/received_events"
                          },
                          {
                            "k": "repos_url",
                            "v": "https://api.github.com/users/potinhek/repos"
                          },
                          {
                            "k": "site_admin",
                            "v": false
                          },
                          {
                            "k": "starred_url",
                            "v": "https://api.github.com/users/potinhek/starred{/owner}{/repo}"
                          },
                          {
                            "k": "subscriptions_url",
                            "v": "https://api.github.com/users/potinhek/subscriptions"
                          },
                          {
                            "k": "type",
                            "v": "User"
                          },
                          {
                            "k": "url",
                            "v": "https://api.github.com/users/potinhek"
                          },
                          {
                            "k": "user_view_type",
                            "v": "public"
                          }
                        ]
                      }
                    },
                    {
                      "k": "artifacts_url",
                      "v": "https://api.github.com/repos/potinhek/Trabalho/actions/runs/19273031572/artifacts"
                    },
                    {
                      "k": "cancel_url",
                      "v": "https://api.github.com/repos/potinhek/Trabalho/actions/runs/19273031572/cancel"
                    },
                    {
                      "k": "check_suite_id",
                      "v": 49652157923.0
                    },
                    {
                      "k": "check_suite_node_id",
                      "v": "CS_kwDOQND3N88AAAALj3_N4w"
                    },
                    {
                      "k": "check_suite_url",
                      "v": "https://api.github.com/repos/potinhek/Trabalho/check-suites/49652157923"
                    },
                    {
                      "k": "conclusion",
                      "v": "success"
                    },
                    {
                      "k": "created_at",
                      "v": "2025-11-11T17:06:15Z"
                    },
                    {
                      "k": "display_title",
                      "v": "trigger cd with minikube running"
                    },
                    {
                      "k": "event",
                      "v": "push"
                    },
                    {
                      "k": "head_branch",
                      "v": "main"
                    },
                    {
                      "k": "head_commit",
                      "v": {
                        "t": 2,
                        "d": [
                          {
                            "k": "author",
                            "v": {
                              "t": 2,
                              "d": [
                                {
                                  "k": "email",
                                  "v": "jacksonpotinhek@gmail.com"
                                },
                                {
                                  "k": "name",
                                  "v": "jackson"
                                }
                              ]
                            }
                          },
                          {
                            "k": "committer",
                            "v": {
                              "t": 2,
                              "d": [
                                {
                                  "k": "email",
                                  "v": "jacksonpotinhek@gmail.com"
                                },
                                {
                                  "k": "name",
                                  "v": "jackson"
                                }
                              ]
                            }
                          },
                          {
                            "k": "id",
                            "v": "595cb35d187580babf75cb1558485fd55dfd83e6"
                          },
                          {
                            "k": "message",
                            "v": "trigger cd with minikube running"
                          },
                          {
                            "k": "timestamp",
                            "v": "2025-11-11T17:06:12Z"
                          },
                          {
                            "k": "tree_id",
                            "v": "4408c0b04d3ef71d06507d56c9e31b991886ff89"
                          }
                        ]
                      }
                    },
                    {
                      "k": "head_repository",
                      "v": {
                        "t": 2,
                        "d": [
                          {
                            "k": "archive_url",
                            "v": "https://api.github.com/repos/potinhek/Trabalho/{archive_format}{/ref}"
                          },
                          {
                            "k": "assignees_url",
                            "v": "https://api.github.com/repos/potinhek/Trabalho/assignees{/user}"
                          },
                          {
                            "k": "blobs_url",
                            "v": "https://api.github.com/repos/potinhek/Trabalho/git/blobs{/sha}"
                          },
                          {
                            "k": "branches_url",
                            "v": "https://api.github.com/repos/potinhek/Trabalho/branches{/branch}"
                          },
                          {
                            "k": "collaborators_url",
                            "v": "https://api.github.com/repos/potinhek/Trabalho/collaborators{/collaborator}"
                          },
                          {
                            "k": "comments_url",
                            "v": "https://api.github.com/repos/potinhek/Trabalho/comments{/number}"
                          },
                          {
                            "k": "commits_url",
                            "v": "https://api.github.com/repos/potinhek/Trabalho/commits{/sha}"
                          },
                          {
                            "k": "compare_url",
                            "v": "https://api.github.com/repos/potinhek/Trabalho/compare/{base}...{head}"
                          },
                          {
                            "k": "contents_url",
                            "v": "https://api.github.com/repos/potinhek/Trabalho/contents/{+path}"
                          },
                          {
                            "k": "contributors_url",
                            "v": "https://api.github.com/repos/potinhek/Trabalho/contributors"
                          },
                          {
                            "k": "deployments_url",
                            "v": "https://api.github.com/repos/potinhek/Trabalho/deployments"
                          },
                          {
                            "k": "description",
                            "v": null
                          },
                          {
                            "k": "downloads_url",
                            "v": "https://api.github.com/repos/potinhek/Trabalho/downloads"
                          },
                          {
                            "k": "events_url",
                            "v": "https://api.github.com/repos/potinhek/Trabalho/events"
                          },
                          {
                            "k": "fork",
                            "v": false
                          },
                          {
                            "k": "forks_url",
                            "v": "https://api.github.com/repos/potinhek/Trabalho/forks"
                          },
                          {
                            "k": "full_name",
                            "v": "potinhek/Trabalho"
                          },
                          {
                            "k": "git_commits_url",
                            "v": "https://api.github.com/repos/potinhek/Trabalho/git/commits{/sha}"
                          },
                          {
                            "k": "git_refs_url",
                            "v": "https://api.github.com/repos/potinhek/Trabalho/git/refs{/sha}"
                          },
                          {
                            "k": "git_tags_url",
                            "v": "https://api.github.com/repos/potinhek/Trabalho/git/tags{/sha}"
                          },
                          {
                            "k": "hooks_url",
                            "v": "https://api.github.com/repos/potinhek/Trabalho/hooks"
                          },
                          {
                            "k": "html_url",
                            "v": "https://github.com/potinhek/Trabalho"
                          },
                          {
                            "k": "id",
                            "v": 1087436599.0
                          },
                          {
                            "k": "issue_comment_url",
                            "v": "https://api.github.com/repos/potinhek/Trabalho/issues/comments{/number}"
                          },
                          {
                            "k": "issue_events_url",
                            "v": "https://api.github.com/repos/potinhek/Trabalho/issues/events{/number}"
                          },
                          {
                            "k": "issues_url",
                            "v": "https://api.github.com/repos/potinhek/Trabalho/issues{/number}"
                          },
                          {
                            "k": "keys_url",
                            "v": "https://api.github.com/repos/potinhek/Trabalho/keys{/key_id}"
                          },
                          {
                            "k": "labels_url",
                            "v": "https://api.github.com/repos/potinhek/Trabalho/labels{/name}"
                          },
                          {
                            "k": "languages_url",
                            "v": "https://api.github.com/repos/potinhek/Trabalho/languages"
                          },
                          {
                            "k": "merges_url",
                            "v": "https://api.github.com/repos/potinhek/Trabalho/merges"
                          },
                          {
                            "k": "milestones_url",
                            "v": "https://api.github.com/repos/potinhek/Trabalho/milestones{/number}"
                          },
                          {
                            "k": "name",
                            "v": "Trabalho"
                          },
                          {
                            "k": "node_id",
                            "v": "R_kgDOQND3Nw"
                          },
                          {
                            "k": "notifications_url",
                            "v": "https://api.github.com/repos/potinhek/Trabalho/notifications{?since,all,participating}"
                          },
                          {
                            "k": "owner",
                            "v": {
                              "t": 2,
                              "d": [
                                {
                                  "k": "avatar_url",
                                  "v": "https://avatars.githubusercontent.com/u/127362942?v=4"
                                },
                                {
                                  "k": "events_url",
                                  "v": "https://api.github.com/users/potinhek/events{/privacy}"
                                },
                                {
                                  "k": "followers_url",
                                  "v": "https://api.github.com/users/potinhek/followers"
                                },
                                {
                                  "k": "following_url",
                                  "v": "https://api.github.com/users/potinhek/following{/other_user}"
                                },
                                {
                                  "k": "gists_url",
                                  "v": "https://api.github.com/users/potinhek/gists{/gist_id}"
                                },
                                {
                                  "k": "gravatar_id",
                                  "v": ""
                                },
                                {
                                  "k": "html_url",
                                  "v": "https://github.com/potinhek"
                                },
                                {
                                  "k": "id",
                                  "v": 127362942.0
                                },
                                {
                                  "k": "login",
                                  "v": "potinhek"
                                },
                                {
                                  "k": "node_id",
                                  "v": "U_kgDOB5dnfg"
                                },
                                {
                                  "k": "organizations_url",
                                  "v": "https://api.github.com/users/potinhek/orgs"
                                },
                                {
                                  "k": "received_events_url",
                                  "v": "https://api.github.com/users/potinhek/received_events"
                                },
                                {
                                  "k": "repos_url",
                                  "v": "https://api.github.com/users/potinhek/repos"
                                },
                                {
                                  "k": "site_admin",
                                  "v": false
                                },
                                {
                                  "k": "starred_url",
                                  "v": "https://api.github.com/users/potinhek/starred{/owner}{/repo}"
                                },
                                {
                                  "k": "subscriptions_url",
                                  "v": "https://api.github.com/users/potinhek/subscriptions"
                                },
                                {
                                  "k": "type",
                                  "v": "User"
                                },
                                {
                                  "k": "url",
                                  "v": "https://api.github.com/users/potinhek"
                                },
                                {
                                  "k": "user_view_type",
                                  "v": "public"
                                }
                              ]
                            }
                          },
                          {
                            "k": "private",
                            "v": false
                          },
                          {
                            "k": "pulls_url",
                            "v": "https://api.github.com/repos/potinhek/Trabalho/pulls{/number}"
                          },
                          {
                            "k": "releases_url",
                            "v": "https://api.github.com/repos/potinhek/Trabalho/releases{/id}"
                          },
                          {
                            "k": "stargazers_url",
                            "v": "https://api.github.com/repos/potinhek/Trabalho/stargazers"
                          },
                          {
                            "k": "statuses_url",
                            "v": "https://api.github.com/repos/potinhek/Trabalho/statuses/{sha}"
                          },
                          {
                            "k": "subscribers_url",
                            "v": "https://api.github.com/repos/potinhek/Trabalho/subscribers"
                          },
                          {
                            "k": "subscription_url",
                            "v": "https://api.github.com/repos/potinhek/Trabalho/subscription"
                          },
                          {
                            "k": "tags_url",
                            "v": "https://api.github.com/repos/potinhek/Trabalho/tags"
                          },
                          {
                            "k": "teams_url",
                            "v": "https://api.github.com/repos/potinhek/Trabalho/teams"
                          },
                          {
                            "k": "trees_url",
                            "v": "https://api.github.com/repos/potinhek/Trabalho/git/trees{/sha}"
                          },
                          {
                            "k": "url",
                            "v": "https://api.github.com/repos/potinhek/Trabalho"
                          }
                        ]
                      }
                    },
                    {
                      "k": "head_sha",
                      "v": "595cb35d187580babf75cb1558485fd55dfd83e6"
                    },
                    {
                      "k": "html_url",
                      "v": "https://github.com/potinhek/Trabalho/actions/runs/19273031572"
                    },
                    {
                      "k": "id",
                      "v": 19273031572.0
                    },
                    {
                      "k": "jobs_url",
                      "v": "https://api.github.com/repos/potinhek/Trabalho/actions/runs/19273031572/jobs"
                    },
                    {
                      "k": "logs_url",
                      "v": "https://api.github.com/repos/potinhek/Trabalho/actions/runs/19273031572/logs"
                    },
                    {
                      "k": "name",
                      "v": "CI Build & Push Docker"
                    },
                    {
                      "k": "node_id",
                      "v": "WFR_kwLOQND3N88AAAAEfMMflA"
                    },
                    {
                      "k": "path",
                      "v": ".github/workflows/ci.yml"
                    },
                    {
                      "k": "previous_attempt_url",
                      "v": null
                    },
                    {
                      "k": "pull_requests",
                      "v": {
                        "t": 1
                      }
                    },
                    {
                      "k": "referenced_workflows",
                      "v": {
                        "t": 1
                      }
                    },
                    {
                      "k": "repository",
                      "v": {
                        "t": 2,
                        "d": [
                          {
                            "k": "archive_url",
                            "v": "https://api.github.com/repos/potinhek/Trabalho/{archive_format}{/ref}"
                          },
                          {
                            "k": "assignees_url",
                            "v": "https://api.github.com/repos/potinhek/Trabalho/assignees{/user}"
                          },
                          {
                            "k": "blobs_url",
                            "v": "https://api.github.com/repos/potinhek/Trabalho/git/blobs{/sha}"
                          },
                          {
                            "k": "branches_url",
                            "v": "https://api.github.com/repos/potinhek/Trabalho/branches{/branch}"
                          },
                          {
                            "k": "collaborators_url",
                            "v": "https://api.github.com/repos/potinhek/Trabalho/collaborators{/collaborator}"
                          },
                          {
                            "k": "comments_url",
                            "v": "https://api.github.com/repos/potinhek/Trabalho/comments{/number}"
                          },
                          {
                            "k": "commits_url",
                            "v": "https://api.github.com/repos/potinhek/Trabalho/commits{/sha}"
                          },
                          {
                            "k": "compare_url",
                            "v": "https://api.github.com/repos/potinhek/Trabalho/compare/{base}...{head}"
                          },
                          {
                            "k": "contents_url",
                            "v": "https://api.github.com/repos/potinhek/Trabalho/contents/{+path}"
                          },
                          {
                            "k": "contributors_url",
                            "v": "https://api.github.com/repos/potinhek/Trabalho/contributors"
                          },
                          {
                            "k": "deployments_url",
                            "v": "https://api.github.com/repos/potinhek/Trabalho/deployments"
                          },
                          {
                            "k": "description",
                            "v": null
                          },
                          {
                            "k": "downloads_url",
                            "v": "https://api.github.com/repos/potinhek/Trabalho/downloads"
                          },
                          {
                            "k": "events_url",
                            "v": "https://api.github.com/repos/potinhek/Trabalho/events"
                          },
                          {
                            "k": "fork",
                            "v": false
                          },
                          {
                            "k": "forks_url",
                            "v": "https://api.github.com/repos/potinhek/Trabalho/forks"
                          },
                          {
                            "k": "full_name",
                            "v": "potinhek/Trabalho"
                          },
                          {
                            "k": "git_commits_url",
                            "v": "https://api.github.com/repos/potinhek/Trabalho/git/commits{/sha}"
                          },
                          {
                            "k": "git_refs_url",
                            "v": "https://api.github.com/repos/potinhek/Trabalho/git/refs{/sha}"
                          },
                          {
                            "k": "git_tags_url",
                            "v": "https://api.github.com/repos/potinhek/Trabalho/git/tags{/sha}"
                          },
                          {
                            "k": "hooks_url",
                            "v": "https://api.github.com/repos/potinhek/Trabalho/hooks"
                          },
                          {
                            "k": "html_url",
                            "v": "https://github.com/potinhek/Trabalho"
                          },
                          {
                            "k": "id",
                            "v": 1087436599.0
                          },
                          {
                            "k": "issue_comment_url",
                            "v": "https://api.github.com/repos/potinhek/Trabalho/issues/comments{/number}"
                          },
                          {
                            "k": "issue_events_url",
                            "v": "https://api.github.com/repos/potinhek/Trabalho/issues/events{/number}"
                          },
                          {
                            "k": "issues_url",
                            "v": "https://api.github.com/repos/potinhek/Trabalho/issues{/number}"
                          },
                          {
                            "k": "keys_url",
                            "v": "https://api.github.com/repos/potinhek/Trabalho/keys{/key_id}"
                          },
                          {
                            "k": "labels_url",
                            "v": "https://api.github.com/repos/potinhek/Trabalho/labels{/name}"
                          },
                          {
                            "k": "languages_url",
                            "v": "https://api.github.com/repos/potinhek/Trabalho/languages"
                          },
                          {
                            "k": "merges_url",
                            "v": "https://api.github.com/repos/potinhek/Trabalho/merges"
                          },
                          {
                            "k": "milestones_url",
                            "v": "https://api.github.com/repos/potinhek/Trabalho/milestones{/number}"
                          },
                          {
                            "k": "name",
                            "v": "Trabalho"
                          },
                          {
                            "k": "node_id",
                            "v": "R_kgDOQND3Nw"
                          },
                          {
                            "k": "notifications_url",
                            "v": "https://api.github.com/repos/potinhek/Trabalho/notifications{?since,all,participating}"
                          },
                          {
                            "k": "owner",
                            "v": {
                              "t": 2,
                              "d": [
                                {
                                  "k": "avatar_url",
                                  "v": "https://avatars.githubusercontent.com/u/127362942?v=4"
                                },
                                {
                                  "k": "events_url",
                                  "v": "https://api.github.com/users/potinhek/events{/privacy}"
                                },
                                {
                                  "k": "followers_url",
                                  "v": "https://api.github.com/users/potinhek/followers"
                                },
                                {
                                  "k": "following_url",
                                  "v": "https://api.github.com/users/potinhek/following{/other_user}"
                                },
                                {
                                  "k": "gists_url",
                                  "v": "https://api.github.com/users/potinhek/gists{/gist_id}"
                                },
                                {
                                  "k": "gravatar_id",
                                  "v": ""
                                },
                                {
                                  "k": "html_url",
                                  "v": "https://github.com/potinhek"
                                },
                                {
                                  "k": "id",
                                  "v": 127362942.0
                                },
                                {
                                  "k": "login",
                                  "v": "potinhek"
                                },
                                {
                                  "k": "node_id",
                                  "v": "U_kgDOB5dnfg"
                                },
                                {
                                  "k": "organizations_url",
                                  "v": "https://api.github.com/users/potinhek/orgs"
                                },
                                {
                                  "k": "received_events_url",
                                  "v": "https://api.github.com/users/potinhek/received_events"
                                },
                                {
                                  "k": "repos_url",
                                  "v": "https://api.github.com/users/potinhek/repos"
                                },
                                {
                                  "k": "site_admin",
                                  "v": false
                                },
                                {
                                  "k": "starred_url",
                                  "v": "https://api.github.com/users/potinhek/starred{/owner}{/repo}"
                                },
                                {
                                  "k": "subscriptions_url",
                                  "v": "https://api.github.com/users/potinhek/subscriptions"
                                },
                                {
                                  "k": "type",
                                  "v": "User"
                                },
                                {
                                  "k": "url",
                                  "v": "https://api.github.com/users/potinhek"
                                },
                                {
                                  "k": "user_view_type",
                                  "v": "public"
                                }
                              ]
                            }
                          },
                          {
                            "k": "private",
                            "v": false
                          },
                          {
                            "k": "pulls_url",
                            "v": "https://api.github.com/repos/potinhek/Trabalho/pulls{/number}"
                          },
                          {
                            "k": "releases_url",
                            "v": "https://api.github.com/repos/potinhek/Trabalho/releases{/id}"
                          },
                          {
                            "k": "stargazers_url",
                            "v": "https://api.github.com/repos/potinhek/Trabalho/stargazers"
                          },
                          {
                            "k": "statuses_url",
                            "v": "https://api.github.com/repos/potinhek/Trabalho/statuses/{sha}"
                          },
                          {
                            "k": "subscribers_url",
                            "v": "https://api.github.com/repos/potinhek/Trabalho/subscribers"
                          },
                          {
                            "k": "subscription_url",
                            "v": "https://api.github.com/repos/potinhek/Trabalho/subscription"
                          },
                          {
                            "k": "tags_url",
                            "v": "https://api.github.com/repos/potinhek/Trabalho/tags"
                          },
                          {
                            "k": "teams_url",
                            "v": "https://api.github.com/repos/potinhek/Trabalho/teams"
                          },
                          {
                            "k": "trees_url",
                            "v": "https://api.github.com/repos/potinhek/Trabalho/git/trees{/sha}"
                          },
                          {
                            "k": "url",
                            "v": "https://api.github.com/repos/potinhek/Trabalho"
                          }
                        ]
                      }
                    },
                    {
                      "k": "rerun_url",
                      "v": "https://api.github.com/repos/potinhek/Trabalho/actions/runs/19273031572/rerun"
                    },
                    {
                      "k": "run_attempt",
                      "v": 1.0
                    },
                    {
                      "k": "run_number",
                      "v": 14.0
                    },
                    {
                      "k": "run_started_at",
                      "v": "2025-11-11T17:06:15Z"
                    },
                    {
                      "k": "status",
                      "v": "completed"
                    },
                    {
                      "k": "triggering_actor",
                      "v": {
                        "t": 2,
                        "d": [
                          {
                            "k": "avatar_url",
                            "v": "https://avatars.githubusercontent.com/u/127362942?v=4"
                          },
                          {
                            "k": "events_url",
                            "v": "https://api.github.com/users/potinhek/events{/privacy}"
                          },
                          {
                            "k": "followers_url",
                            "v": "https://api.github.com/users/potinhek/followers"
                          },
                          {
                            "k": "following_url",
                            "v": "https://api.github.com/users/potinhek/following{/other_user}"
                          },
                          {
                            "k": "gists_url",
                            "v": "https://api.github.com/users/potinhek/gists{/gist_id}"
                          },
                          {
                            "k": "gravatar_id",
                            "v": ""
                          },
                          {
                            "k": "html_url",
                            "v": "https://github.com/potinhek"
                          },
                          {
                            "k": "id",
                            "v": 127362942.0
                          },
                          {
                            "k": "login",
                            "v": "potinhek"
                          },
                          {
                            "k": "node_id",
                            "v": "U_kgDOB5dnfg"
                          },
                          {
                            "k": "organizations_url",
                            "v": "https://api.github.com/users/potinhek/orgs"
                          },
                          {
                            "k": "received_events_url",
                            "v": "https://api.github.com/users/potinhek/received_events"
                          },
                          {
                            "k": "repos_url",
                            "v": "https://api.github.com/users/potinhek/repos"
                          },
                          {
                            "k": "site_admin",
                            "v": false
                          },
                          {
                            "k": "starred_url",
                            "v": "https://api.github.com/users/potinhek/starred{/owner}{/repo}"
                          },
                          {
                            "k": "subscriptions_url",
                            "v": "https://api.github.com/users/potinhek/subscriptions"
                          },
                          {
                            "k": "type",
                            "v": "User"
                          },
                          {
                            "k": "url",
                            "v": "https://api.github.com/users/potinhek"
                          },
                          {
                            "k": "user_view_type",
                            "v": "public"
                          }
                        ]
                      }
                    },
                    {
                      "k": "updated_at",
                      "v": "2025-11-11T17:06:58Z"
                    },
                    {
                      "k": "url",
                      "v": "https://api.github.com/repos/potinhek/Trabalho/actions/runs/19273031572"
                    },
                    {
                      "k": "workflow_id",
                      "v": 204903889.0
                    },
                    {
                      "k": "workflow_url",
                      "v": "https://api.github.com/repos/potinhek/Trabalho/actions/workflows/204903889"
                    }
                  ]
                }
              }
            ]
          }
        },
        {
          "k": "workflow_ref",
          "v": "potinhek/Trabalho/.github/workflows/cd.yml@refs/heads/main"
        },
        {
          "k": "workflow_sha",
          "v": "595cb35d187580babf75cb1558485fd55dfd83e6"
        },
        {
          "k": "repository_id",
          "v": "1087436599"
        },
        {
          "k": "triggering_actor",
          "v": "potinhek"
        }
      ]
    },
    "inputs": {
      "t": 2
    },
    "job": {
      "t": 2,
      "d": [
        {
          "k": "check_run_id",
          "v": 55222991861.0
        }
      ]
    },
    "matrix": null,
    "needs": {
      "t": 2
    },
    "strategy": {
      "t": 2,
      "d": [
        {
          "k": "fail-fast",
          "v": true
        },
        {
          "k": "job-index",
          "v": 0.0
        },
        {
          "k": "job-total",
          "v": 1.0
        },
        {
          "k": "max-parallel",
          "v": 1.0
        }
      ]
    },
    "vars": {
      "t": 2
    }
  },
  "billingOwnerId": "U_kgDOB5dnfg"
}
[2025-11-12 19:02:31Z INFO JobRunner] Job ID 0d28dc04-42cf-5255-8764-32b00b9c4dbb
[2025-11-12 19:02:31Z INFO ConfigurationStore] currentAssemblyLocation: C:\Trabalho\actions-runner\bin\Runner.Worker.dll
[2025-11-12 19:02:31Z INFO HostContext] Well known directory 'Bin': 'C:\Trabalho\actions-runner\bin'
[2025-11-12 19:02:31Z INFO ConfigurationStore] binPath: C:\Trabalho\actions-runner\bin
[2025-11-12 19:02:31Z INFO HostContext] Well known directory 'Bin': 'C:\Trabalho\actions-runner\bin'
[2025-11-12 19:02:31Z INFO HostContext] Well known directory 'Root': 'C:\Trabalho\actions-runner'
[2025-11-12 19:02:31Z INFO ConfigurationStore] RootFolder: C:\Trabalho\actions-runner
[2025-11-12 19:02:31Z INFO HostContext] Well known directory 'Bin': 'C:\Trabalho\actions-runner\bin'
[2025-11-12 19:02:31Z INFO HostContext] Well known directory 'Root': 'C:\Trabalho\actions-runner'
[2025-11-12 19:02:31Z INFO HostContext] Well known config file 'Runner': 'C:\Trabalho\actions-runner\.runner'
[2025-11-12 19:02:31Z INFO ConfigurationStore] ConfigFilePath: C:\Trabalho\actions-runner\.runner
[2025-11-12 19:02:31Z INFO HostContext] Well known directory 'Bin': 'C:\Trabalho\actions-runner\bin'
[2025-11-12 19:02:31Z INFO HostContext] Well known directory 'Root': 'C:\Trabalho\actions-runner'
[2025-11-12 19:02:31Z INFO HostContext] Well known config file 'MigratedRunner': 'C:\Trabalho\actions-runner\.runner_migrated'
[2025-11-12 19:02:31Z INFO ConfigurationStore] MigratedConfigFilePath: C:\Trabalho\actions-runner\.runner_migrated
[2025-11-12 19:02:31Z INFO HostContext] Well known directory 'Bin': 'C:\Trabalho\actions-runner\bin'
[2025-11-12 19:02:31Z INFO HostContext] Well known directory 'Root': 'C:\Trabalho\actions-runner'
[2025-11-12 19:02:31Z INFO HostContext] Well known config file 'Credentials': 'C:\Trabalho\actions-runner\.credentials'
[2025-11-12 19:02:31Z INFO ConfigurationStore] CredFilePath: C:\Trabalho\actions-runner\.credentials
[2025-11-12 19:02:31Z INFO HostContext] Well known directory 'Bin': 'C:\Trabalho\actions-runner\bin'
[2025-11-12 19:02:31Z INFO HostContext] Well known directory 'Root': 'C:\Trabalho\actions-runner'
[2025-11-12 19:02:31Z INFO HostContext] Well known config file 'MigratedCredentials': 'C:\Trabalho\actions-runner\.credentials_migrated'
[2025-11-12 19:02:31Z INFO ConfigurationStore] MigratedCredFilePath: C:\Trabalho\actions-runner\.credentials_migrated
[2025-11-12 19:02:31Z INFO HostContext] Well known directory 'Bin': 'C:\Trabalho\actions-runner\bin'
[2025-11-12 19:02:31Z INFO HostContext] Well known directory 'Root': 'C:\Trabalho\actions-runner'
[2025-11-12 19:02:31Z INFO HostContext] Well known config file 'Service': 'C:\Trabalho\actions-runner\.service'
[2025-11-12 19:02:31Z INFO ConfigurationStore] ServiceConfigFilePath: C:\Trabalho\actions-runner\.service
[2025-11-12 19:02:31Z INFO ConfigurationStore] Read setting file: 389 chars
[2025-11-12 19:02:31Z INFO JobRunner] Initializing launch client
[2025-11-12 19:02:31Z INFO JobServerQueue] Initializing results client
[2025-11-12 19:02:31Z INFO ResultServer] Creating websocket client ...wss://results-receiver.actions.githubusercontent.com/_ws/ingest.sock
[2025-11-12 19:02:31Z INFO ResultServer] Attempting to start websocket client with delay 00:00:00.
[2025-11-12 19:02:31Z INFO JobServerQueue] Start process web console line queue.
[2025-11-12 19:02:31Z INFO JobServerQueue] Start process file upload queue.
[2025-11-12 19:02:31Z INFO JobServerQueue] Start results file upload queue.
[2025-11-12 19:02:31Z INFO JobServerQueue] Starting results-based upload queue...
[2025-11-12 19:02:31Z INFO JobServerQueue] Start process timeline update queue.
[2025-11-12 19:02:31Z INFO ExecutionContext] Initializing Job context
[2025-11-12 19:02:31Z INFO ExecutionContext] Initialize GitHub context
[2025-11-12 19:02:31Z INFO ExecutionContext] Initialize Env context
[2025-11-12 19:02:31Z INFO HostContext] Well known directory 'Bin': 'C:\Trabalho\actions-runner\bin'
[2025-11-12 19:02:31Z INFO HostContext] Well known directory 'Root': 'C:\Trabalho\actions-runner'
[2025-11-12 19:02:31Z INFO HostContext] Well known directory 'Diag': 'C:\Trabalho\actions-runner\_diag'
[2025-11-12 19:02:31Z INFO HostContext] Well known directory 'Bin': 'C:\Trabalho\actions-runner\bin'
[2025-11-12 19:02:31Z INFO HostContext] Well known directory 'Root': 'C:\Trabalho\actions-runner'
[2025-11-12 19:02:31Z INFO HostContext] Well known directory 'Diag': 'C:\Trabalho\actions-runner\_diag'
[2025-11-12 19:02:31Z INFO JobRunner] Starting the job execution context.
[2025-11-12 19:02:31Z INFO HostContext] Well known directory 'Bin': 'C:\Trabalho\actions-runner\bin'
[2025-11-12 19:02:31Z INFO HostContext] Well known directory 'Root': 'C:\Trabalho\actions-runner'
[2025-11-12 19:02:31Z INFO HostContext] Well known directory 'Work': 'C:\Trabalho\actions-runner\_work'
[2025-11-12 19:02:31Z INFO JobRunner] Validating directory permissions for: 'C:\Trabalho\actions-runner\_work'
[2025-11-12 19:02:31Z INFO HostContext] Well known directory 'Bin': 'C:\Trabalho\actions-runner\bin'
[2025-11-12 19:02:31Z INFO HostContext] Well known directory 'Root': 'C:\Trabalho\actions-runner'
[2025-11-12 19:02:31Z INFO HostContext] Well known directory 'Work': 'C:\Trabalho\actions-runner\_work'
[2025-11-12 19:02:31Z INFO HostContext] Well known directory 'Tools': 'C:\Trabalho\actions-runner\_work\_tool'
[2025-11-12 19:02:31Z INFO HostContext] Well known directory 'Bin': 'C:\Trabalho\actions-runner\bin'
[2025-11-12 19:02:31Z INFO HostContext] Well known directory 'Root': 'C:\Trabalho\actions-runner'
[2025-11-12 19:02:31Z INFO HostContext] Well known directory 'Work': 'C:\Trabalho\actions-runner\_work'
[2025-11-12 19:02:31Z INFO HostContext] Well known directory 'Temp': 'C:\Trabalho\actions-runner\_work\_temp'
[2025-11-12 19:02:31Z INFO JobRunner] Getting job extension.
[2025-11-12 19:02:31Z INFO JobRunner] Initialize job. Getting all job steps.
[2025-11-12 19:02:31Z INFO HostContext] Well known directory 'Bin': 'C:\Trabalho\actions-runner\bin'
[2025-11-12 19:02:31Z INFO HostContext] Well known directory 'Root': 'C:\Trabalho\actions-runner'
[2025-11-12 19:02:31Z INFO HostContext] Well known directory 'Diag': 'C:\Trabalho\actions-runner\_diag'
[2025-11-12 19:02:31Z INFO HostContext] Well known directory 'Bin': 'C:\Trabalho\actions-runner\bin'
[2025-11-12 19:02:31Z INFO HostContext] Well known directory 'Root': 'C:\Trabalho\actions-runner'
[2025-11-12 19:02:31Z INFO HostContext] Well known directory 'Diag': 'C:\Trabalho\actions-runner\_diag'
[2025-11-12 19:02:31Z INFO HostContext] Well known directory 'Bin': 'C:\Trabalho\actions-runner\bin'
[2025-11-12 19:02:31Z INFO HostContext] Well known directory 'Root': 'C:\Trabalho\actions-runner'
[2025-11-12 19:02:31Z INFO HostContext] Well known config file 'Credentials': 'C:\Trabalho\actions-runner\.credentials'
[2025-11-12 19:02:31Z INFO HostContext] Well known directory 'Bin': 'C:\Trabalho\actions-runner\bin'
[2025-11-12 19:02:31Z INFO HostContext] Well known directory 'Root': 'C:\Trabalho\actions-runner'
[2025-11-12 19:02:31Z INFO HostContext] Well known config file 'SetupInfo': 'C:\Trabalho\actions-runner\.setup_info'
[2025-11-12 19:02:31Z INFO HostContext] Well known directory 'Bin': 'C:\Trabalho\actions-runner\bin'
[2025-11-12 19:02:31Z INFO HostContext] Well known directory 'Root': 'C:\Trabalho\actions-runner'
[2025-11-12 19:02:31Z INFO HostContext] Well known directory 'Work': 'C:\Trabalho\actions-runner\_work'
[2025-11-12 19:02:31Z INFO PipelineDirectoryManager] Loading tracking config if exists: C:\Trabalho\actions-runner\_work\_PipelineMapping\potinhek/Trabalho\PipelineFolder.json
[2025-11-12 19:02:31Z INFO PipelineDirectoryManager] Updating job run properties.
[2025-11-12 19:02:31Z INFO HostContext] Well known directory 'Bin': 'C:\Trabalho\actions-runner\bin'
[2025-11-12 19:02:31Z INFO HostContext] Well known directory 'Root': 'C:\Trabalho\actions-runner'
[2025-11-12 19:02:31Z INFO HostContext] Well known directory 'Work': 'C:\Trabalho\actions-runner\_work'
[2025-11-12 19:02:31Z INFO HostContext] Well known directory 'Bin': 'C:\Trabalho\actions-runner\bin'
[2025-11-12 19:02:31Z INFO HostContext] Well known directory 'Root': 'C:\Trabalho\actions-runner'
[2025-11-12 19:02:31Z INFO HostContext] Well known directory 'Work': 'C:\Trabalho\actions-runner\_work'
[2025-11-12 19:02:31Z INFO HostContext] Well known directory 'Bin': 'C:\Trabalho\actions-runner\bin'
[2025-11-12 19:02:31Z INFO HostContext] Well known directory 'Root': 'C:\Trabalho\actions-runner'
[2025-11-12 19:02:31Z INFO HostContext] Well known directory 'Work': 'C:\Trabalho\actions-runner\_work'
[2025-11-12 19:02:31Z INFO JobExtension] Downloading actions
[2025-11-12 19:02:31Z INFO HostContext] Well known directory 'Bin': 'C:\Trabalho\actions-runner\bin'
[2025-11-12 19:02:31Z INFO HostContext] Well known directory 'Root': 'C:\Trabalho\actions-runner'
[2025-11-12 19:02:31Z INFO HostContext] Well known directory 'Work': 'C:\Trabalho\actions-runner\_work'
[2025-11-12 19:02:31Z INFO HostContext] Well known directory 'Actions': 'C:\Trabalho\actions-runner\_work\_actions'
[2025-11-12 19:02:31Z INFO Worker] Listening for cancel message from the channel.
[2025-11-12 19:02:31Z INFO Worker] Waiting for the job to complete or for a cancel message from the channel.
[2025-11-12 19:02:31Z INFO ResultServer] Successfully started websocket client.
[2025-11-12 19:02:32Z INFO JobServerQueue] Try to append 1 batches web console lines for record '480bd3f4-f25f-4c35-a7a3-d2d3be9c00cc', success rate: 1/1.
[2025-11-12 19:02:32Z INFO HostContext] Well known directory 'Bin': 'C:\Trabalho\actions-runner\bin'
[2025-11-12 19:02:32Z INFO HostContext] Well known directory 'Root': 'C:\Trabalho\actions-runner'
[2025-11-12 19:02:32Z INFO HostContext] Well known directory 'Work': 'C:\Trabalho\actions-runner\_work'
[2025-11-12 19:02:32Z INFO HostContext] Well known directory 'Actions': 'C:\Trabalho\actions-runner\_work\_actions'
[2025-11-12 19:02:32Z INFO HostContext] Well known directory 'Bin': 'C:\Trabalho\actions-runner\bin'
[2025-11-12 19:02:32Z INFO HostContext] Well known directory 'Root': 'C:\Trabalho\actions-runner'
[2025-11-12 19:02:32Z INFO HostContext] Well known directory 'Work': 'C:\Trabalho\actions-runner\_work'
[2025-11-12 19:02:32Z INFO HostContext] Well known directory 'Actions': 'C:\Trabalho\actions-runner\_work\_actions'
[2025-11-12 19:02:32Z INFO ActionManager] Save archive 'https://api.github.com/repos/actions/checkout/zipball/08eba0b27e820071cde6df949e0beb9ba4906955' into C:\Trabalho\actions-runner\_work\_actions\_temp_4f0f71f8-c0b9-4e46-8cc9-efc52baae421\8dc8e85a-5df5-4de1-8d14-dcc0645e7147.zip.
[2025-11-12 19:02:32Z INFO JobServerQueue] Job timeline record has been updated for the first time.
[2025-11-12 19:02:32Z INFO JobServerQueue] Try to append 1 batches web console lines for record '480bd3f4-f25f-4c35-a7a3-d2d3be9c00cc', success rate: 1/1.
[2025-11-12 19:02:33Z INFO ActionManager] Request URL: https://api.github.com/repos/actions/checkout/zipball/08eba0b27e820071cde6df949e0beb9ba4906955 X-GitHub-Request-Id: D39F:214E1E:69127:136D82:6914D9C7 Http Status: OK
[2025-11-12 19:02:33Z INFO ActionManager] Finished getting action repository.
[2025-11-12 19:02:33Z INFO HostContext] Well known directory 'Bin': 'C:\Trabalho\actions-runner\bin'
[2025-11-12 19:02:33Z INFO HostContext] Well known directory 'Root': 'C:\Trabalho\actions-runner'
[2025-11-12 19:02:33Z INFO HostContext] Well known directory 'Work': 'C:\Trabalho\actions-runner\_work'
[2025-11-12 19:02:33Z INFO HostContext] Well known directory 'Actions': 'C:\Trabalho\actions-runner\_work\_actions'
[2025-11-12 19:02:33Z INFO HostContext] Well known directory 'Bin': 'C:\Trabalho\actions-runner\bin'
[2025-11-12 19:02:33Z INFO HostContext] Well known directory 'Root': 'C:\Trabalho\actions-runner'
[2025-11-12 19:02:33Z INFO HostContext] Well known directory 'Work': 'C:\Trabalho\actions-runner\_work'
[2025-11-12 19:02:33Z INFO HostContext] Well known directory 'Actions': 'C:\Trabalho\actions-runner\_work\_actions'
[2025-11-12 19:02:33Z INFO ActionManager] Save archive 'https://api.github.com/repos/Azure/setup-kubectl/zipball/776406bce94f63e41d621b960d78ee25c8b76ede' into C:\Trabalho\actions-runner\_work\_actions\_temp_b46d5015-cd1c-414b-b395-22e9c1db61d9\4698302a-3e24-445a-bc3d-1957d7030511.zip.
[2025-11-12 19:02:33Z INFO JobServerQueue] Try to append 1 batches web console lines for record '480bd3f4-f25f-4c35-a7a3-d2d3be9c00cc', success rate: 1/1.
[2025-11-12 19:02:33Z INFO ActionManager] Request URL: https://api.github.com/repos/Azure/setup-kubectl/zipball/776406bce94f63e41d621b960d78ee25c8b76ede X-GitHub-Request-Id: D3A1:19C096:6B5B3:1391DF:6914D9C8 Http Status: OK
[2025-11-12 19:02:34Z INFO ActionManager] Finished getting action repository.
[2025-11-12 19:02:34Z INFO HostContext] Well known directory 'Bin': 'C:\Trabalho\actions-runner\bin'
[2025-11-12 19:02:34Z INFO HostContext] Well known directory 'Root': 'C:\Trabalho\actions-runner'
[2025-11-12 19:02:34Z INFO HostContext] Well known directory 'Work': 'C:\Trabalho\actions-runner\_work'
[2025-11-12 19:02:34Z INFO HostContext] Well known directory 'Actions': 'C:\Trabalho\actions-runner\_work\_actions'
[2025-11-12 19:02:34Z INFO ActionManifestManager] Load schema file with definitions: [
  "null",
  "boolean",
  "number",
  "string",
  "sequence",
  "mapping",
  "any",
  "action-root",
  "inputs",
  "input",
  "outputs",
  "output-definition",
  "runs",
  "container-runs",
  "container-runs-args",
  "container-runs-env",
  "node-runs",
  "plugin-runs",
  "composite-runs",
  "composite-steps",
  "composite-step",
  "run-step",
  "uses-step",
  "container-runs-context",
  "output-value",
  "input-***-context",
  "non-empty-string",
  "string-steps-context",
  "boolean-steps-context",
  "step-env",
  "step-if",
  "step-with"
]
[2025-11-12 19:02:34Z INFO HostContext] Well known directory 'Bin': 'C:\Trabalho\actions-runner\bin'
[2025-11-12 19:02:34Z INFO HostContext] Well known directory 'Root': 'C:\Trabalho\actions-runner'
[2025-11-12 19:02:34Z INFO HostContext] Well known directory 'Work': 'C:\Trabalho\actions-runner\_work'
[2025-11-12 19:02:34Z INFO HostContext] Well known directory 'Actions': 'C:\Trabalho\actions-runner\_work\_actions'
[2025-11-12 19:02:34Z INFO ActionManifestManager] Loaded action.yml file: {
  "name": "Checkout",
  "description": "Checkout a Git repository at a particular version",
  "inputs": {
    "type": 2,
    "map": [
      {
        "key": {
          "type": 0,
          "file": 2,
          "line": 4,
          "col": 3,
          "lit": "repository"
        },
        "value": {
          "type": 3,
          "file": 2,
          "line": 6,
          "col": 14,
          "expr": "github.repository"
        }
      },
      {
        "key": {
          "type": 0,
          "file": 2,
          "line": 7,
          "col": 3,
          "lit": "ref"
        },
        "value": ""
      },
      {
        "key": {
          "type": 0,
          "file": 2,
          "line": 12,
          "col": 3,
          "lit": "token"
        },
        "value": {
          "type": 3,
          "file": 2,
          "line": 24,
          "col": 14,
          "expr": "github.token"
        }
      },
      {
        "key": {
          "type": 0,
          "file": 2,
          "line": 25,
          "col": 3,
          "lit": "ssh-key"
        },
        "value": ""
      },
      {
        "key": {
          "type": 0,
          "file": 2,
          "line": 37,
          "col": 3,
          "lit": "ssh-known-hosts"
        },
        "value": ""
      },
      {
        "key": {
          "type": 0,
          "file": 2,
          "line": 42,
          "col": 3,
          "lit": "ssh-strict"
        },
        "value": {
          "type": 0,
          "file": 2,
          "line": 47,
          "col": 14,
          "lit": "true"
        }
      },
      {
        "key": {
          "type": 0,
          "file": 2,
          "line": 48,
          "col": 3,
          "lit": "ssh-user"
        },
        "value": {
          "type": 0,
          "file": 2,
          "line": 51,
          "col": 14,
          "lit": "git"
        }
      },
      {
        "key": {
          "type": 0,
          "file": 2,
          "line": 52,
          "col": 3,
          "lit": "persist-credentials"
        },
        "value": {
          "type": 0,
          "file": 2,
          "line": 54,
          "col": 14,
          "lit": "true"
        }
      },
      {
        "key": {
          "type": 0,
          "file": 2,
          "line": 55,
          "col": 3,
          "lit": "path"
        },
        "value": ""
      },
      {
        "key": {
          "type": 0,
          "file": 2,
          "line": 57,
          "col": 3,
          "lit": "clean"
        },
        "value": {
          "type": 0,
          "file": 2,
          "line": 59,
          "col": 14,
          "lit": "true"
        }
      },
      {
        "key": {
          "type": 0,
          "file": 2,
          "line": 60,
          "col": 3,
          "lit": "filter"
        },
        "value": {
          "type": 0,
          "file": 2,
          "line": 64,
          "col": 14,
          "lit": ""
        }
      },
      {
        "key": {
          "type": 0,
          "file": 2,
          "line": 65,
          "col": 3,
          "lit": "sparse-checkout"
        },
        "value": {
          "type": 0,
          "file": 2,
          "line": 69,
          "col": 14,
          "lit": ""
        }
      },
      {
        "key": {
          "type": 0,
          "file": 2,
          "line": 70,
          "col": 3,
          "lit": "sparse-checkout-cone-mode"
        },
        "value": {
          "type": 0,
          "file": 2,
          "line": 73,
          "col": 14,
          "lit": "true"
        }
      },
      {
        "key": {
          "type": 0,
          "file": 2,
          "line": 74,
          "col": 3,
          "lit": "fetch-depth"
        },
        "value": {
          "type": 0,
          "file": 2,
          "line": 76,
          "col": 14,
          "lit": "1"
        }
      },
      {
        "key": {
          "type": 0,
          "file": 2,
          "line": 77,
          "col": 3,
          "lit": "fetch-tags"
        },
        "value": {
          "type": 0,
          "file": 2,
          "line": 79,
          "col": 14,
          "lit": "false"
        }
      },
      {
        "key": {
          "type": 0,
          "file": 2,
          "line": 80,
          "col": 3,
          "lit": "show-progress"
        },
        "value": {
          "type": 0,
          "file": 2,
          "line": 82,
          "col": 14,
          "lit": "true"
        }
      },
      {
        "key": {
          "type": 0,
          "file": 2,
          "line": 83,
          "col": 3,
          "lit": "lfs"
        },
        "value": {
          "type": 0,
          "file": 2,
          "line": 85,
          "col": 14,
          "lit": "false"
        }
      },
      {
        "key": {
          "type": 0,
          "file": 2,
          "line": 86,
          "col": 3,
          "lit": "submodules"
        },
        "value": {
          "type": 0,
          "file": 2,
          "line": 94,
          "col": 14,
          "lit": "false"
        }
      },
      {
        "key": {
          "type": 0,
          "file": 2,
          "line": 95,
          "col": 3,
          "lit": "set-safe-directory"
        },
        "value": {
          "type": 0,
          "file": 2,
          "line": 97,
          "col": 14,
          "lit": "true"
        }
      },
      {
        "key": {
          "type": 0,
          "file": 2,
          "line": 98,
          "col": 3,
          "lit": "github-server-url"
        },
        "value": ""
      }
    ]
  },
  "execution": {
    "executionType": "nodeJS",
    "hasPre": false,
    "hasPost": true,
    "script": "dist/index.js",
    "pre": null,
    "post": "dist/index.js",
    "nodeVersion": "node20",
    "cleanupCondition": "always()",
    "initCondition": "always()"
  },
  "deprecated": null
}
[2025-11-12 19:02:34Z INFO ActionManager] Action node.js file: dist/index.js, no more preparation.
[2025-11-12 19:02:34Z INFO HostContext] Well known directory 'Bin': 'C:\Trabalho\actions-runner\bin'
[2025-11-12 19:02:34Z INFO HostContext] Well known directory 'Root': 'C:\Trabalho\actions-runner'
[2025-11-12 19:02:34Z INFO HostContext] Well known directory 'Work': 'C:\Trabalho\actions-runner\_work'
[2025-11-12 19:02:34Z INFO HostContext] Well known directory 'Actions': 'C:\Trabalho\actions-runner\_work\_actions'
[2025-11-12 19:02:34Z INFO ActionManager] Load action that reference repository from 'C:\Trabalho\actions-runner\_work\_actions\actions\checkout\v4'
[2025-11-12 19:02:34Z INFO HostContext] Well known directory 'Bin': 'C:\Trabalho\actions-runner\bin'
[2025-11-12 19:02:34Z INFO HostContext] Well known directory 'Root': 'C:\Trabalho\actions-runner'
[2025-11-12 19:02:34Z INFO HostContext] Well known directory 'Work': 'C:\Trabalho\actions-runner\_work'
[2025-11-12 19:02:34Z INFO HostContext] Well known directory 'Actions': 'C:\Trabalho\actions-runner\_work\_actions'
[2025-11-12 19:02:34Z INFO ActionManifestManager] Loaded action.yml file: {
  "name": "Checkout",
  "description": "Checkout a Git repository at a particular version",
  "inputs": {
    "type": 2,
    "map": [
      {
        "key": {
          "type": 0,
          "file": 2,
          "line": 4,
          "col": 3,
          "lit": "repository"
        },
        "value": {
          "type": 3,
          "file": 2,
          "line": 6,
          "col": 14,
          "expr": "github.repository"
        }
      },
      {
        "key": {
          "type": 0,
          "file": 2,
          "line": 7,
          "col": 3,
          "lit": "ref"
        },
        "value": ""
      },
      {
        "key": {
          "type": 0,
          "file": 2,
          "line": 12,
          "col": 3,
          "lit": "token"
        },
        "value": {
          "type": 3,
          "file": 2,
          "line": 24,
          "col": 14,
          "expr": "github.token"
        }
      },
      {
        "key": {
          "type": 0,
          "file": 2,
          "line": 25,
          "col": 3,
          "lit": "ssh-key"
        },
        "value": ""
      },
      {
        "key": {
          "type": 0,
          "file": 2,
          "line": 37,
          "col": 3,
          "lit": "ssh-known-hosts"
        },
        "value": ""
      },
      {
        "key": {
          "type": 0,
          "file": 2,
          "line": 42,
          "col": 3,
          "lit": "ssh-strict"
        },
        "value": {
          "type": 0,
          "file": 2,
          "line": 47,
          "col": 14,
          "lit": "true"
        }
      },
      {
        "key": {
          "type": 0,
          "file": 2,
          "line": 48,
          "col": 3,
          "lit": "ssh-user"
        },
        "value": {
          "type": 0,
          "file": 2,
          "line": 51,
          "col": 14,
          "lit": "git"
        }
      },
      {
        "key": {
          "type": 0,
          "file": 2,
          "line": 52,
          "col": 3,
          "lit": "persist-credentials"
        },
        "value": {
          "type": 0,
          "file": 2,
          "line": 54,
          "col": 14,
          "lit": "true"
        }
      },
      {
        "key": {
          "type": 0,
          "file": 2,
          "line": 55,
          "col": 3,
          "lit": "path"
        },
        "value": ""
      },
      {
        "key": {
          "type": 0,
          "file": 2,
          "line": 57,
          "col": 3,
          "lit": "clean"
        },
        "value": {
          "type": 0,
          "file": 2,
          "line": 59,
          "col": 14,
          "lit": "true"
        }
      },
      {
        "key": {
          "type": 0,
          "file": 2,
          "line": 60,
          "col": 3,
          "lit": "filter"
        },
        "value": {
          "type": 0,
          "file": 2,
          "line": 64,
          "col": 14,
          "lit": ""
        }
      },
      {
        "key": {
          "type": 0,
          "file": 2,
          "line": 65,
          "col": 3,
          "lit": "sparse-checkout"
        },
        "value": {
          "type": 0,
          "file": 2,
          "line": 69,
          "col": 14,
          "lit": ""
        }
      },
      {
        "key": {
          "type": 0,
          "file": 2,
          "line": 70,
          "col": 3,
          "lit": "sparse-checkout-cone-mode"
        },
        "value": {
          "type": 0,
          "file": 2,
          "line": 73,
          "col": 14,
          "lit": "true"
        }
      },
      {
        "key": {
          "type": 0,
          "file": 2,
          "line": 74,
          "col": 3,
          "lit": "fetch-depth"
        },
        "value": {
          "type": 0,
          "file": 2,
          "line": 76,
          "col": 14,
          "lit": "1"
        }
      },
      {
        "key": {
          "type": 0,
          "file": 2,
          "line": 77,
          "col": 3,
          "lit": "fetch-tags"
        },
        "value": {
          "type": 0,
          "file": 2,
          "line": 79,
          "col": 14,
          "lit": "false"
        }
      },
      {
        "key": {
          "type": 0,
          "file": 2,
          "line": 80,
          "col": 3,
          "lit": "show-progress"
        },
        "value": {
          "type": 0,
          "file": 2,
          "line": 82,
          "col": 14,
          "lit": "true"
        }
      },
      {
        "key": {
          "type": 0,
          "file": 2,
          "line": 83,
          "col": 3,
          "lit": "lfs"
        },
        "value": {
          "type": 0,
          "file": 2,
          "line": 85,
          "col": 14,
          "lit": "false"
        }
      },
      {
        "key": {
          "type": 0,
          "file": 2,
          "line": 86,
          "col": 3,
          "lit": "submodules"
        },
        "value": {
          "type": 0,
          "file": 2,
          "line": 94,
          "col": 14,
          "lit": "false"
        }
      },
      {
        "key": {
          "type": 0,
          "file": 2,
          "line": 95,
          "col": 3,
          "lit": "set-safe-directory"
        },
        "value": {
          "type": 0,
          "file": 2,
          "line": 97,
          "col": 14,
          "lit": "true"
        }
      },
      {
        "key": {
          "type": 0,
          "file": 2,
          "line": 98,
          "col": 3,
          "lit": "github-server-url"
        },
        "value": ""
      }
    ]
  },
  "execution": {
    "executionType": "nodeJS",
    "hasPre": false,
    "hasPost": true,
    "script": "dist/index.js",
    "pre": null,
    "post": "dist/index.js",
    "nodeVersion": "node20",
    "cleanupCondition": "always()",
    "initCondition": "always()"
  },
  "deprecated": null
}
[2025-11-12 19:02:34Z INFO ActionManager] Action pre node.js file: N/A.
[2025-11-12 19:02:34Z INFO ActionManager] Action node.js file: dist/index.js.
[2025-11-12 19:02:34Z INFO ActionManager] Action post node.js file: dist/index.js.
[2025-11-12 19:02:34Z INFO HostContext] Well known directory 'Bin': 'C:\Trabalho\actions-runner\bin'
[2025-11-12 19:02:34Z INFO HostContext] Well known directory 'Root': 'C:\Trabalho\actions-runner'
[2025-11-12 19:02:34Z INFO HostContext] Well known directory 'Work': 'C:\Trabalho\actions-runner\_work'
[2025-11-12 19:02:34Z INFO HostContext] Well known directory 'Actions': 'C:\Trabalho\actions-runner\_work\_actions'
[2025-11-12 19:02:34Z INFO HostContext] Well known directory 'Bin': 'C:\Trabalho\actions-runner\bin'
[2025-11-12 19:02:34Z INFO HostContext] Well known directory 'Root': 'C:\Trabalho\actions-runner'
[2025-11-12 19:02:34Z INFO HostContext] Well known directory 'Work': 'C:\Trabalho\actions-runner\_work'
[2025-11-12 19:02:34Z INFO HostContext] Well known directory 'Actions': 'C:\Trabalho\actions-runner\_work\_actions'
[2025-11-12 19:02:34Z INFO ActionManifestManager] Ignore action property branding.
[2025-11-12 19:02:34Z INFO ActionManifestManager] Loaded action.yml file: {
  "name": "Kubectl tool installer",
  "description": "Install a specific version of kubectl binary. Acceptable values are latest or any semantic version string like 1.15.0",
  "inputs": {
    "type": 2,
    "map": [
      {
        "key": {
          "type": 0,
          "file": 3,
          "line": 4,
          "col": 4,
          "lit": "version"
        },
        "value": {
          "type": 0,
          "file": 3,
          "line": 7,
          "col": 16,
          "lit": "latest"
        }
      }
    ]
  },
  "execution": {
    "executionType": "nodeJS",
    "hasPre": false,
    "hasPost": false,
    "script": "lib/index.js",
    "pre": null,
    "post": null,
    "nodeVersion": "node20",
    "cleanupCondition": "always()",
    "initCondition": "always()"
  },
  "deprecated": null
}
[2025-11-12 19:02:34Z INFO ActionManager] Action node.js file: lib/index.js, no more preparation.
[2025-11-12 19:02:34Z INFO HostContext] Well known directory 'Bin': 'C:\Trabalho\actions-runner\bin'
[2025-11-12 19:02:34Z INFO HostContext] Well known directory 'Root': 'C:\Trabalho\actions-runner'
[2025-11-12 19:02:34Z INFO HostContext] Well known directory 'Work': 'C:\Trabalho\actions-runner\_work'
[2025-11-12 19:02:34Z INFO HostContext] Well known directory 'Actions': 'C:\Trabalho\actions-runner\_work\_actions'
[2025-11-12 19:02:34Z INFO ActionManager] Load action that reference repository from 'C:\Trabalho\actions-runner\_work\_actions\azure\setup-kubectl\v4'
[2025-11-12 19:02:34Z INFO HostContext] Well known directory 'Bin': 'C:\Trabalho\actions-runner\bin'
[2025-11-12 19:02:34Z INFO HostContext] Well known directory 'Root': 'C:\Trabalho\actions-runner'
[2025-11-12 19:02:34Z INFO HostContext] Well known directory 'Work': 'C:\Trabalho\actions-runner\_work'
[2025-11-12 19:02:34Z INFO HostContext] Well known directory 'Actions': 'C:\Trabalho\actions-runner\_work\_actions'
[2025-11-12 19:02:34Z INFO ActionManifestManager] Ignore action property branding.
[2025-11-12 19:02:34Z INFO ActionManifestManager] Loaded action.yml file: {
  "name": "Kubectl tool installer",
  "description": "Install a specific version of kubectl binary. Acceptable values are latest or any semantic version string like 1.15.0",
  "inputs": {
    "type": 2,
    "map": [
      {
        "key": {
          "type": 0,
          "file": 3,
          "line": 4,
          "col": 4,
          "lit": "version"
        },
        "value": {
          "type": 0,
          "file": 3,
          "line": 7,
          "col": 16,
          "lit": "latest"
        }
      }
    ]
  },
  "execution": {
    "executionType": "nodeJS",
    "hasPre": false,
    "hasPost": false,
    "script": "lib/index.js",
    "pre": null,
    "post": null,
    "nodeVersion": "node20",
    "cleanupCondition": "always()",
    "initCondition": "always()"
  },
  "deprecated": null
}
[2025-11-12 19:02:34Z INFO ActionManager] Action pre node.js file: N/A.
[2025-11-12 19:02:34Z INFO ActionManager] Action node.js file: lib/index.js.
[2025-11-12 19:02:34Z INFO ActionManager] Action post node.js file: N/A.
[2025-11-12 19:02:34Z INFO JobExtension] Adding .
[2025-11-12 19:02:34Z INFO JobExtension] Adding .
[2025-11-12 19:02:34Z INFO JobExtension] Adding .
[2025-11-12 19:02:34Z INFO JobExtension] Adding .
[2025-11-12 19:02:34Z INFO JobExtension] Adding .
[2025-11-12 19:02:34Z INFO JobExtension] Adding .
[2025-11-12 19:02:34Z INFO JobExtension] Adding .
[2025-11-12 19:02:34Z INFO JobExtension] Adding .
[2025-11-12 19:02:34Z INFO JobExtension] Adding .
[2025-11-12 19:02:34Z INFO JobExtension] Adding .
[2025-11-12 19:02:34Z INFO JobExtension] Adding .
[2025-11-12 19:02:34Z INFO HostContext] Well known directory 'Bin': 'C:\Trabalho\actions-runner\bin'
[2025-11-12 19:02:34Z INFO HostContext] Well known directory 'Root': 'C:\Trabalho\actions-runner'
[2025-11-12 19:02:34Z INFO HostContext] Well known directory 'Diag': 'C:\Trabalho\actions-runner\_diag'
[2025-11-12 19:02:34Z INFO HostContext] Well known directory 'Bin': 'C:\Trabalho\actions-runner\bin'
[2025-11-12 19:02:34Z INFO HostContext] Well known directory 'Root': 'C:\Trabalho\actions-runner'
[2025-11-12 19:02:34Z INFO HostContext] Well known directory 'Diag': 'C:\Trabalho\actions-runner\_diag'
[2025-11-12 19:02:34Z INFO HostContext] Well known directory 'Bin': 'C:\Trabalho\actions-runner\bin'
[2025-11-12 19:02:34Z INFO HostContext] Well known directory 'Root': 'C:\Trabalho\actions-runner'
[2025-11-12 19:02:34Z INFO HostContext] Well known directory 'Diag': 'C:\Trabalho\actions-runner\_diag'
[2025-11-12 19:02:34Z INFO HostContext] Well known directory 'Bin': 'C:\Trabalho\actions-runner\bin'
[2025-11-12 19:02:34Z INFO HostContext] Well known directory 'Root': 'C:\Trabalho\actions-runner'
[2025-11-12 19:02:34Z INFO HostContext] Well known directory 'Diag': 'C:\Trabalho\actions-runner\_diag'
[2025-11-12 19:02:34Z INFO HostContext] Well known directory 'Bin': 'C:\Trabalho\actions-runner\bin'
[2025-11-12 19:02:34Z INFO HostContext] Well known directory 'Root': 'C:\Trabalho\actions-runner'
[2025-11-12 19:02:34Z INFO HostContext] Well known directory 'Diag': 'C:\Trabalho\actions-runner\_diag'
[2025-11-12 19:02:34Z INFO HostContext] Well known directory 'Bin': 'C:\Trabalho\actions-runner\bin'
[2025-11-12 19:02:34Z INFO HostContext] Well known directory 'Root': 'C:\Trabalho\actions-runner'
[2025-11-12 19:02:34Z INFO HostContext] Well known directory 'Diag': 'C:\Trabalho\actions-runner\_diag'
[2025-11-12 19:02:34Z INFO HostContext] Well known directory 'Bin': 'C:\Trabalho\actions-runner\bin'
[2025-11-12 19:02:34Z INFO HostContext] Well known directory 'Root': 'C:\Trabalho\actions-runner'
[2025-11-12 19:02:34Z INFO HostContext] Well known directory 'Diag': 'C:\Trabalho\actions-runner\_diag'
[2025-11-12 19:02:34Z INFO HostContext] Well known directory 'Bin': 'C:\Trabalho\actions-runner\bin'
[2025-11-12 19:02:34Z INFO HostContext] Well known directory 'Root': 'C:\Trabalho\actions-runner'
[2025-11-12 19:02:34Z INFO HostContext] Well known directory 'Diag': 'C:\Trabalho\actions-runner\_diag'
[2025-11-12 19:02:34Z INFO HostContext] Well known directory 'Bin': 'C:\Trabalho\actions-runner\bin'
[2025-11-12 19:02:34Z INFO HostContext] Well known directory 'Root': 'C:\Trabalho\actions-runner'
[2025-11-12 19:02:34Z INFO HostContext] Well known directory 'Diag': 'C:\Trabalho\actions-runner\_diag'
[2025-11-12 19:02:34Z INFO HostContext] Well known directory 'Bin': 'C:\Trabalho\actions-runner\bin'
[2025-11-12 19:02:34Z INFO HostContext] Well known directory 'Root': 'C:\Trabalho\actions-runner'
[2025-11-12 19:02:34Z INFO HostContext] Well known directory 'Diag': 'C:\Trabalho\actions-runner\_diag'
[2025-11-12 19:02:34Z INFO HostContext] Well known directory 'Bin': 'C:\Trabalho\actions-runner\bin'
[2025-11-12 19:02:34Z INFO HostContext] Well known directory 'Root': 'C:\Trabalho\actions-runner'
[2025-11-12 19:02:34Z INFO HostContext] Well known directory 'Diag': 'C:\Trabalho\actions-runner\_diag'
[2025-11-12 19:02:34Z INFO HostContext] Well known directory 'Bin': 'C:\Trabalho\actions-runner\bin'
[2025-11-12 19:02:34Z INFO HostContext] Well known directory 'Root': 'C:\Trabalho\actions-runner'
[2025-11-12 19:02:34Z INFO HostContext] Well known directory 'Diag': 'C:\Trabalho\actions-runner\_diag'
[2025-11-12 19:02:34Z INFO HostContext] Well known directory 'Bin': 'C:\Trabalho\actions-runner\bin'
[2025-11-12 19:02:34Z INFO HostContext] Well known directory 'Root': 'C:\Trabalho\actions-runner'
[2025-11-12 19:02:34Z INFO HostContext] Well known directory 'Diag': 'C:\Trabalho\actions-runner\_diag'
[2025-11-12 19:02:34Z INFO HostContext] Well known directory 'Bin': 'C:\Trabalho\actions-runner\bin'
[2025-11-12 19:02:34Z INFO HostContext] Well known directory 'Root': 'C:\Trabalho\actions-runner'
[2025-11-12 19:02:34Z INFO HostContext] Well known directory 'Diag': 'C:\Trabalho\actions-runner\_diag'
[2025-11-12 19:02:34Z INFO HostContext] Well known directory 'Bin': 'C:\Trabalho\actions-runner\bin'
[2025-11-12 19:02:34Z INFO HostContext] Well known directory 'Root': 'C:\Trabalho\actions-runner'
[2025-11-12 19:02:34Z INFO HostContext] Well known directory 'Diag': 'C:\Trabalho\actions-runner\_diag'
[2025-11-12 19:02:34Z INFO HostContext] Well known directory 'Bin': 'C:\Trabalho\actions-runner\bin'
[2025-11-12 19:02:34Z INFO HostContext] Well known directory 'Root': 'C:\Trabalho\actions-runner'
[2025-11-12 19:02:34Z INFO HostContext] Well known directory 'Diag': 'C:\Trabalho\actions-runner\_diag'
[2025-11-12 19:02:34Z INFO HostContext] Well known directory 'Bin': 'C:\Trabalho\actions-runner\bin'
[2025-11-12 19:02:34Z INFO HostContext] Well known directory 'Root': 'C:\Trabalho\actions-runner'
[2025-11-12 19:02:34Z INFO HostContext] Well known directory 'Diag': 'C:\Trabalho\actions-runner\_diag'
[2025-11-12 19:02:34Z INFO HostContext] Well known directory 'Bin': 'C:\Trabalho\actions-runner\bin'
[2025-11-12 19:02:34Z INFO HostContext] Well known directory 'Root': 'C:\Trabalho\actions-runner'
[2025-11-12 19:02:34Z INFO HostContext] Well known directory 'Diag': 'C:\Trabalho\actions-runner\_diag'
[2025-11-12 19:02:34Z INFO HostContext] Well known directory 'Bin': 'C:\Trabalho\actions-runner\bin'
[2025-11-12 19:02:34Z INFO HostContext] Well known directory 'Root': 'C:\Trabalho\actions-runner'
[2025-11-12 19:02:34Z INFO HostContext] Well known directory 'Diag': 'C:\Trabalho\actions-runner\_diag'
[2025-11-12 19:02:34Z INFO HostContext] Well known directory 'Bin': 'C:\Trabalho\actions-runner\bin'
[2025-11-12 19:02:34Z INFO HostContext] Well known directory 'Root': 'C:\Trabalho\actions-runner'
[2025-11-12 19:02:34Z INFO HostContext] Well known directory 'Diag': 'C:\Trabalho\actions-runner\_diag'
[2025-11-12 19:02:34Z INFO HostContext] Well known directory 'Bin': 'C:\Trabalho\actions-runner\bin'
[2025-11-12 19:02:34Z INFO HostContext] Well known directory 'Root': 'C:\Trabalho\actions-runner'
[2025-11-12 19:02:34Z INFO HostContext] Well known directory 'Diag': 'C:\Trabalho\actions-runner\_diag'
[2025-11-12 19:02:34Z INFO HostContext] Well known directory 'Bin': 'C:\Trabalho\actions-runner\bin'
[2025-11-12 19:02:34Z INFO HostContext] Well known directory 'Root': 'C:\Trabalho\actions-runner'
[2025-11-12 19:02:34Z INFO HostContext] Well known directory 'Diag': 'C:\Trabalho\actions-runner\_diag'
[2025-11-12 19:02:34Z INFO JobExtension] Total accessible running process: 264.
[2025-11-12 19:02:34Z INFO HostContext] Well known directory 'Bin': 'C:\Trabalho\actions-runner\bin'
[2025-11-12 19:02:34Z INFO HostContext] Well known directory 'Root': 'C:\Trabalho\actions-runner'
[2025-11-12 19:02:34Z INFO HostContext] Well known directory 'Work': 'C:\Trabalho\actions-runner\_work'
[2025-11-12 19:02:34Z INFO JobExtension] Start checking service connectivity in background.
[2025-11-12 19:02:34Z INFO ExecutionContext] Publish step telemetry for current step {
  "action": "setup_job",
  "type": "runner",
  "stage": "Pre",
  "stepId": "480bd3f4-f25f-4c35-a7a3-d2d3be9c00cc",
  "result": "succeeded",
  "errorMessages": [],
  "executionTimeInSeconds": 3,
  "startTime": "2025-11-12T19:02:31.5696252Z",
  "finishTime": "2025-11-12T19:02:34.2346041Z"
}.
[2025-11-12 19:02:34Z INFO JobRunner] Total job steps: 11.
[2025-11-12 19:02:34Z INFO JobRunner] Run all job steps.
[2025-11-12 19:02:34Z INFO StepsRunner] Processing step: DisplayName='Checkout'
[2025-11-12 19:02:34Z INFO StepsRunner] Evaluating: success()
[2025-11-12 19:02:34Z INFO StepsRunner] Result: true
[2025-11-12 19:02:34Z INFO StepsRunner] Starting the step.
[2025-11-12 19:02:34Z INFO HostContext] Well known directory 'Bin': 'C:\Trabalho\actions-runner\bin'
[2025-11-12 19:02:34Z INFO HostContext] Well known directory 'Root': 'C:\Trabalho\actions-runner'
[2025-11-12 19:02:34Z INFO HostContext] Well known directory 'Work': 'C:\Trabalho\actions-runner\_work'
[2025-11-12 19:02:34Z INFO StepsRunner] Which2: 'chcp'
[2025-11-12 19:02:34Z INFO StepsRunner] Location: 'C:\WINDOWS\system32\chcp.COM'
[2025-11-12 19:02:34Z INFO ProcessInvokerWrapper] Starting process:
[2025-11-12 19:02:34Z INFO ProcessInvokerWrapper]   File name: 'C:\WINDOWS\system32\chcp.COM'
[2025-11-12 19:02:34Z INFO ProcessInvokerWrapper]   Arguments: '65001'
[2025-11-12 19:02:34Z INFO ProcessInvokerWrapper]   Working directory: 'C:\Trabalho\actions-runner\_work'
[2025-11-12 19:02:34Z INFO ProcessInvokerWrapper]   Require exit code zero: 'False'
[2025-11-12 19:02:34Z INFO ProcessInvokerWrapper]   Encoding web name:  ; code page: ''
[2025-11-12 19:02:34Z INFO ProcessInvokerWrapper]   Force kill process on cancellation: 'False'
[2025-11-12 19:02:34Z INFO ProcessInvokerWrapper]   Redirected STDIN: 'False'
[2025-11-12 19:02:34Z INFO ProcessInvokerWrapper]   Persist current code page: 'True'
[2025-11-12 19:02:34Z INFO ProcessInvokerWrapper]   Keep redirected STDIN open: 'False'
[2025-11-12 19:02:34Z INFO ProcessInvokerWrapper]   High priority process: 'False'
[2025-11-12 19:02:34Z INFO ProcessInvokerWrapper] Process started with process id 1664, waiting for process exit.
[2025-11-12 19:02:34Z INFO ProcessInvokerWrapper] STDOUT/STDERR stream read finished.
[2025-11-12 19:02:34Z INFO ProcessInvokerWrapper] STDOUT/STDERR stream read finished.
[2025-11-12 19:02:34Z INFO ProcessInvokerWrapper] Finished process 1664 with exit code 0, and elapsed time 00:00:00.0297169.
[2025-11-12 19:02:34Z INFO StepsRunner] Successfully returned to code page 65001 (UTF8)
[2025-11-12 19:02:34Z INFO HostContext] Well known directory 'Bin': 'C:\Trabalho\actions-runner\bin'
[2025-11-12 19:02:34Z INFO HostContext] Well known directory 'Root': 'C:\Trabalho\actions-runner'
[2025-11-12 19:02:34Z INFO HostContext] Well known directory 'Work': 'C:\Trabalho\actions-runner\_work'
[2025-11-12 19:02:34Z INFO HostContext] Well known directory 'Actions': 'C:\Trabalho\actions-runner\_work\_actions'
[2025-11-12 19:02:34Z INFO ActionManager] Load action that reference repository from 'C:\Trabalho\actions-runner\_work\_actions\actions\checkout\v4'
[2025-11-12 19:02:34Z INFO HostContext] Well known directory 'Bin': 'C:\Trabalho\actions-runner\bin'
[2025-11-12 19:02:34Z INFO HostContext] Well known directory 'Root': 'C:\Trabalho\actions-runner'
[2025-11-12 19:02:34Z INFO HostContext] Well known directory 'Work': 'C:\Trabalho\actions-runner\_work'
[2025-11-12 19:02:34Z INFO HostContext] Well known directory 'Actions': 'C:\Trabalho\actions-runner\_work\_actions'
[2025-11-12 19:02:34Z INFO ActionManifestManager] Loaded action.yml file: {
  "name": "Checkout",
  "description": "Checkout a Git repository at a particular version",
  "inputs": {
    "type": 2,
    "map": [
      {
        "key": {
          "type": 0,
          "file": 2,
          "line": 4,
          "col": 3,
          "lit": "repository"
        },
        "value": {
          "type": 3,
          "file": 2,
          "line": 6,
          "col": 14,
          "expr": "github.repository"
        }
      },
      {
        "key": {
          "type": 0,
          "file": 2,
          "line": 7,
          "col": 3,
          "lit": "ref"
        },
        "value": ""
      },
      {
        "key": {
          "type": 0,
          "file": 2,
          "line": 12,
          "col": 3,
          "lit": "token"
        },
        "value": {
          "type": 3,
          "file": 2,
          "line": 24,
          "col": 14,
          "expr": "github.token"
        }
      },
      {
        "key": {
          "type": 0,
          "file": 2,
          "line": 25,
          "col": 3,
          "lit": "ssh-key"
        },
        "value": ""
      },
      {
        "key": {
          "type": 0,
          "file": 2,
          "line": 37,
          "col": 3,
          "lit": "ssh-known-hosts"
        },
        "value": ""
      },
      {
        "key": {
          "type": 0,
          "file": 2,
          "line": 42,
          "col": 3,
          "lit": "ssh-strict"
        },
        "value": {
          "type": 0,
          "file": 2,
          "line": 47,
          "col": 14,
          "lit": "true"
        }
      },
      {
        "key": {
          "type": 0,
          "file": 2,
          "line": 48,
          "col": 3,
          "lit": "ssh-user"
        },
        "value": {
          "type": 0,
          "file": 2,
          "line": 51,
          "col": 14,
          "lit": "git"
        }
      },
      {
        "key": {
          "type": 0,
          "file": 2,
          "line": 52,
          "col": 3,
          "lit": "persist-credentials"
        },
        "value": {
          "type": 0,
          "file": 2,
          "line": 54,
          "col": 14,
          "lit": "true"
        }
      },
      {
        "key": {
          "type": 0,
          "file": 2,
          "line": 55,
          "col": 3,
          "lit": "path"
        },
        "value": ""
      },
      {
        "key": {
          "type": 0,
          "file": 2,
          "line": 57,
          "col": 3,
          "lit": "clean"
        },
        "value": {
          "type": 0,
          "file": 2,
          "line": 59,
          "col": 14,
          "lit": "true"
        }
      },
      {
        "key": {
          "type": 0,
          "file": 2,
          "line": 60,
          "col": 3,
          "lit": "filter"
        },
        "value": {
          "type": 0,
          "file": 2,
          "line": 64,
          "col": 14,
          "lit": ""
        }
      },
      {
        "key": {
          "type": 0,
          "file": 2,
          "line": 65,
          "col": 3,
          "lit": "sparse-checkout"
        },
        "value": {
          "type": 0,
          "file": 2,
          "line": 69,
          "col": 14,
          "lit": ""
        }
      },
      {
        "key": {
          "type": 0,
          "file": 2,
          "line": 70,
          "col": 3,
          "lit": "sparse-checkout-cone-mode"
        },
        "value": {
          "type": 0,
          "file": 2,
          "line": 73,
          "col": 14,
          "lit": "true"
        }
      },
      {
        "key": {
          "type": 0,
          "file": 2,
          "line": 74,
          "col": 3,
          "lit": "fetch-depth"
        },
        "value": {
          "type": 0,
          "file": 2,
          "line": 76,
          "col": 14,
          "lit": "1"
        }
      },
      {
        "key": {
          "type": 0,
          "file": 2,
          "line": 77,
          "col": 3,
          "lit": "fetch-tags"
        },
        "value": {
          "type": 0,
          "file": 2,
          "line": 79,
          "col": 14,
          "lit": "false"
        }
      },
      {
        "key": {
          "type": 0,
          "file": 2,
          "line": 80,
          "col": 3,
          "lit": "show-progress"
        },
        "value": {
          "type": 0,
          "file": 2,
          "line": 82,
          "col": 14,
          "lit": "true"
        }
      },
      {
        "key": {
          "type": 0,
          "file": 2,
          "line": 83,
          "col": 3,
          "lit": "lfs"
        },
        "value": {
          "type": 0,
          "file": 2,
          "line": 85,
          "col": 14,
          "lit": "false"
        }
      },
      {
        "key": {
          "type": 0,
          "file": 2,
          "line": 86,
          "col": 3,
          "lit": "submodules"
        },
        "value": {
          "type": 0,
          "file": 2,
          "line": 94,
          "col": 14,
          "lit": "false"
        }
      },
      {
        "key": {
          "type": 0,
          "file": 2,
          "line": 95,
          "col": 3,
          "lit": "set-safe-directory"
        },
        "value": {
          "type": 0,
          "file": 2,
          "line": 97,
          "col": 14,
          "lit": "true"
        }
      },
      {
        "key": {
          "type": 0,
          "file": 2,
          "line": 98,
          "col": 3,
          "lit": "github-server-url"
        },
        "value": ""
      }
    ]
  },
  "execution": {
    "executionType": "nodeJS",
    "hasPre": false,
    "hasPost": true,
    "script": "dist/index.js",
    "pre": null,
    "post": "dist/index.js",
    "nodeVersion": "node20",
    "cleanupCondition": "always()",
    "initCondition": "always()"
  },
  "deprecated": null
}
[2025-11-12 19:02:34Z INFO ActionManager] Action pre node.js file: N/A.
[2025-11-12 19:02:34Z INFO ActionManager] Action node.js file: dist/index.js.
[2025-11-12 19:02:34Z INFO ActionManager] Action post node.js file: dist/index.js.
[2025-11-12 19:02:34Z INFO ExecutionContext] Reserve record order 13 to 24 for post job actions.
[2025-11-12 19:02:34Z INFO HostContext] Well known directory 'Bin': 'C:\Trabalho\actions-runner\bin'
[2025-11-12 19:02:34Z INFO HostContext] Well known directory 'Root': 'C:\Trabalho\actions-runner'
[2025-11-12 19:02:34Z INFO HostContext] Well known directory 'Diag': 'C:\Trabalho\actions-runner\_diag'
[2025-11-12 19:02:34Z INFO HostContext] Well known directory 'Bin': 'C:\Trabalho\actions-runner\bin'
[2025-11-12 19:02:34Z INFO HostContext] Well known directory 'Root': 'C:\Trabalho\actions-runner'
[2025-11-12 19:02:34Z INFO HostContext] Well known directory 'Diag': 'C:\Trabalho\actions-runner\_diag'
[2025-11-12 19:02:34Z INFO HostContext] Well known directory 'Bin': 'C:\Trabalho\actions-runner\bin'
[2025-11-12 19:02:34Z INFO HostContext] Well known directory 'Root': 'C:\Trabalho\actions-runner'
[2025-11-12 19:02:34Z INFO HostContext] Well known directory 'Work': 'C:\Trabalho\actions-runner\_work'
[2025-11-12 19:02:34Z INFO HostContext] Well known directory 'Temp': 'C:\Trabalho\actions-runner\_work\_temp'
[2025-11-12 19:02:34Z INFO ExecutionContext] Write event payload to C:\Trabalho\actions-runner\_work\_temp\_github_workflow\event.json
[2025-11-12 19:02:34Z INFO HostContext] Well known directory 'Bin': 'C:\Trabalho\actions-runner\bin'
[2025-11-12 19:02:34Z INFO HostContext] Well known directory 'Root': 'C:\Trabalho\actions-runner'
[2025-11-12 19:02:34Z INFO HostContext] Well known directory 'Work': 'C:\Trabalho\actions-runner\_work'
[2025-11-12 19:02:34Z INFO HostContext] Well known directory 'Temp': 'C:\Trabalho\actions-runner\_work\_temp'
[2025-11-12 19:02:34Z INFO ExtensionManager] Getting extensions for interface: 'GitHub.Runner.Worker.IFileCommandExtension'
[2025-11-12 19:02:34Z INFO ExtensionManager] Creating instance: GitHub.Runner.Worker.AddPathFileCommand, Runner.Worker
[2025-11-12 19:02:34Z INFO ExtensionManager] Creating instance: GitHub.Runner.Worker.SetEnvFileCommand, Runner.Worker
[2025-11-12 19:02:34Z INFO ExtensionManager] Creating instance: GitHub.Runner.Worker.CreateStepSummaryCommand, Runner.Worker
[2025-11-12 19:02:34Z INFO ExtensionManager] Creating instance: GitHub.Runner.Worker.SaveStateFileCommand, Runner.Worker
[2025-11-12 19:02:34Z INFO ExtensionManager] Creating instance: GitHub.Runner.Worker.SetOutputFileCommand, Runner.Worker
[2025-11-12 19:02:34Z INFO JobServerQueue] Try to append 1 batches web console lines for record '480bd3f4-f25f-4c35-a7a3-d2d3be9c00cc', success rate: 1/1.
[2025-11-12 19:02:34Z INFO ActionManifestManager] Input 'repository': *** value evaluate result: {
  "type": 0,
  "file": 2,
  "line": 6,
  "col": 14,
  "lit": "potinhek/Trabalho"
}
[2025-11-12 19:02:34Z INFO ActionManifestManager] Input 'ref': *** value evaluate result: ""
[2025-11-12 19:02:34Z INFO ActionManifestManager] Input 'token': *** value evaluate result: {
  "type": 0,
  "file": 2,
  "line": 24,
  "col": 14,
  "lit": "***"
}
[2025-11-12 19:02:34Z INFO ActionManifestManager] Input 'ssh-key': *** value evaluate result: ""
[2025-11-12 19:02:34Z INFO ActionManifestManager] Input 'ssh-known-hosts': *** value evaluate result: ""
[2025-11-12 19:02:34Z INFO ActionManifestManager] Input 'ssh-strict': *** value evaluate result: {
  "type": 0,
  "file": 2,
  "line": 47,
  "col": 14,
  "lit": "true"
}
[2025-11-12 19:02:34Z INFO ActionManifestManager] Input 'ssh-user': *** value evaluate result: {
  "type": 0,
  "file": 2,
  "line": 51,
  "col": 14,
  "lit": "git"
}
[2025-11-12 19:02:34Z INFO ActionManifestManager] Input 'persist-credentials': *** value evaluate result: {
  "type": 0,
  "file": 2,
  "line": 54,
  "col": 14,
  "lit": "true"
}
[2025-11-12 19:02:34Z INFO ActionManifestManager] Input 'path': *** value evaluate result: ""
[2025-11-12 19:02:34Z INFO ActionManifestManager] Input 'clean': *** value evaluate result: {
  "type": 0,
  "file": 2,
  "line": 59,
  "col": 14,
  "lit": "true"
}
[2025-11-12 19:02:34Z INFO ActionManifestManager] Input 'filter': *** value evaluate result: {
  "type": 0,
  "file": 2,
  "line": 64,
  "col": 14,
  "lit": ""
}
[2025-11-12 19:02:34Z INFO ActionManifestManager] Input 'sparse-checkout': *** value evaluate result: {
  "type": 0,
  "file": 2,
  "line": 69,
  "col": 14,
  "lit": ""
}
[2025-11-12 19:02:34Z INFO ActionManifestManager] Input 'sparse-checkout-cone-mode': *** value evaluate result: {
  "type": 0,
  "file": 2,
  "line": 73,
  "col": 14,
  "lit": "true"
}
[2025-11-12 19:02:34Z INFO ActionManifestManager] Input 'fetch-depth': *** value evaluate result: {
  "type": 0,
  "file": 2,
  "line": 76,
  "col": 14,
  "lit": "1"
}
[2025-11-12 19:02:34Z INFO ActionManifestManager] Input 'fetch-tags': *** value evaluate result: {
  "type": 0,
  "file": 2,
  "line": 79,
  "col": 14,
  "lit": "false"
}
[2025-11-12 19:02:34Z INFO ActionManifestManager] Input 'show-progress': *** value evaluate result: {
  "type": 0,
  "file": 2,
  "line": 82,
  "col": 14,
  "lit": "true"
}
[2025-11-12 19:02:34Z INFO ActionManifestManager] Input 'lfs': *** value evaluate result: {
  "type": 0,
  "file": 2,
  "line": 85,
  "col": 14,
  "lit": "false"
}
[2025-11-12 19:02:34Z INFO ActionManifestManager] Input 'submodules': *** value evaluate result: {
  "type": 0,
  "file": 2,
  "line": 94,
  "col": 14,
  "lit": "false"
}
[2025-11-12 19:02:34Z INFO ActionManifestManager] Input 'set-safe-directory': *** value evaluate result: {
  "type": 0,
  "file": 2,
  "line": 97,
  "col": 14,
  "lit": "true"
}
[2025-11-12 19:02:34Z INFO ActionManifestManager] Input 'github-server-url': *** value evaluate result: ""
[2025-11-12 19:02:34Z INFO ExtensionManager] Getting extensions for interface: 'GitHub.Runner.Worker.IActionCommandExtension'
[2025-11-12 19:02:34Z INFO ExtensionManager] Creating instance: GitHub.Runner.Worker.InternalPluginSetRepoPathCommandExtension, Runner.Worker
[2025-11-12 19:02:34Z INFO ExtensionManager] Creating instance: GitHub.Runner.Worker.SetEnvCommandExtension, Runner.Worker
[2025-11-12 19:02:34Z INFO ExtensionManager] Creating instance: GitHub.Runner.Worker.SetOutputCommandExtension, Runner.Worker
[2025-11-12 19:02:34Z INFO ExtensionManager] Creating instance: GitHub.Runner.Worker.SaveStateCommandExtension, Runner.Worker
[2025-11-12 19:02:34Z INFO ExtensionManager] Creating instance: GitHub.Runner.Worker.AddPathCommandExtension, Runner.Worker
[2025-11-12 19:02:34Z INFO ExtensionManager] Creating instance: GitHub.Runner.Worker.AddMaskCommandExtension, Runner.Worker
[2025-11-12 19:02:34Z INFO ExtensionManager] Creating instance: GitHub.Runner.Worker.AddMatcherCommandExtension, Runner.Worker
[2025-11-12 19:02:34Z INFO ExtensionManager] Creating instance: GitHub.Runner.Worker.RemoveMatcherCommandExtension, Runner.Worker
[2025-11-12 19:02:34Z INFO ExtensionManager] Creating instance: GitHub.Runner.Worker.WarningCommandExtension, Runner.Worker
[2025-11-12 19:02:34Z INFO ExtensionManager] Creating instance: GitHub.Runner.Worker.ErrorCommandExtension, Runner.Worker
[2025-11-12 19:02:34Z INFO ExtensionManager] Creating instance: GitHub.Runner.Worker.NoticeCommandExtension, Runner.Worker
[2025-11-12 19:02:34Z INFO ExtensionManager] Creating instance: GitHub.Runner.Worker.DebugCommandExtension, Runner.Worker
[2025-11-12 19:02:34Z INFO ExtensionManager] Creating instance: GitHub.Runner.Worker.GroupCommandExtension, Runner.Worker
[2025-11-12 19:02:34Z INFO ExtensionManager] Creating instance: GitHub.Runner.Worker.EndGroupCommandExtension, Runner.Worker
[2025-11-12 19:02:34Z INFO ExtensionManager] Creating instance: GitHub.Runner.Worker.EchoCommandExtension, Runner.Worker
[2025-11-12 19:02:34Z INFO ActionCommandManager] Register action command extension for command internal-set-repo-path
[2025-11-12 19:02:34Z INFO ActionCommandManager] Register action command extension for command set-env
[2025-11-12 19:02:34Z INFO ActionCommandManager] Register action command extension for command set-output
[2025-11-12 19:02:34Z INFO ActionCommandManager] Register action command extension for command save-state
[2025-11-12 19:02:34Z INFO ActionCommandManager] Register action command extension for command add-path
[2025-11-12 19:02:34Z INFO ActionCommandManager] Register action command extension for command add-mask
[2025-11-12 19:02:34Z INFO ActionCommandManager] Register action command extension for command add-matcher
[2025-11-12 19:02:34Z INFO ActionCommandManager] Register action command extension for command remove-matcher
[2025-11-12 19:02:34Z INFO ActionCommandManager] Register action command extension for command warning
[2025-11-12 19:02:34Z INFO ActionCommandManager] Register action command extension for command error
[2025-11-12 19:02:34Z INFO ActionCommandManager] Register action command extension for command notice
[2025-11-12 19:02:34Z INFO ActionCommandManager] Register action command extension for command debug
[2025-11-12 19:02:34Z INFO ActionCommandManager] Register action command extension for command group
[2025-11-12 19:02:34Z INFO ActionCommandManager] Register action command extension for command endgroup
[2025-11-12 19:02:34Z INFO ActionCommandManager] Register action command extension for command echo
[2025-11-12 19:02:34Z INFO HostContext] Well known directory 'Bin': 'C:\Trabalho\actions-runner\bin'
[2025-11-12 19:02:34Z INFO HostContext] Well known directory 'Root': 'C:\Trabalho\actions-runner'
[2025-11-12 19:02:34Z INFO HostContext] Well known directory 'Externals': 'C:\Trabalho\actions-runner\externals'
[2025-11-12 19:02:34Z INFO ProcessInvokerWrapper] Starting process:
[2025-11-12 19:02:34Z INFO ProcessInvokerWrapper]   File name: 'C:\Trabalho\actions-runner\externals\node20\bin\node.exe'
[2025-11-12 19:02:34Z INFO ProcessInvokerWrapper]   Arguments: '"C:\Trabalho\actions-runner\_work\_actions\actions\checkout\v4\dist/index.js"'
[2025-11-12 19:02:34Z INFO ProcessInvokerWrapper]   Working directory: 'C:\Trabalho\actions-runner\_work\Trabalho\Trabalho'
[2025-11-12 19:02:34Z INFO ProcessInvokerWrapper]   Require exit code zero: 'False'
[2025-11-12 19:02:34Z INFO ProcessInvokerWrapper]   Encoding web name: utf-8 ; code page: '65001'
[2025-11-12 19:02:34Z INFO ProcessInvokerWrapper]   Force kill process on cancellation: 'False'
[2025-11-12 19:02:34Z INFO ProcessInvokerWrapper]   Redirected STDIN: 'False'
[2025-11-12 19:02:34Z INFO ProcessInvokerWrapper]   Persist current code page: 'True'
[2025-11-12 19:02:34Z INFO ProcessInvokerWrapper]   Keep redirected STDIN open: 'False'
[2025-11-12 19:02:34Z INFO ProcessInvokerWrapper]   High priority process: 'False'
[2025-11-12 19:02:34Z INFO ProcessInvokerWrapper] Process started with process id 7092, waiting for process exit.
[2025-11-12 19:02:34Z INFO JobServerQueue] Got a step log file to send to results service.
[2025-11-12 19:02:34Z INFO JobServerQueue] Starting upload of step log file to results service ResultsLog, C:\Trabalho\actions-runner\_diag\blocks\9e87817d-537d-4dcf-85a8-9a41e3724c7a_480bd3f4-f25f-4c35-a7a3-d2d3be9c00cc.1
[2025-11-12 19:02:34Z INFO JobServerQueue] Try to upload 1 log files or attachments, success rate: 1/1.
[2025-11-12 19:02:34Z INFO JobServerQueue] Try to append 1 batches web console lines for record 'd45a8169-4984-4be3-8da1-9b00a4f4c153', success rate: 1/1.
[2025-11-12 19:02:34Z INFO JobServerQueue] Try to append 1 batches web console lines for record 'd45a8169-4984-4be3-8da1-9b00a4f4c153', success rate: 1/1.
[2025-11-12 19:02:34Z INFO AddMaskCommandExtension] Add new secret mask with length of 76
[2025-11-12 19:02:35Z INFO JobServerQueue] Try to append 1 batches web console lines for record 'd45a8169-4984-4be3-8da1-9b00a4f4c153', success rate: 1/1.
[2025-11-12 19:02:35Z INFO JobServerQueue] Try to append 1 batches web console lines for record 'd45a8169-4984-4be3-8da1-9b00a4f4c153', success rate: 1/1.
[2025-11-12 19:02:35Z INFO JobServerQueue] Tried to upload 1 file(s) to results, success rate: 1/1.
[2025-11-12 19:02:35Z INFO JobServerQueue] Try to append 1 batches web console lines for record 'd45a8169-4984-4be3-8da1-9b00a4f4c153', success rate: 1/1.
[2025-11-12 19:02:37Z INFO JobServerQueue] Try to append 1 batches web console lines for record 'd45a8169-4984-4be3-8da1-9b00a4f4c153', success rate: 1/1.
[2025-11-12 19:02:37Z INFO JobServerQueue] Try to append 1 batches web console lines for record 'd45a8169-4984-4be3-8da1-9b00a4f4c153', success rate: 1/1.
[2025-11-12 19:02:38Z INFO JobServerQueue] Try to append 1 batches web console lines for record 'd45a8169-4984-4be3-8da1-9b00a4f4c153', success rate: 1/1.
[2025-11-12 19:02:39Z INFO JobServerQueue] Try to append 1 batches web console lines for record 'd45a8169-4984-4be3-8da1-9b00a4f4c153', success rate: 1/1.
[2025-11-12 19:02:40Z INFO JobServerQueue] Try to append 1 batches web console lines for record 'd45a8169-4984-4be3-8da1-9b00a4f4c153', success rate: 1/1.
[2025-11-12 19:02:41Z INFO JobServerQueue] Try to append 1 batches web console lines for record 'd45a8169-4984-4be3-8da1-9b00a4f4c153', success rate: 1/1.
[2025-11-12 19:02:41Z INFO JobServerQueue] Try to append 1 batches web console lines for record 'd45a8169-4984-4be3-8da1-9b00a4f4c153', success rate: 1/1.
[2025-11-12 19:02:41Z INFO ProcessInvokerWrapper] STDOUT/STDERR stream read finished.
[2025-11-12 19:02:41Z INFO ProcessInvokerWrapper] STDOUT/STDERR stream read finished.
[2025-11-12 19:02:41Z INFO ProcessInvokerWrapper] Finished process 7092 with exit code 0, and elapsed time 00:00:07.4066767.
[2025-11-12 19:02:41Z INFO CreateStepSummaryCommand] Step Summary file (C:\Trabalho\actions-runner\_work\_temp\_runner_file_commands\step_summary_497ea218-f852-4169-a4f3-8066b271fbb9) is empty; skipping attachment upload
[2025-11-12 19:02:41Z INFO StepsRunner] Step result: 
[2025-11-12 19:02:41Z INFO ExecutionContext] Publish step telemetry for current step {
  "action": "actions/checkout",
  "ref": "v4",
  "type": "node20",
  "stage": "Main",
  "stepId": "d45a8169-4984-4be3-8da1-9b00a4f4c153",
  "stepContextName": "__actions_checkout",
  "hasPreStep": false,
  "hasPostStep": true,
  "result": "succeeded",
  "errorMessages": [],
  "executionTimeInSeconds": 8,
  "startTime": "2025-11-12T19:02:34.2540052Z",
  "finishTime": "2025-11-12T19:02:41.8572562Z"
}.
[2025-11-12 19:02:41Z INFO StepsRunner] No need for updating job result with current step result 'Succeeded'.
[2025-11-12 19:02:41Z INFO StepsRunner] Current state: job state = ''
[2025-11-12 19:02:41Z INFO StepsRunner] Processing step: DisplayName='Set vars'
[2025-11-12 19:02:41Z INFO StepsRunner] Evaluating: success()
[2025-11-12 19:02:41Z INFO StepsRunner] Result: true
[2025-11-12 19:02:41Z INFO StepsRunner] Starting the step.
[2025-11-12 19:02:41Z INFO HostContext] Well known directory 'Bin': 'C:\Trabalho\actions-runner\bin'
[2025-11-12 19:02:41Z INFO HostContext] Well known directory 'Root': 'C:\Trabalho\actions-runner'
[2025-11-12 19:02:41Z INFO HostContext] Well known directory 'Work': 'C:\Trabalho\actions-runner\_work'
[2025-11-12 19:02:41Z INFO StepsRunner] Which2: 'chcp'
[2025-11-12 19:02:41Z INFO StepsRunner] Location: 'C:\WINDOWS\system32\chcp.COM'
[2025-11-12 19:02:41Z INFO ProcessInvokerWrapper] Starting process:
[2025-11-12 19:02:41Z INFO ProcessInvokerWrapper]   File name: 'C:\WINDOWS\system32\chcp.COM'
[2025-11-12 19:02:41Z INFO ProcessInvokerWrapper]   Arguments: '65001'
[2025-11-12 19:02:41Z INFO ProcessInvokerWrapper]   Working directory: 'C:\Trabalho\actions-runner\_work'
[2025-11-12 19:02:41Z INFO ProcessInvokerWrapper]   Require exit code zero: 'False'
[2025-11-12 19:02:41Z INFO ProcessInvokerWrapper]   Encoding web name:  ; code page: ''
[2025-11-12 19:02:41Z INFO ProcessInvokerWrapper]   Force kill process on cancellation: 'False'
[2025-11-12 19:02:41Z INFO ProcessInvokerWrapper]   Redirected STDIN: 'False'
[2025-11-12 19:02:41Z INFO ProcessInvokerWrapper]   Persist current code page: 'True'
[2025-11-12 19:02:41Z INFO ProcessInvokerWrapper]   Keep redirected STDIN open: 'False'
[2025-11-12 19:02:41Z INFO ProcessInvokerWrapper]   High priority process: 'False'
[2025-11-12 19:02:41Z INFO ProcessInvokerWrapper] Process started with process id 6492, waiting for process exit.
[2025-11-12 19:02:41Z INFO ProcessInvokerWrapper] STDOUT/STDERR stream read finished.
[2025-11-12 19:02:41Z INFO ProcessInvokerWrapper] STDOUT/STDERR stream read finished.
[2025-11-12 19:02:41Z INFO ProcessInvokerWrapper] Finished process 6492 with exit code 0, and elapsed time 00:00:00.0220384.
[2025-11-12 19:02:41Z INFO StepsRunner] Successfully returned to code page 65001 (UTF8)
[2025-11-12 19:02:41Z INFO HostContext] Well known directory 'Bin': 'C:\Trabalho\actions-runner\bin'
[2025-11-12 19:02:41Z INFO HostContext] Well known directory 'Root': 'C:\Trabalho\actions-runner'
[2025-11-12 19:02:41Z INFO HostContext] Well known directory 'Work': 'C:\Trabalho\actions-runner\_work'
[2025-11-12 19:02:41Z INFO HostContext] Well known directory 'Temp': 'C:\Trabalho\actions-runner\_work\_temp'
[2025-11-12 19:02:41Z INFO ExecutionContext] Write event payload to C:\Trabalho\actions-runner\_work\_temp\_github_workflow\event.json
[2025-11-12 19:02:41Z INFO HostContext] Well known directory 'Bin': 'C:\Trabalho\actions-runner\bin'
[2025-11-12 19:02:41Z INFO HostContext] Well known directory 'Root': 'C:\Trabalho\actions-runner'
[2025-11-12 19:02:41Z INFO HostContext] Well known directory 'Work': 'C:\Trabalho\actions-runner\_work'
[2025-11-12 19:02:41Z INFO HostContext] Well known directory 'Temp': 'C:\Trabalho\actions-runner\_work\_temp'
[2025-11-12 19:02:41Z INFO ExtensionManager] Getting extensions for interface: 'GitHub.Runner.Worker.IFileCommandExtension'
[2025-11-12 19:02:41Z INFO ExtensionManager] Getting extensions for interface: 'GitHub.Runner.Worker.IActionCommandExtension'
[2025-11-12 19:02:41Z INFO ActionCommandManager] Register action command extension for command internal-set-repo-path
[2025-11-12 19:02:41Z INFO ActionCommandManager] Register action command extension for command set-env
[2025-11-12 19:02:41Z INFO ActionCommandManager] Register action command extension for command set-output
[2025-11-12 19:02:41Z INFO ActionCommandManager] Register action command extension for command save-state
[2025-11-12 19:02:41Z INFO ActionCommandManager] Register action command extension for command add-path
[2025-11-12 19:02:41Z INFO ActionCommandManager] Register action command extension for command add-mask
[2025-11-12 19:02:41Z INFO ActionCommandManager] Register action command extension for command add-matcher
[2025-11-12 19:02:41Z INFO ActionCommandManager] Register action command extension for command remove-matcher
[2025-11-12 19:02:41Z INFO ActionCommandManager] Register action command extension for command warning
[2025-11-12 19:02:41Z INFO ActionCommandManager] Register action command extension for command error
[2025-11-12 19:02:41Z INFO ActionCommandManager] Register action command extension for command notice
[2025-11-12 19:02:41Z INFO ActionCommandManager] Register action command extension for command debug
[2025-11-12 19:02:41Z INFO ActionCommandManager] Register action command extension for command group
[2025-11-12 19:02:41Z INFO ActionCommandManager] Register action command extension for command endgroup
[2025-11-12 19:02:41Z INFO ActionCommandManager] Register action command extension for command echo
[2025-11-12 19:02:41Z INFO ScriptHandler] Which2: 'powershell'
[2025-11-12 19:02:41Z INFO ScriptHandler] Location: 'C:\WINDOWS\System32\WindowsPowerShell\v1.0\powershell.EXE'
[2025-11-12 19:02:41Z INFO HostContext] Well known directory 'Bin': 'C:\Trabalho\actions-runner\bin'
[2025-11-12 19:02:41Z INFO HostContext] Well known directory 'Root': 'C:\Trabalho\actions-runner'
[2025-11-12 19:02:41Z INFO HostContext] Well known directory 'Work': 'C:\Trabalho\actions-runner\_work'
[2025-11-12 19:02:41Z INFO HostContext] Well known directory 'Temp': 'C:\Trabalho\actions-runner\_work\_temp'
[2025-11-12 19:02:41Z INFO ScriptHandler] Which2: 'powershell'
[2025-11-12 19:02:41Z INFO ScriptHandler] Location: 'C:\WINDOWS\System32\WindowsPowerShell\v1.0\powershell.EXE'
[2025-11-12 19:02:41Z INFO ProcessInvokerWrapper] Starting process:
[2025-11-12 19:02:41Z INFO ProcessInvokerWrapper]   File name: 'C:\WINDOWS\System32\WindowsPowerShell\v1.0\powershell.EXE'
[2025-11-12 19:02:41Z INFO ProcessInvokerWrapper]   Arguments: '-command ". 'C:\Trabalho\actions-runner\_work\_temp\341a742e-2fd6-4e57-8559-c46b6e79e416.ps1'"'
[2025-11-12 19:02:41Z INFO ProcessInvokerWrapper]   Working directory: 'C:\Trabalho\actions-runner\_work\Trabalho\Trabalho'
[2025-11-12 19:02:41Z INFO ProcessInvokerWrapper]   Require exit code zero: 'False'
[2025-11-12 19:02:41Z INFO ProcessInvokerWrapper]   Encoding web name:  ; code page: ''
[2025-11-12 19:02:41Z INFO ProcessInvokerWrapper]   Force kill process on cancellation: 'False'
[2025-11-12 19:02:41Z INFO ProcessInvokerWrapper]   Redirected STDIN: 'False'
[2025-11-12 19:02:41Z INFO ProcessInvokerWrapper]   Persist current code page: 'True'
[2025-11-12 19:02:41Z INFO ProcessInvokerWrapper]   Keep redirected STDIN open: 'False'
[2025-11-12 19:02:41Z INFO ProcessInvokerWrapper]   High priority process: 'False'
[2025-11-12 19:02:41Z INFO ProcessInvokerWrapper] Process started with process id 9440, waiting for process exit.
[2025-11-12 19:02:41Z INFO JobServerQueue] Try to append 1 batches web console lines for record 'd45a8169-4984-4be3-8da1-9b00a4f4c153', success rate: 1/1.
[2025-11-12 19:02:41Z INFO JobServerQueue] Try to append 1 batches web console lines for record '465f39fe-906c-47f6-9278-0d1b9a894353', success rate: 1/1.
[2025-11-12 19:02:42Z INFO JobServerQueue] Try to upload 1 log files or attachments, success rate: 1/1.
[2025-11-12 19:02:42Z INFO ProcessInvokerWrapper] STDOUT/STDERR stream read finished.
[2025-11-12 19:02:42Z INFO ProcessInvokerWrapper] STDOUT/STDERR stream read finished.
[2025-11-12 19:02:42Z INFO ProcessInvokerWrapper] Finished process 9440 with exit code 0, and elapsed time 00:00:00.7662993.
[2025-11-12 19:02:42Z INFO CreateStepSummaryCommand] Step Summary file (C:\Trabalho\actions-runner\_work\_temp\_runner_file_commands\step_summary_33276a12-9651-448c-9e84-cc60266aa0c8) is empty; skipping attachment upload
[2025-11-12 19:02:42Z INFO StepsRunner] Step result: 
[2025-11-12 19:02:42Z INFO ExecutionContext] Publish step telemetry for current step {
  "action": "powershell",
  "type": "run",
  "stage": "Main",
  "stepId": "465f39fe-906c-47f6-9278-0d1b9a894353",
  "stepContextName": "vars",
  "result": "succeeded",
  "errorMessages": [],
  "executionTimeInSeconds": 1,
  "startTime": "2025-11-12T19:02:41.8585923Z",
  "finishTime": "2025-11-12T19:02:42.6970457Z"
}.
[2025-11-12 19:02:42Z INFO StepsRunner] No need for updating job result with current step result 'Succeeded'.
[2025-11-12 19:02:42Z INFO StepsRunner] Current state: job state = ''
[2025-11-12 19:02:42Z INFO StepsRunner] Processing step: DisplayName='Setup kubectl'
[2025-11-12 19:02:42Z INFO StepsRunner] Evaluating: success()
[2025-11-12 19:02:42Z INFO StepsRunner] Result: true
[2025-11-12 19:02:42Z INFO StepsRunner] Starting the step.
[2025-11-12 19:02:42Z INFO HostContext] Well known directory 'Bin': 'C:\Trabalho\actions-runner\bin'
[2025-11-12 19:02:42Z INFO HostContext] Well known directory 'Root': 'C:\Trabalho\actions-runner'
[2025-11-12 19:02:42Z INFO HostContext] Well known directory 'Work': 'C:\Trabalho\actions-runner\_work'
[2025-11-12 19:02:42Z INFO StepsRunner] Which2: 'chcp'
[2025-11-12 19:02:42Z INFO StepsRunner] Location: 'C:\WINDOWS\system32\chcp.COM'
[2025-11-12 19:02:42Z INFO ProcessInvokerWrapper] Starting process:
[2025-11-12 19:02:42Z INFO ProcessInvokerWrapper]   File name: 'C:\WINDOWS\system32\chcp.COM'
[2025-11-12 19:02:42Z INFO ProcessInvokerWrapper]   Arguments: '65001'
[2025-11-12 19:02:42Z INFO ProcessInvokerWrapper]   Working directory: 'C:\Trabalho\actions-runner\_work'
[2025-11-12 19:02:42Z INFO ProcessInvokerWrapper]   Require exit code zero: 'False'
[2025-11-12 19:02:42Z INFO ProcessInvokerWrapper]   Encoding web name:  ; code page: ''
[2025-11-12 19:02:42Z INFO ProcessInvokerWrapper]   Force kill process on cancellation: 'False'
[2025-11-12 19:02:42Z INFO ProcessInvokerWrapper]   Redirected STDIN: 'False'
[2025-11-12 19:02:42Z INFO ProcessInvokerWrapper]   Persist current code page: 'True'
[2025-11-12 19:02:42Z INFO ProcessInvokerWrapper]   Keep redirected STDIN open: 'False'
[2025-11-12 19:02:42Z INFO ProcessInvokerWrapper]   High priority process: 'False'
[2025-11-12 19:02:42Z INFO ProcessInvokerWrapper] Process started with process id 17748, waiting for process exit.
[2025-11-12 19:02:42Z INFO JobServerQueue] Got a step log file to send to results service.
[2025-11-12 19:02:42Z INFO JobServerQueue] Starting upload of step log file to results service ResultsLog, C:\Trabalho\actions-runner\_diag\blocks\9e87817d-537d-4dcf-85a8-9a41e3724c7a_d45a8169-4984-4be3-8da1-9b00a4f4c153.1
[2025-11-12 19:02:42Z INFO ProcessInvokerWrapper] STDOUT/STDERR stream read finished.
[2025-11-12 19:02:42Z INFO ProcessInvokerWrapper] STDOUT/STDERR stream read finished.
[2025-11-12 19:02:42Z INFO ProcessInvokerWrapper] Finished process 17748 with exit code 0, and elapsed time 00:00:00.0211481.
[2025-11-12 19:02:42Z INFO StepsRunner] Successfully returned to code page 65001 (UTF8)
[2025-11-12 19:02:42Z INFO HostContext] Well known directory 'Bin': 'C:\Trabalho\actions-runner\bin'
[2025-11-12 19:02:42Z INFO HostContext] Well known directory 'Root': 'C:\Trabalho\actions-runner'
[2025-11-12 19:02:42Z INFO HostContext] Well known directory 'Work': 'C:\Trabalho\actions-runner\_work'
[2025-11-12 19:02:42Z INFO HostContext] Well known directory 'Actions': 'C:\Trabalho\actions-runner\_work\_actions'
[2025-11-12 19:02:42Z INFO ActionManager] Load action that reference repository from 'C:\Trabalho\actions-runner\_work\_actions\azure\setup-kubectl\v4'
[2025-11-12 19:02:42Z INFO HostContext] Well known directory 'Bin': 'C:\Trabalho\actions-runner\bin'
[2025-11-12 19:02:42Z INFO HostContext] Well known directory 'Root': 'C:\Trabalho\actions-runner'
[2025-11-12 19:02:42Z INFO HostContext] Well known directory 'Work': 'C:\Trabalho\actions-runner\_work'
[2025-11-12 19:02:42Z INFO HostContext] Well known directory 'Actions': 'C:\Trabalho\actions-runner\_work\_actions'
[2025-11-12 19:02:42Z INFO ActionManifestManager] Ignore action property branding.
[2025-11-12 19:02:42Z INFO ActionManifestManager] Loaded action.yml file: {
  "name": "Kubectl tool installer",
  "description": "Install a specific version of kubectl binary. Acceptable values are latest or any semantic version string like 1.15.0",
  "inputs": {
    "type": 2,
    "map": [
      {
        "key": {
          "type": 0,
          "file": 3,
          "line": 4,
          "col": 4,
          "lit": "version"
        },
        "value": {
          "type": 0,
          "file": 3,
          "line": 7,
          "col": 16,
          "lit": "latest"
        }
      }
    ]
  },
  "execution": {
    "executionType": "nodeJS",
    "hasPre": false,
    "hasPost": false,
    "script": "lib/index.js",
    "pre": null,
    "post": null,
    "nodeVersion": "node20",
    "cleanupCondition": "always()",
    "initCondition": "always()"
  },
  "deprecated": null
}
[2025-11-12 19:02:42Z INFO ActionManager] Action pre node.js file: N/A.
[2025-11-12 19:02:42Z INFO ActionManager] Action node.js file: lib/index.js.
[2025-11-12 19:02:42Z INFO ActionManager] Action post node.js file: N/A.
[2025-11-12 19:02:42Z INFO HostContext] Well known directory 'Bin': 'C:\Trabalho\actions-runner\bin'
[2025-11-12 19:02:42Z INFO HostContext] Well known directory 'Root': 'C:\Trabalho\actions-runner'
[2025-11-12 19:02:42Z INFO HostContext] Well known directory 'Work': 'C:\Trabalho\actions-runner\_work'
[2025-11-12 19:02:42Z INFO HostContext] Well known directory 'Temp': 'C:\Trabalho\actions-runner\_work\_temp'
[2025-11-12 19:02:42Z INFO ExecutionContext] Write event payload to C:\Trabalho\actions-runner\_work\_temp\_github_workflow\event.json
[2025-11-12 19:02:42Z INFO HostContext] Well known directory 'Bin': 'C:\Trabalho\actions-runner\bin'
[2025-11-12 19:02:42Z INFO HostContext] Well known directory 'Root': 'C:\Trabalho\actions-runner'
[2025-11-12 19:02:42Z INFO HostContext] Well known directory 'Work': 'C:\Trabalho\actions-runner\_work'
[2025-11-12 19:02:42Z INFO HostContext] Well known directory 'Temp': 'C:\Trabalho\actions-runner\_work\_temp'
[2025-11-12 19:02:42Z INFO ExtensionManager] Getting extensions for interface: 'GitHub.Runner.Worker.IFileCommandExtension'
[2025-11-12 19:02:42Z INFO ExtensionManager] Getting extensions for interface: 'GitHub.Runner.Worker.IActionCommandExtension'
[2025-11-12 19:02:42Z INFO ActionCommandManager] Register action command extension for command internal-set-repo-path
[2025-11-12 19:02:42Z INFO ActionCommandManager] Register action command extension for command set-env
[2025-11-12 19:02:42Z INFO ActionCommandManager] Register action command extension for command set-output
[2025-11-12 19:02:42Z INFO ActionCommandManager] Register action command extension for command save-state
[2025-11-12 19:02:42Z INFO ActionCommandManager] Register action command extension for command add-path
[2025-11-12 19:02:42Z INFO ActionCommandManager] Register action command extension for command add-mask
[2025-11-12 19:02:42Z INFO ActionCommandManager] Register action command extension for command add-matcher
[2025-11-12 19:02:42Z INFO ActionCommandManager] Register action command extension for command remove-matcher
[2025-11-12 19:02:42Z INFO ActionCommandManager] Register action command extension for command warning
[2025-11-12 19:02:42Z INFO ActionCommandManager] Register action command extension for command error
[2025-11-12 19:02:42Z INFO ActionCommandManager] Register action command extension for command notice
[2025-11-12 19:02:42Z INFO ActionCommandManager] Register action command extension for command debug
[2025-11-12 19:02:42Z INFO ActionCommandManager] Register action command extension for command group
[2025-11-12 19:02:42Z INFO ActionCommandManager] Register action command extension for command endgroup
[2025-11-12 19:02:42Z INFO ActionCommandManager] Register action command extension for command echo
[2025-11-12 19:02:42Z INFO HostContext] Well known directory 'Bin': 'C:\Trabalho\actions-runner\bin'
[2025-11-12 19:02:42Z INFO HostContext] Well known directory 'Root': 'C:\Trabalho\actions-runner'
[2025-11-12 19:02:42Z INFO HostContext] Well known directory 'Externals': 'C:\Trabalho\actions-runner\externals'
[2025-11-12 19:02:42Z INFO ProcessInvokerWrapper] Starting process:
[2025-11-12 19:02:42Z INFO ProcessInvokerWrapper]   File name: 'C:\Trabalho\actions-runner\externals\node20\bin\node.exe'
[2025-11-12 19:02:42Z INFO ProcessInvokerWrapper]   Arguments: '"C:\Trabalho\actions-runner\_work\_actions\azure\setup-kubectl\v4\lib/index.js"'
[2025-11-12 19:02:42Z INFO ProcessInvokerWrapper]   Working directory: 'C:\Trabalho\actions-runner\_work\Trabalho\Trabalho'
[2025-11-12 19:02:42Z INFO ProcessInvokerWrapper]   Require exit code zero: 'False'
[2025-11-12 19:02:42Z INFO ProcessInvokerWrapper]   Encoding web name: utf-8 ; code page: '65001'
[2025-11-12 19:02:42Z INFO ProcessInvokerWrapper]   Force kill process on cancellation: 'False'
[2025-11-12 19:02:42Z INFO ProcessInvokerWrapper]   Redirected STDIN: 'False'
[2025-11-12 19:02:42Z INFO ProcessInvokerWrapper]   Persist current code page: 'True'
[2025-11-12 19:02:42Z INFO ProcessInvokerWrapper]   Keep redirected STDIN open: 'False'
[2025-11-12 19:02:42Z INFO ProcessInvokerWrapper]   High priority process: 'False'
[2025-11-12 19:02:42Z INFO ProcessInvokerWrapper] Process started with process id 13836, waiting for process exit.
[2025-11-12 19:02:42Z INFO JobServerQueue] Try to append 1 batches web console lines for record 'f7874e02-faaa-4049-81d8-06027a86c0e3', success rate: 1/1.
[2025-11-12 19:02:43Z INFO JobServerQueue] Got a step log file to send to results service.
[2025-11-12 19:02:43Z INFO JobServerQueue] Starting upload of step log file to results service ResultsLog, C:\Trabalho\actions-runner\_diag\blocks\9e87817d-537d-4dcf-85a8-9a41e3724c7a_465f39fe-906c-47f6-9278-0d1b9a894353.1
[2025-11-12 19:02:43Z INFO ProcessInvokerWrapper] STDOUT/STDERR stream read finished.
[2025-11-12 19:02:43Z INFO ProcessInvokerWrapper] STDOUT/STDERR stream read finished.
[2025-11-12 19:02:43Z INFO ProcessInvokerWrapper] Finished process 13836 with exit code 0, and elapsed time 00:00:00.5319920.
[2025-11-12 19:02:43Z INFO CreateStepSummaryCommand] Step Summary file (C:\Trabalho\actions-runner\_work\_temp\_runner_file_commands\step_summary_4db921db-6fb3-4a0c-8569-e94a02e9d504) is empty; skipping attachment upload
[2025-11-12 19:02:43Z INFO StepsRunner] Step result: 
[2025-11-12 19:02:43Z INFO ExecutionContext] Publish step telemetry for current step {
  "action": "azure/setup-kubectl",
  "ref": "v4",
  "type": "node20",
  "stage": "Main",
  "stepId": "f7874e02-faaa-4049-81d8-06027a86c0e3",
  "stepContextName": "__azure_setup-kubectl",
  "hasPreStep": false,
  "hasPostStep": false,
  "result": "succeeded",
  "errorMessages": [],
  "executionTimeInSeconds": 1,
  "startTime": "2025-11-12T19:02:42.6996097Z",
  "finishTime": "2025-11-12T19:02:43.2723922Z"
}.
[2025-11-12 19:02:43Z INFO StepsRunner] No need for updating job result with current step result 'Succeeded'.
[2025-11-12 19:02:43Z INFO StepsRunner] Current state: job state = ''
[2025-11-12 19:02:43Z INFO StepsRunner] Processing step: DisplayName='Configure kubeconfig (from Base64 Bytes)'
[2025-11-12 19:02:43Z INFO StepsRunner] Evaluating: success()
[2025-11-12 19:02:43Z INFO StepsRunner] Result: true
[2025-11-12 19:02:43Z INFO StepsRunner] Starting the step.
[2025-11-12 19:02:43Z INFO HostContext] Well known directory 'Bin': 'C:\Trabalho\actions-runner\bin'
[2025-11-12 19:02:43Z INFO HostContext] Well known directory 'Root': 'C:\Trabalho\actions-runner'
[2025-11-12 19:02:43Z INFO HostContext] Well known directory 'Work': 'C:\Trabalho\actions-runner\_work'
[2025-11-12 19:02:43Z INFO StepsRunner] Which2: 'chcp'
[2025-11-12 19:02:43Z INFO StepsRunner] Location: 'C:\WINDOWS\system32\chcp.COM'
[2025-11-12 19:02:43Z INFO ProcessInvokerWrapper] Starting process:
[2025-11-12 19:02:43Z INFO ProcessInvokerWrapper]   File name: 'C:\WINDOWS\system32\chcp.COM'
[2025-11-12 19:02:43Z INFO ProcessInvokerWrapper]   Arguments: '65001'
[2025-11-12 19:02:43Z INFO ProcessInvokerWrapper]   Working directory: 'C:\Trabalho\actions-runner\_work'
[2025-11-12 19:02:43Z INFO ProcessInvokerWrapper]   Require exit code zero: 'False'
[2025-11-12 19:02:43Z INFO ProcessInvokerWrapper]   Encoding web name:  ; code page: ''
[2025-11-12 19:02:43Z INFO ProcessInvokerWrapper]   Force kill process on cancellation: 'False'
[2025-11-12 19:02:43Z INFO ProcessInvokerWrapper]   Redirected STDIN: 'False'
[2025-11-12 19:02:43Z INFO ProcessInvokerWrapper]   Persist current code page: 'True'
[2025-11-12 19:02:43Z INFO ProcessInvokerWrapper]   Keep redirected STDIN open: 'False'
[2025-11-12 19:02:43Z INFO ProcessInvokerWrapper]   High priority process: 'False'
[2025-11-12 19:02:43Z INFO ProcessInvokerWrapper] Process started with process id 3960, waiting for process exit.
[2025-11-12 19:02:43Z INFO ProcessInvokerWrapper] STDOUT/STDERR stream read finished.
[2025-11-12 19:02:43Z INFO ProcessInvokerWrapper] STDOUT/STDERR stream read finished.
[2025-11-12 19:02:43Z INFO ProcessInvokerWrapper] Finished process 3960 with exit code 0, and elapsed time 00:00:00.0157524.
[2025-11-12 19:02:43Z INFO StepsRunner] Successfully returned to code page 65001 (UTF8)
[2025-11-12 19:02:43Z INFO HostContext] Well known directory 'Bin': 'C:\Trabalho\actions-runner\bin'
[2025-11-12 19:02:43Z INFO HostContext] Well known directory 'Root': 'C:\Trabalho\actions-runner'
[2025-11-12 19:02:43Z INFO HostContext] Well known directory 'Work': 'C:\Trabalho\actions-runner\_work'
[2025-11-12 19:02:43Z INFO HostContext] Well known directory 'Temp': 'C:\Trabalho\actions-runner\_work\_temp'
[2025-11-12 19:02:43Z INFO ExecutionContext] Write event payload to C:\Trabalho\actions-runner\_work\_temp\_github_workflow\event.json
[2025-11-12 19:02:43Z INFO HostContext] Well known directory 'Bin': 'C:\Trabalho\actions-runner\bin'
[2025-11-12 19:02:43Z INFO HostContext] Well known directory 'Root': 'C:\Trabalho\actions-runner'
[2025-11-12 19:02:43Z INFO HostContext] Well known directory 'Work': 'C:\Trabalho\actions-runner\_work'
[2025-11-12 19:02:43Z INFO HostContext] Well known directory 'Temp': 'C:\Trabalho\actions-runner\_work\_temp'
[2025-11-12 19:02:43Z INFO ExtensionManager] Getting extensions for interface: 'GitHub.Runner.Worker.IFileCommandExtension'
[2025-11-12 19:02:43Z INFO ExtensionManager] Getting extensions for interface: 'GitHub.Runner.Worker.IActionCommandExtension'
[2025-11-12 19:02:43Z INFO ActionCommandManager] Register action command extension for command internal-set-repo-path
[2025-11-12 19:02:43Z INFO ActionCommandManager] Register action command extension for command set-env
[2025-11-12 19:02:43Z INFO ActionCommandManager] Register action command extension for command set-output
[2025-11-12 19:02:43Z INFO ActionCommandManager] Register action command extension for command save-state
[2025-11-12 19:02:43Z INFO ActionCommandManager] Register action command extension for command add-path
[2025-11-12 19:02:43Z INFO ActionCommandManager] Register action command extension for command add-mask
[2025-11-12 19:02:43Z INFO ActionCommandManager] Register action command extension for command add-matcher
[2025-11-12 19:02:43Z INFO ActionCommandManager] Register action command extension for command remove-matcher
[2025-11-12 19:02:43Z INFO ActionCommandManager] Register action command extension for command warning
[2025-11-12 19:02:43Z INFO ActionCommandManager] Register action command extension for command error
[2025-11-12 19:02:43Z INFO ActionCommandManager] Register action command extension for command notice
[2025-11-12 19:02:43Z INFO ActionCommandManager] Register action command extension for command debug
[2025-11-12 19:02:43Z INFO ActionCommandManager] Register action command extension for command group
[2025-11-12 19:02:43Z INFO ActionCommandManager] Register action command extension for command endgroup
[2025-11-12 19:02:43Z INFO ActionCommandManager] Register action command extension for command echo
[2025-11-12 19:02:43Z INFO JobServerQueue] Try to append 1 batches web console lines for record '15e470ff-ea7d-475d-aab7-3df8ad9cda1b', success rate: 1/1.
[2025-11-12 19:02:43Z INFO JobServerQueue] Tried to upload 2 file(s) to results, success rate: 2/2.
[2025-11-12 19:02:43Z INFO JobServerQueue] Try to upload 2 log files or attachments, success rate: 2/2.
[2025-11-12 19:02:44Z INFO HostContext] Well known directory 'Bin': 'C:\Trabalho\actions-runner\bin'
[2025-11-12 19:02:44Z INFO HostContext] Well known directory 'Root': 'C:\Trabalho\actions-runner'
[2025-11-12 19:02:44Z INFO HostContext] Well known directory 'Work': 'C:\Trabalho\actions-runner\_work'
[2025-11-12 19:02:44Z INFO JobServerQueue] Got a step log file to send to results service.
[2025-11-12 19:02:44Z INFO JobServerQueue] Starting upload of step log file to results service ResultsLog, C:\Trabalho\actions-runner\_diag\blocks\9e87817d-537d-4dcf-85a8-9a41e3724c7a_f7874e02-faaa-4049-81d8-06027a86c0e3.1
[2025-11-12 19:02:44Z INFO ScriptHandler] Which2: 'powershell'
[2025-11-12 19:02:44Z INFO ScriptHandler] Location: 'C:\WINDOWS\System32\WindowsPowerShell\v1.0\powershell.EXE'
[2025-11-12 19:02:44Z INFO HostContext] Well known directory 'Bin': 'C:\Trabalho\actions-runner\bin'
[2025-11-12 19:02:44Z INFO HostContext] Well known directory 'Root': 'C:\Trabalho\actions-runner'
[2025-11-12 19:02:44Z INFO HostContext] Well known directory 'Work': 'C:\Trabalho\actions-runner\_work'
[2025-11-12 19:02:44Z INFO HostContext] Well known directory 'Temp': 'C:\Trabalho\actions-runner\_work\_temp'
[2025-11-12 19:02:44Z INFO ScriptHandler] Which2: 'powershell'
[2025-11-12 19:02:44Z INFO ScriptHandler] Location: 'C:\WINDOWS\System32\WindowsPowerShell\v1.0\powershell.EXE'
[2025-11-12 19:02:44Z INFO ProcessInvokerWrapper] Starting process:
[2025-11-12 19:02:44Z INFO ProcessInvokerWrapper]   File name: 'C:\WINDOWS\System32\WindowsPowerShell\v1.0\powershell.EXE'
[2025-11-12 19:02:44Z INFO ProcessInvokerWrapper]   Arguments: '-command ". 'C:\Trabalho\actions-runner\_work\_temp\2b4a1849-dab3-4bd4-af31-f210eb44e09b.ps1'"'
[2025-11-12 19:02:44Z INFO ProcessInvokerWrapper]   Working directory: 'C:\Trabalho\actions-runner\_work\Trabalho\Trabalho'
[2025-11-12 19:02:44Z INFO ProcessInvokerWrapper]   Require exit code zero: 'False'
[2025-11-12 19:02:44Z INFO ProcessInvokerWrapper]   Encoding web name:  ; code page: ''
[2025-11-12 19:02:44Z INFO ProcessInvokerWrapper]   Force kill process on cancellation: 'False'
[2025-11-12 19:02:44Z INFO ProcessInvokerWrapper]   Redirected STDIN: 'False'
[2025-11-12 19:02:44Z INFO ProcessInvokerWrapper]   Persist current code page: 'True'
[2025-11-12 19:02:44Z INFO ProcessInvokerWrapper]   Keep redirected STDIN open: 'False'
[2025-11-12 19:02:44Z INFO ProcessInvokerWrapper]   High priority process: 'False'
[2025-11-12 19:02:44Z INFO ProcessInvokerWrapper] Process started with process id 9868, waiting for process exit.
[2025-11-12 19:02:44Z INFO JobServerQueue] Try to append 1 batches web console lines for record '15e470ff-ea7d-475d-aab7-3df8ad9cda1b', success rate: 1/1.
[2025-11-12 19:02:45Z INFO JobServerQueue] Tried to upload 1 file(s) to results, success rate: 1/1.
[2025-11-12 19:02:45Z INFO ProcessInvokerWrapper] STDOUT/STDERR stream read finished.
[2025-11-12 19:02:45Z INFO ProcessInvokerWrapper] STDOUT/STDERR stream read finished.
[2025-11-12 19:02:45Z INFO ProcessInvokerWrapper] Finished process 9868 with exit code 0, and elapsed time 00:00:00.4528153.
[2025-11-12 19:02:45Z INFO CreateStepSummaryCommand] Step Summary file (C:\Trabalho\actions-runner\_work\_temp\_runner_file_commands\step_summary_8e5ceaf5-6267-4c6c-9bd9-4a3e9f547756) is empty; skipping attachment upload
[2025-11-12 19:02:45Z INFO StepsRunner] Step result: 
[2025-11-12 19:02:45Z INFO ExecutionContext] Publish step telemetry for current step {
  "action": "powershell",
  "type": "run",
  "stage": "Main",
  "stepId": "15e470ff-ea7d-475d-aab7-3df8ad9cda1b",
  "stepContextName": "__run",
  "result": "succeeded",
  "errorMessages": [],
  "executionTimeInSeconds": 2,
  "startTime": "2025-11-12T19:02:43.2735868Z",
  "finishTime": "2025-11-12T19:02:45.1363818Z"
}.
[2025-11-12 19:02:45Z INFO StepsRunner] No need for updating job result with current step result 'Succeeded'.
[2025-11-12 19:02:45Z INFO StepsRunner] Current state: job state = ''
[2025-11-12 19:02:45Z INFO StepsRunner] Processing step: DisplayName='Smoke test kubectl'
[2025-11-12 19:02:45Z INFO StepsRunner] Evaluating: success()
[2025-11-12 19:02:45Z INFO StepsRunner] Result: true
[2025-11-12 19:02:45Z INFO StepsRunner] Starting the step.
[2025-11-12 19:02:45Z INFO HostContext] Well known directory 'Bin': 'C:\Trabalho\actions-runner\bin'
[2025-11-12 19:02:45Z INFO HostContext] Well known directory 'Root': 'C:\Trabalho\actions-runner'
[2025-11-12 19:02:45Z INFO HostContext] Well known directory 'Work': 'C:\Trabalho\actions-runner\_work'
[2025-11-12 19:02:45Z INFO StepsRunner] Which2: 'chcp'
[2025-11-12 19:02:45Z INFO StepsRunner] Location: 'C:\WINDOWS\system32\chcp.COM'
[2025-11-12 19:02:45Z INFO ProcessInvokerWrapper] Starting process:
[2025-11-12 19:02:45Z INFO ProcessInvokerWrapper]   File name: 'C:\WINDOWS\system32\chcp.COM'
[2025-11-12 19:02:45Z INFO ProcessInvokerWrapper]   Arguments: '65001'
[2025-11-12 19:02:45Z INFO ProcessInvokerWrapper]   Working directory: 'C:\Trabalho\actions-runner\_work'
[2025-11-12 19:02:45Z INFO ProcessInvokerWrapper]   Require exit code zero: 'False'
[2025-11-12 19:02:45Z INFO ProcessInvokerWrapper]   Encoding web name:  ; code page: ''
[2025-11-12 19:02:45Z INFO ProcessInvokerWrapper]   Force kill process on cancellation: 'False'
[2025-11-12 19:02:45Z INFO ProcessInvokerWrapper]   Redirected STDIN: 'False'
[2025-11-12 19:02:45Z INFO ProcessInvokerWrapper]   Persist current code page: 'True'
[2025-11-12 19:02:45Z INFO ProcessInvokerWrapper]   Keep redirected STDIN open: 'False'
[2025-11-12 19:02:45Z INFO ProcessInvokerWrapper]   High priority process: 'False'
[2025-11-12 19:02:45Z INFO ProcessInvokerWrapper] Process started with process id 6980, waiting for process exit.
[2025-11-12 19:02:45Z INFO ProcessInvokerWrapper] STDOUT/STDERR stream read finished.
[2025-11-12 19:02:45Z INFO ProcessInvokerWrapper] STDOUT/STDERR stream read finished.
[2025-11-12 19:02:45Z INFO ProcessInvokerWrapper] Finished process 6980 with exit code 0, and elapsed time 00:00:00.0170355.
[2025-11-12 19:02:45Z INFO StepsRunner] Successfully returned to code page 65001 (UTF8)
[2025-11-12 19:02:45Z INFO HostContext] Well known directory 'Bin': 'C:\Trabalho\actions-runner\bin'
[2025-11-12 19:02:45Z INFO HostContext] Well known directory 'Root': 'C:\Trabalho\actions-runner'
[2025-11-12 19:02:45Z INFO HostContext] Well known directory 'Work': 'C:\Trabalho\actions-runner\_work'
[2025-11-12 19:02:45Z INFO HostContext] Well known directory 'Temp': 'C:\Trabalho\actions-runner\_work\_temp'
[2025-11-12 19:02:45Z INFO ExecutionContext] Write event payload to C:\Trabalho\actions-runner\_work\_temp\_github_workflow\event.json
[2025-11-12 19:02:45Z INFO HostContext] Well known directory 'Bin': 'C:\Trabalho\actions-runner\bin'
[2025-11-12 19:02:45Z INFO HostContext] Well known directory 'Root': 'C:\Trabalho\actions-runner'
[2025-11-12 19:02:45Z INFO HostContext] Well known directory 'Work': 'C:\Trabalho\actions-runner\_work'
[2025-11-12 19:02:45Z INFO HostContext] Well known directory 'Temp': 'C:\Trabalho\actions-runner\_work\_temp'
[2025-11-12 19:02:45Z INFO ExtensionManager] Getting extensions for interface: 'GitHub.Runner.Worker.IFileCommandExtension'
[2025-11-12 19:02:45Z INFO ExtensionManager] Getting extensions for interface: 'GitHub.Runner.Worker.IActionCommandExtension'
[2025-11-12 19:02:45Z INFO ActionCommandManager] Register action command extension for command internal-set-repo-path
[2025-11-12 19:02:45Z INFO ActionCommandManager] Register action command extension for command set-env
[2025-11-12 19:02:45Z INFO ActionCommandManager] Register action command extension for command set-output
[2025-11-12 19:02:45Z INFO ActionCommandManager] Register action command extension for command save-state
[2025-11-12 19:02:45Z INFO ActionCommandManager] Register action command extension for command add-path
[2025-11-12 19:02:45Z INFO ActionCommandManager] Register action command extension for command add-mask
[2025-11-12 19:02:45Z INFO ActionCommandManager] Register action command extension for command add-matcher
[2025-11-12 19:02:45Z INFO ActionCommandManager] Register action command extension for command remove-matcher
[2025-11-12 19:02:45Z INFO ActionCommandManager] Register action command extension for command warning
[2025-11-12 19:02:45Z INFO ActionCommandManager] Register action command extension for command error
[2025-11-12 19:02:45Z INFO ActionCommandManager] Register action command extension for command notice
[2025-11-12 19:02:45Z INFO ActionCommandManager] Register action command extension for command debug
[2025-11-12 19:02:45Z INFO ActionCommandManager] Register action command extension for command group
[2025-11-12 19:02:45Z INFO ActionCommandManager] Register action command extension for command endgroup
[2025-11-12 19:02:45Z INFO ActionCommandManager] Register action command extension for command echo
[2025-11-12 19:02:45Z INFO ScriptHandler] Which2: 'powershell'
[2025-11-12 19:02:45Z INFO ScriptHandler] Location: 'C:\WINDOWS\System32\WindowsPowerShell\v1.0\powershell.EXE'
[2025-11-12 19:02:45Z INFO HostContext] Well known directory 'Bin': 'C:\Trabalho\actions-runner\bin'
[2025-11-12 19:02:45Z INFO HostContext] Well known directory 'Root': 'C:\Trabalho\actions-runner'
[2025-11-12 19:02:45Z INFO HostContext] Well known directory 'Work': 'C:\Trabalho\actions-runner\_work'
[2025-11-12 19:02:45Z INFO HostContext] Well known directory 'Temp': 'C:\Trabalho\actions-runner\_work\_temp'
[2025-11-12 19:02:45Z INFO ScriptHandler] Which2: 'powershell'
[2025-11-12 19:02:45Z INFO ScriptHandler] Location: 'C:\WINDOWS\System32\WindowsPowerShell\v1.0\powershell.EXE'
[2025-11-12 19:02:45Z INFO ProcessInvokerWrapper] Starting process:
[2025-11-12 19:02:45Z INFO ProcessInvokerWrapper]   File name: 'C:\WINDOWS\System32\WindowsPowerShell\v1.0\powershell.EXE'
[2025-11-12 19:02:45Z INFO ProcessInvokerWrapper]   Arguments: '-command ". 'C:\Trabalho\actions-runner\_work\_temp\3e4c26a7-a2db-4c7f-86ef-58f99e5807d7.ps1'"'
[2025-11-12 19:02:45Z INFO ProcessInvokerWrapper]   Working directory: 'C:\Trabalho\actions-runner\_work\Trabalho\Trabalho'
[2025-11-12 19:02:45Z INFO ProcessInvokerWrapper]   Require exit code zero: 'False'
[2025-11-12 19:02:45Z INFO ProcessInvokerWrapper]   Encoding web name:  ; code page: ''
[2025-11-12 19:02:45Z INFO ProcessInvokerWrapper]   Force kill process on cancellation: 'False'
[2025-11-12 19:02:45Z INFO ProcessInvokerWrapper]   Redirected STDIN: 'False'
[2025-11-12 19:02:45Z INFO ProcessInvokerWrapper]   Persist current code page: 'True'
[2025-11-12 19:02:45Z INFO ProcessInvokerWrapper]   Keep redirected STDIN open: 'False'
[2025-11-12 19:02:45Z INFO ProcessInvokerWrapper]   High priority process: 'False'
[2025-11-12 19:02:45Z INFO ProcessInvokerWrapper] Process started with process id 5640, waiting for process exit.
[2025-11-12 19:02:45Z INFO JobServerQueue] Try to append 1 batches web console lines for record '8196f83a-3c87-48dd-bddb-0b65df5dbb5e', success rate: 1/1.
[2025-11-12 19:02:45Z INFO JobServerQueue] Try to upload 1 log files or attachments, success rate: 1/1.
[2025-11-12 19:02:45Z INFO JobServerQueue] Try to append 1 batches web console lines for record '8196f83a-3c87-48dd-bddb-0b65df5dbb5e', success rate: 1/1.
[2025-11-12 19:02:45Z INFO ProcessInvokerWrapper] STDOUT/STDERR stream read finished.
[2025-11-12 19:02:45Z INFO ProcessInvokerWrapper] STDOUT/STDERR stream read finished.
[2025-11-12 19:02:45Z INFO ProcessInvokerWrapper] Finished process 5640 with exit code 0, and elapsed time 00:00:00.7768238.
[2025-11-12 19:02:45Z INFO CreateStepSummaryCommand] Step Summary file (C:\Trabalho\actions-runner\_work\_temp\_runner_file_commands\step_summary_c374eed8-fed9-4e56-83b2-3c29f20122c9) is empty; skipping attachment upload
[2025-11-12 19:02:45Z INFO StepsRunner] Step result: 
[2025-11-12 19:02:45Z INFO ExecutionContext] Publish step telemetry for current step {
  "action": "powershell",
  "type": "run",
  "stage": "Main",
  "stepId": "8196f83a-3c87-48dd-bddb-0b65df5dbb5e",
  "stepContextName": "__run_2",
  "result": "succeeded",
  "errorMessages": [],
  "executionTimeInSeconds": 1,
  "startTime": "2025-11-12T19:02:45.13726Z",
  "finishTime": "2025-11-12T19:02:45.9493239Z"
}.
[2025-11-12 19:02:45Z INFO StepsRunner] No need for updating job result with current step result 'Succeeded'.
[2025-11-12 19:02:45Z INFO StepsRunner] Current state: job state = ''
[2025-11-12 19:02:45Z INFO StepsRunner] Processing step: DisplayName='Create namespace if not exists'
[2025-11-12 19:02:45Z INFO StepsRunner] Evaluating: success()
[2025-11-12 19:02:45Z INFO StepsRunner] Result: true
[2025-11-12 19:02:45Z INFO StepsRunner] Starting the step.
[2025-11-12 19:02:45Z INFO HostContext] Well known directory 'Bin': 'C:\Trabalho\actions-runner\bin'
[2025-11-12 19:02:45Z INFO HostContext] Well known directory 'Root': 'C:\Trabalho\actions-runner'
[2025-11-12 19:02:45Z INFO HostContext] Well known directory 'Work': 'C:\Trabalho\actions-runner\_work'
[2025-11-12 19:02:45Z INFO StepsRunner] Which2: 'chcp'
[2025-11-12 19:02:45Z INFO StepsRunner] Location: 'C:\WINDOWS\system32\chcp.COM'
[2025-11-12 19:02:45Z INFO ProcessInvokerWrapper] Starting process:
[2025-11-12 19:02:45Z INFO ProcessInvokerWrapper]   File name: 'C:\WINDOWS\system32\chcp.COM'
[2025-11-12 19:02:45Z INFO ProcessInvokerWrapper]   Arguments: '65001'
[2025-11-12 19:02:45Z INFO ProcessInvokerWrapper]   Working directory: 'C:\Trabalho\actions-runner\_work'
[2025-11-12 19:02:45Z INFO ProcessInvokerWrapper]   Require exit code zero: 'False'
[2025-11-12 19:02:45Z INFO ProcessInvokerWrapper]   Encoding web name:  ; code page: ''
[2025-11-12 19:02:45Z INFO ProcessInvokerWrapper]   Force kill process on cancellation: 'False'
[2025-11-12 19:02:45Z INFO ProcessInvokerWrapper]   Redirected STDIN: 'False'
[2025-11-12 19:02:45Z INFO ProcessInvokerWrapper]   Persist current code page: 'True'
[2025-11-12 19:02:45Z INFO ProcessInvokerWrapper]   Keep redirected STDIN open: 'False'
[2025-11-12 19:02:45Z INFO ProcessInvokerWrapper]   High priority process: 'False'
[2025-11-12 19:02:45Z INFO ProcessInvokerWrapper] Process started with process id 16340, waiting for process exit.
[2025-11-12 19:02:45Z INFO ProcessInvokerWrapper] STDOUT/STDERR stream read finished.
[2025-11-12 19:02:45Z INFO ProcessInvokerWrapper] STDOUT/STDERR stream read finished.
[2025-11-12 19:02:45Z INFO ProcessInvokerWrapper] Finished process 16340 with exit code 0, and elapsed time 00:00:00.0202449.
[2025-11-12 19:02:45Z INFO StepsRunner] Successfully returned to code page 65001 (UTF8)
[2025-11-12 19:02:45Z INFO HostContext] Well known directory 'Bin': 'C:\Trabalho\actions-runner\bin'
[2025-11-12 19:02:45Z INFO HostContext] Well known directory 'Root': 'C:\Trabalho\actions-runner'
[2025-11-12 19:02:45Z INFO HostContext] Well known directory 'Work': 'C:\Trabalho\actions-runner\_work'
[2025-11-12 19:02:45Z INFO HostContext] Well known directory 'Temp': 'C:\Trabalho\actions-runner\_work\_temp'
[2025-11-12 19:02:45Z INFO ExecutionContext] Write event payload to C:\Trabalho\actions-runner\_work\_temp\_github_workflow\event.json
[2025-11-12 19:02:45Z INFO HostContext] Well known directory 'Bin': 'C:\Trabalho\actions-runner\bin'
[2025-11-12 19:02:45Z INFO HostContext] Well known directory 'Root': 'C:\Trabalho\actions-runner'
[2025-11-12 19:02:45Z INFO HostContext] Well known directory 'Work': 'C:\Trabalho\actions-runner\_work'
[2025-11-12 19:02:45Z INFO HostContext] Well known directory 'Temp': 'C:\Trabalho\actions-runner\_work\_temp'
[2025-11-12 19:02:45Z INFO ExtensionManager] Getting extensions for interface: 'GitHub.Runner.Worker.IFileCommandExtension'
[2025-11-12 19:02:45Z INFO ExtensionManager] Getting extensions for interface: 'GitHub.Runner.Worker.IActionCommandExtension'
[2025-11-12 19:02:45Z INFO ActionCommandManager] Register action command extension for command internal-set-repo-path
[2025-11-12 19:02:45Z INFO ActionCommandManager] Register action command extension for command set-env
[2025-11-12 19:02:45Z INFO ActionCommandManager] Register action command extension for command set-output
[2025-11-12 19:02:45Z INFO ActionCommandManager] Register action command extension for command save-state
[2025-11-12 19:02:45Z INFO ActionCommandManager] Register action command extension for command add-path
[2025-11-12 19:02:45Z INFO ActionCommandManager] Register action command extension for command add-mask
[2025-11-12 19:02:45Z INFO ActionCommandManager] Register action command extension for command add-matcher
[2025-11-12 19:02:45Z INFO ActionCommandManager] Register action command extension for command remove-matcher
[2025-11-12 19:02:45Z INFO ActionCommandManager] Register action command extension for command warning
[2025-11-12 19:02:45Z INFO ActionCommandManager] Register action command extension for command error
[2025-11-12 19:02:45Z INFO ActionCommandManager] Register action command extension for command notice
[2025-11-12 19:02:45Z INFO ActionCommandManager] Register action command extension for command debug
[2025-11-12 19:02:45Z INFO ActionCommandManager] Register action command extension for command group
[2025-11-12 19:02:45Z INFO ActionCommandManager] Register action command extension for command endgroup
[2025-11-12 19:02:45Z INFO ActionCommandManager] Register action command extension for command echo
[2025-11-12 19:02:45Z INFO ScriptHandler] Which2: 'powershell'
[2025-11-12 19:02:45Z INFO ScriptHandler] Location: 'C:\WINDOWS\System32\WindowsPowerShell\v1.0\powershell.EXE'
[2025-11-12 19:02:45Z INFO HostContext] Well known directory 'Bin': 'C:\Trabalho\actions-runner\bin'
[2025-11-12 19:02:45Z INFO HostContext] Well known directory 'Root': 'C:\Trabalho\actions-runner'
[2025-11-12 19:02:45Z INFO HostContext] Well known directory 'Work': 'C:\Trabalho\actions-runner\_work'
[2025-11-12 19:02:45Z INFO HostContext] Well known directory 'Temp': 'C:\Trabalho\actions-runner\_work\_temp'
[2025-11-12 19:02:45Z INFO ScriptHandler] Which2: 'powershell'
[2025-11-12 19:02:45Z INFO ScriptHandler] Location: 'C:\WINDOWS\System32\WindowsPowerShell\v1.0\powershell.EXE'
[2025-11-12 19:02:45Z INFO ProcessInvokerWrapper] Starting process:
[2025-11-12 19:02:45Z INFO ProcessInvokerWrapper]   File name: 'C:\WINDOWS\System32\WindowsPowerShell\v1.0\powershell.EXE'
[2025-11-12 19:02:45Z INFO ProcessInvokerWrapper]   Arguments: '-command ". 'C:\Trabalho\actions-runner\_work\_temp\eecf2ece-8f1e-437f-ab9b-243fd93f864d.ps1'"'
[2025-11-12 19:02:45Z INFO ProcessInvokerWrapper]   Working directory: 'C:\Trabalho\actions-runner\_work\Trabalho\Trabalho'
[2025-11-12 19:02:45Z INFO ProcessInvokerWrapper]   Require exit code zero: 'False'
[2025-11-12 19:02:45Z INFO ProcessInvokerWrapper]   Encoding web name:  ; code page: ''
[2025-11-12 19:02:45Z INFO ProcessInvokerWrapper]   Force kill process on cancellation: 'False'
[2025-11-12 19:02:45Z INFO ProcessInvokerWrapper]   Redirected STDIN: 'False'
[2025-11-12 19:02:45Z INFO ProcessInvokerWrapper]   Persist current code page: 'True'
[2025-11-12 19:02:45Z INFO ProcessInvokerWrapper]   Keep redirected STDIN open: 'False'
[2025-11-12 19:02:45Z INFO ProcessInvokerWrapper]   High priority process: 'False'
[2025-11-12 19:02:46Z INFO ProcessInvokerWrapper] Process started with process id 13712, waiting for process exit.
[2025-11-12 19:02:46Z INFO JobServerQueue] Got a step log file to send to results service.
[2025-11-12 19:02:46Z INFO JobServerQueue] Starting upload of step log file to results service ResultsLog, C:\Trabalho\actions-runner\_diag\blocks\9e87817d-537d-4dcf-85a8-9a41e3724c7a_15e470ff-ea7d-475d-aab7-3df8ad9cda1b.1
[2025-11-12 19:02:46Z INFO JobServerQueue] Try to append 1 batches web console lines for record '3ef11efb-337e-486e-814f-c620cd02721b', success rate: 1/1.
[2025-11-12 19:02:46Z INFO JobServerQueue] Got a step log file to send to results service.
[2025-11-12 19:02:46Z INFO JobServerQueue] Starting upload of step log file to results service ResultsLog, C:\Trabalho\actions-runner\_diag\blocks\9e87817d-537d-4dcf-85a8-9a41e3724c7a_8196f83a-3c87-48dd-bddb-0b65df5dbb5e.1
[2025-11-12 19:02:46Z INFO JobServerQueue] Try to upload 1 log files or attachments, success rate: 1/1.
[2025-11-12 19:02:46Z INFO ProcessInvokerWrapper] STDOUT/STDERR stream read finished.
[2025-11-12 19:02:46Z INFO ProcessInvokerWrapper] STDOUT/STDERR stream read finished.
[2025-11-12 19:02:46Z INFO ProcessInvokerWrapper] Finished process 13712 with exit code 1, and elapsed time 00:00:00.8660383.
[2025-11-12 19:02:46Z INFO CreateStepSummaryCommand] Step Summary file (C:\Trabalho\actions-runner\_work\_temp\_runner_file_commands\step_summary_9159fda7-d1a8-4ad5-a994-e3a05a97abfb) is empty; skipping attachment upload
[2025-11-12 19:02:46Z INFO StepsRunner] Step result: Failed
[2025-11-12 19:02:46Z INFO ExecutionContext] Publish step telemetry for current step {
  "action": "powershell",
  "type": "run",
  "stage": "Main",
  "stepId": "3ef11efb-337e-486e-814f-c620cd02721b",
  "stepContextName": "__run_3",
  "result": "failed",
  "errorMessages": [
    "Process completed with exit code 1."
  ],
  "executionTimeInSeconds": 1,
  "startTime": "2025-11-12T19:02:45.9505389Z",
  "finishTime": "2025-11-12T19:02:46.8593698Z"
}.
[2025-11-12 19:02:46Z INFO StepsRunner] Update job result with current step result 'Failed'.
[2025-11-12 19:02:46Z INFO StepsRunner] Current state: job state = 'Failed'
[2025-11-12 19:02:46Z INFO StepsRunner] Processing step: DisplayName='Apply base manifests (Service, Prometheus, Grafana, Nginx)'
[2025-11-12 19:02:46Z INFO StepsRunner] Evaluating: success()
[2025-11-12 19:02:46Z INFO StepsRunner] Result: false
[2025-11-12 19:02:46Z INFO StepsRunner] Skipping step due to condition evaluation.
[2025-11-12 19:02:46Z INFO StepsRunner] No need for updating job result with current step result 'Skipped'.
[2025-11-12 19:02:46Z INFO StepsRunner] Current state: job state = 'Failed'
[2025-11-12 19:02:46Z INFO StepsRunner] Processing step: DisplayName='Apply app deployment (first time)'
[2025-11-12 19:02:46Z INFO StepsRunner] Evaluating: success()
[2025-11-12 19:02:46Z INFO StepsRunner] Result: false
[2025-11-12 19:02:46Z INFO StepsRunner] Skipping step due to condition evaluation.
[2025-11-12 19:02:46Z INFO StepsRunner] No need for updating job result with current step result 'Skipped'.
[2025-11-12 19:02:46Z INFO StepsRunner] Current state: job state = 'Failed'
[2025-11-12 19:02:46Z INFO StepsRunner] Processing step: DisplayName='Set image to new tag'
[2025-11-12 19:02:46Z INFO StepsRunner] Evaluating: success()
[2025-11-12 19:02:46Z INFO StepsRunner] Result: false
[2025-11-12 19:02:46Z INFO StepsRunner] Skipping step due to condition evaluation.
[2025-11-12 19:02:46Z INFO StepsRunner] No need for updating job result with current step result 'Skipped'.
[2025-11-12 19:02:46Z INFO StepsRunner] Current state: job state = 'Failed'
[2025-11-12 19:02:46Z INFO StepsRunner] Processing step: DisplayName='Wait rollout'
[2025-11-12 19:02:46Z INFO StepsRunner] Evaluating: success()
[2025-11-12 19:02:46Z INFO StepsRunner] Result: false
[2025-11-12 19:02:46Z INFO StepsRunner] Skipping step due to condition evaluation.
[2025-11-12 19:02:46Z INFO StepsRunner] No need for updating job result with current step result 'Skipped'.
[2025-11-12 19:02:46Z INFO StepsRunner] Current state: job state = 'Failed'
[2025-11-12 19:02:46Z INFO StepsRunner] Processing step: DisplayName='Show services (debug)'
[2025-11-12 19:02:46Z INFO StepsRunner] Evaluating: success()
[2025-11-12 19:02:46Z INFO StepsRunner] Result: false
[2025-11-12 19:02:46Z INFO StepsRunner] Skipping step due to condition evaluation.
[2025-11-12 19:02:46Z INFO StepsRunner] No need for updating job result with current step result 'Skipped'.
[2025-11-12 19:02:46Z INFO StepsRunner] Current state: job state = 'Failed'
[2025-11-12 19:02:46Z INFO StepsRunner] Processing step: DisplayName='Post Checkout'
[2025-11-12 19:02:46Z INFO StepsRunner] Evaluating: always()
[2025-11-12 19:02:46Z INFO StepsRunner] Result: true
[2025-11-12 19:02:46Z INFO StepsRunner] Starting the step.
[2025-11-12 19:02:46Z INFO HostContext] Well known directory 'Bin': 'C:\Trabalho\actions-runner\bin'
[2025-11-12 19:02:46Z INFO HostContext] Well known directory 'Root': 'C:\Trabalho\actions-runner'
[2025-11-12 19:02:46Z INFO HostContext] Well known directory 'Work': 'C:\Trabalho\actions-runner\_work'
[2025-11-12 19:02:46Z INFO StepsRunner] Which2: 'chcp'
[2025-11-12 19:02:46Z INFO StepsRunner] Location: 'C:\WINDOWS\system32\chcp.COM'
[2025-11-12 19:02:46Z INFO ProcessInvokerWrapper] Starting process:
[2025-11-12 19:02:46Z INFO ProcessInvokerWrapper]   File name: 'C:\WINDOWS\system32\chcp.COM'
[2025-11-12 19:02:46Z INFO ProcessInvokerWrapper]   Arguments: '65001'
[2025-11-12 19:02:46Z INFO ProcessInvokerWrapper]   Working directory: 'C:\Trabalho\actions-runner\_work'
[2025-11-12 19:02:46Z INFO ProcessInvokerWrapper]   Require exit code zero: 'False'
[2025-11-12 19:02:46Z INFO ProcessInvokerWrapper]   Encoding web name:  ; code page: ''
[2025-11-12 19:02:46Z INFO ProcessInvokerWrapper]   Force kill process on cancellation: 'False'
[2025-11-12 19:02:46Z INFO ProcessInvokerWrapper]   Redirected STDIN: 'False'
[2025-11-12 19:02:46Z INFO ProcessInvokerWrapper]   Persist current code page: 'True'
[2025-11-12 19:02:46Z INFO ProcessInvokerWrapper]   Keep redirected STDIN open: 'False'
[2025-11-12 19:02:46Z INFO ProcessInvokerWrapper]   High priority process: 'False'
[2025-11-12 19:02:46Z INFO ProcessInvokerWrapper] Process started with process id 13012, waiting for process exit.
[2025-11-12 19:02:46Z INFO ProcessInvokerWrapper] STDOUT/STDERR stream read finished.
[2025-11-12 19:02:46Z INFO ProcessInvokerWrapper] STDOUT/STDERR stream read finished.
[2025-11-12 19:02:46Z INFO ProcessInvokerWrapper] Finished process 13012 with exit code 0, and elapsed time 00:00:00.0100640.
[2025-11-12 19:02:46Z INFO StepsRunner] Successfully returned to code page 65001 (UTF8)
[2025-11-12 19:02:46Z INFO HostContext] Well known directory 'Bin': 'C:\Trabalho\actions-runner\bin'
[2025-11-12 19:02:46Z INFO HostContext] Well known directory 'Root': 'C:\Trabalho\actions-runner'
[2025-11-12 19:02:46Z INFO HostContext] Well known directory 'Work': 'C:\Trabalho\actions-runner\_work'
[2025-11-12 19:02:46Z INFO HostContext] Well known directory 'Actions': 'C:\Trabalho\actions-runner\_work\_actions'
[2025-11-12 19:02:46Z INFO ActionManager] Load action that reference repository from 'C:\Trabalho\actions-runner\_work\_actions\actions\checkout\v4'
[2025-11-12 19:02:46Z INFO HostContext] Well known directory 'Bin': 'C:\Trabalho\actions-runner\bin'
[2025-11-12 19:02:46Z INFO HostContext] Well known directory 'Root': 'C:\Trabalho\actions-runner'
[2025-11-12 19:02:46Z INFO HostContext] Well known directory 'Work': 'C:\Trabalho\actions-runner\_work'
[2025-11-12 19:02:46Z INFO HostContext] Well known directory 'Actions': 'C:\Trabalho\actions-runner\_work\_actions'
[2025-11-12 19:02:46Z INFO ActionManifestManager] Loaded action.yml file: {
  "name": "Checkout",
  "description": "Checkout a Git repository at a particular version",
  "inputs": {
    "type": 2,
    "map": [
      {
        "key": {
          "type": 0,
          "file": 2,
          "line": 4,
          "col": 3,
          "lit": "repository"
        },
        "value": {
          "type": 3,
          "file": 2,
          "line": 6,
          "col": 14,
          "expr": "github.repository"
        }
      },
      {
        "key": {
          "type": 0,
          "file": 2,
          "line": 7,
          "col": 3,
          "lit": "ref"
        },
        "value": ""
      },
      {
        "key": {
          "type": 0,
          "file": 2,
          "line": 12,
          "col": 3,
          "lit": "token"
        },
        "value": {
          "type": 3,
          "file": 2,
          "line": 24,
          "col": 14,
          "expr": "github.token"
        }
      },
      {
        "key": {
          "type": 0,
          "file": 2,
          "line": 25,
          "col": 3,
          "lit": "ssh-key"
        },
        "value": ""
      },
      {
        "key": {
          "type": 0,
          "file": 2,
          "line": 37,
          "col": 3,
          "lit": "ssh-known-hosts"
        },
        "value": ""
      },
      {
        "key": {
          "type": 0,
          "file": 2,
          "line": 42,
          "col": 3,
          "lit": "ssh-strict"
        },
        "value": {
          "type": 0,
          "file": 2,
          "line": 47,
          "col": 14,
          "lit": "true"
        }
      },
      {
        "key": {
          "type": 0,
          "file": 2,
          "line": 48,
          "col": 3,
          "lit": "ssh-user"
        },
        "value": {
          "type": 0,
          "file": 2,
          "line": 51,
          "col": 14,
          "lit": "git"
        }
      },
      {
        "key": {
          "type": 0,
          "file": 2,
          "line": 52,
          "col": 3,
          "lit": "persist-credentials"
        },
        "value": {
          "type": 0,
          "file": 2,
          "line": 54,
          "col": 14,
          "lit": "true"
        }
      },
      {
        "key": {
          "type": 0,
          "file": 2,
          "line": 55,
          "col": 3,
          "lit": "path"
        },
        "value": ""
      },
      {
        "key": {
          "type": 0,
          "file": 2,
          "line": 57,
          "col": 3,
          "lit": "clean"
        },
        "value": {
          "type": 0,
          "file": 2,
          "line": 59,
          "col": 14,
          "lit": "true"
        }
      },
      {
        "key": {
          "type": 0,
          "file": 2,
          "line": 60,
          "col": 3,
          "lit": "filter"
        },
        "value": {
          "type": 0,
          "file": 2,
          "line": 64,
          "col": 14,
          "lit": ""
        }
      },
      {
        "key": {
          "type": 0,
          "file": 2,
          "line": 65,
          "col": 3,
          "lit": "sparse-checkout"
        },
        "value": {
          "type": 0,
          "file": 2,
          "line": 69,
          "col": 14,
          "lit": ""
        }
      },
      {
        "key": {
          "type": 0,
          "file": 2,
          "line": 70,
          "col": 3,
          "lit": "sparse-checkout-cone-mode"
        },
        "value": {
          "type": 0,
          "file": 2,
          "line": 73,
          "col": 14,
          "lit": "true"
        }
      },
      {
        "key": {
          "type": 0,
          "file": 2,
          "line": 74,
          "col": 3,
          "lit": "fetch-depth"
        },
        "value": {
          "type": 0,
          "file": 2,
          "line": 76,
          "col": 14,
          "lit": "1"
        }
      },
      {
        "key": {
          "type": 0,
          "file": 2,
          "line": 77,
          "col": 3,
          "lit": "fetch-tags"
        },
        "value": {
          "type": 0,
          "file": 2,
          "line": 79,
          "col": 14,
          "lit": "false"
        }
      },
      {
        "key": {
          "type": 0,
          "file": 2,
          "line": 80,
          "col": 3,
          "lit": "show-progress"
        },
        "value": {
          "type": 0,
          "file": 2,
          "line": 82,
          "col": 14,
          "lit": "true"
        }
      },
      {
        "key": {
          "type": 0,
          "file": 2,
          "line": 83,
          "col": 3,
          "lit": "lfs"
        },
        "value": {
          "type": 0,
          "file": 2,
          "line": 85,
          "col": 14,
          "lit": "false"
        }
      },
      {
        "key": {
          "type": 0,
          "file": 2,
          "line": 86,
          "col": 3,
          "lit": "submodules"
        },
        "value": {
          "type": 0,
          "file": 2,
          "line": 94,
          "col": 14,
          "lit": "false"
        }
      },
      {
        "key": {
          "type": 0,
          "file": 2,
          "line": 95,
          "col": 3,
          "lit": "set-safe-directory"
        },
        "value": {
          "type": 0,
          "file": 2,
          "line": 97,
          "col": 14,
          "lit": "true"
        }
      },
      {
        "key": {
          "type": 0,
          "file": 2,
          "line": 98,
          "col": 3,
          "lit": "github-server-url"
        },
        "value": ""
      }
    ]
  },
  "execution": {
    "executionType": "nodeJS",
    "hasPre": false,
    "hasPost": true,
    "script": "dist/index.js",
    "pre": null,
    "post": "dist/index.js",
    "nodeVersion": "node20",
    "cleanupCondition": "always()",
    "initCondition": "always()"
  },
  "deprecated": null
}
[2025-11-12 19:02:46Z INFO ActionManager] Action pre node.js file: N/A.
[2025-11-12 19:02:46Z INFO ActionManager] Action node.js file: dist/index.js.
[2025-11-12 19:02:46Z INFO ActionManager] Action post node.js file: dist/index.js.
[2025-11-12 19:02:46Z INFO HostContext] Well known directory 'Bin': 'C:\Trabalho\actions-runner\bin'
[2025-11-12 19:02:46Z INFO HostContext] Well known directory 'Root': 'C:\Trabalho\actions-runner'
[2025-11-12 19:02:46Z INFO HostContext] Well known directory 'Work': 'C:\Trabalho\actions-runner\_work'
[2025-11-12 19:02:46Z INFO HostContext] Well known directory 'Temp': 'C:\Trabalho\actions-runner\_work\_temp'
[2025-11-12 19:02:46Z INFO ExecutionContext] Write event payload to C:\Trabalho\actions-runner\_work\_temp\_github_workflow\event.json
[2025-11-12 19:02:46Z INFO HostContext] Well known directory 'Bin': 'C:\Trabalho\actions-runner\bin'
[2025-11-12 19:02:46Z INFO HostContext] Well known directory 'Root': 'C:\Trabalho\actions-runner'
[2025-11-12 19:02:46Z INFO HostContext] Well known directory 'Work': 'C:\Trabalho\actions-runner\_work'
[2025-11-12 19:02:46Z INFO HostContext] Well known directory 'Temp': 'C:\Trabalho\actions-runner\_work\_temp'
[2025-11-12 19:02:46Z INFO ExtensionManager] Getting extensions for interface: 'GitHub.Runner.Worker.IFileCommandExtension'
[2025-11-12 19:02:46Z INFO ActionManifestManager] Input 'repository': *** value evaluate result: {
  "type": 0,
  "file": 2,
  "line": 6,
  "col": 14,
  "lit": "potinhek/Trabalho"
}
[2025-11-12 19:02:46Z INFO ActionManifestManager] Input 'ref': *** value evaluate result: ""
[2025-11-12 19:02:46Z INFO ActionManifestManager] Input 'token': *** value evaluate result: {
  "type": 0,
  "file": 2,
  "line": 24,
  "col": 14,
  "lit": "***"
}
[2025-11-12 19:02:46Z INFO ActionManifestManager] Input 'ssh-key': *** value evaluate result: ""
[2025-11-12 19:02:46Z INFO ActionManifestManager] Input 'ssh-known-hosts': *** value evaluate result: ""
[2025-11-12 19:02:46Z INFO ActionManifestManager] Input 'ssh-strict': *** value evaluate result: {
  "type": 0,
  "file": 2,
  "line": 47,
  "col": 14,
  "lit": "true"
}
[2025-11-12 19:02:46Z INFO ActionManifestManager] Input 'ssh-user': *** value evaluate result: {
  "type": 0,
  "file": 2,
  "line": 51,
  "col": 14,
  "lit": "git"
}
[2025-11-12 19:02:46Z INFO ActionManifestManager] Input 'persist-credentials': *** value evaluate result: {
  "type": 0,
  "file": 2,
  "line": 54,
  "col": 14,
  "lit": "true"
}
[2025-11-12 19:02:46Z INFO ActionManifestManager] Input 'path': *** value evaluate result: ""
[2025-11-12 19:02:46Z INFO ActionManifestManager] Input 'clean': *** value evaluate result: {
  "type": 0,
  "file": 2,
  "line": 59,
  "col": 14,
  "lit": "true"
}
[2025-11-12 19:02:46Z INFO ActionManifestManager] Input 'filter': *** value evaluate result: {
  "type": 0,
  "file": 2,
  "line": 64,
  "col": 14,
  "lit": ""
}
[2025-11-12 19:02:46Z INFO ActionManifestManager] Input 'sparse-checkout': *** value evaluate result: {
  "type": 0,
  "file": 2,
  "line": 69,
  "col": 14,
  "lit": ""
}
[2025-11-12 19:02:46Z INFO ActionManifestManager] Input 'sparse-checkout-cone-mode': *** value evaluate result: {
  "type": 0,
  "file": 2,
  "line": 73,
  "col": 14,
  "lit": "true"
}
[2025-11-12 19:02:46Z INFO ActionManifestManager] Input 'fetch-depth': *** value evaluate result: {
  "type": 0,
  "file": 2,
  "line": 76,
  "col": 14,
  "lit": "1"
}
[2025-11-12 19:02:46Z INFO ActionManifestManager] Input 'fetch-tags': *** value evaluate result: {
  "type": 0,
  "file": 2,
  "line": 79,
  "col": 14,
  "lit": "false"
}
[2025-11-12 19:02:46Z INFO ActionManifestManager] Input 'show-progress': *** value evaluate result: {
  "type": 0,
  "file": 2,
  "line": 82,
  "col": 14,
  "lit": "true"
}
[2025-11-12 19:02:46Z INFO ActionManifestManager] Input 'lfs': *** value evaluate result: {
  "type": 0,
  "file": 2,
  "line": 85,
  "col": 14,
  "lit": "false"
}
[2025-11-12 19:02:46Z INFO ActionManifestManager] Input 'submodules': *** value evaluate result: {
  "type": 0,
  "file": 2,
  "line": 94,
  "col": 14,
  "lit": "false"
}
[2025-11-12 19:02:46Z INFO ActionManifestManager] Input 'set-safe-directory': *** value evaluate result: {
  "type": 0,
  "file": 2,
  "line": 97,
  "col": 14,
  "lit": "true"
}
[2025-11-12 19:02:46Z INFO ActionManifestManager] Input 'github-server-url': *** value evaluate result: ""
[2025-11-12 19:02:46Z INFO ExtensionManager] Getting extensions for interface: 'GitHub.Runner.Worker.IActionCommandExtension'
[2025-11-12 19:02:46Z INFO ActionCommandManager] Register action command extension for command internal-set-repo-path
[2025-11-12 19:02:46Z INFO ActionCommandManager] Register action command extension for command set-env
[2025-11-12 19:02:46Z INFO ActionCommandManager] Register action command extension for command set-output
[2025-11-12 19:02:46Z INFO ActionCommandManager] Register action command extension for command save-state
[2025-11-12 19:02:46Z INFO ActionCommandManager] Register action command extension for command add-path
[2025-11-12 19:02:46Z INFO ActionCommandManager] Register action command extension for command add-mask
[2025-11-12 19:02:46Z INFO ActionCommandManager] Register action command extension for command add-matcher
[2025-11-12 19:02:46Z INFO ActionCommandManager] Register action command extension for command remove-matcher
[2025-11-12 19:02:46Z INFO ActionCommandManager] Register action command extension for command warning
[2025-11-12 19:02:46Z INFO ActionCommandManager] Register action command extension for command error
[2025-11-12 19:02:46Z INFO ActionCommandManager] Register action command extension for command notice
[2025-11-12 19:02:46Z INFO ActionCommandManager] Register action command extension for command debug
[2025-11-12 19:02:46Z INFO ActionCommandManager] Register action command extension for command group
[2025-11-12 19:02:46Z INFO ActionCommandManager] Register action command extension for command endgroup
[2025-11-12 19:02:46Z INFO ActionCommandManager] Register action command extension for command echo
[2025-11-12 19:02:46Z INFO HostContext] Well known directory 'Bin': 'C:\Trabalho\actions-runner\bin'
[2025-11-12 19:02:46Z INFO HostContext] Well known directory 'Root': 'C:\Trabalho\actions-runner'
[2025-11-12 19:02:46Z INFO HostContext] Well known directory 'Externals': 'C:\Trabalho\actions-runner\externals'
[2025-11-12 19:02:46Z INFO ProcessInvokerWrapper] Starting process:
[2025-11-12 19:02:46Z INFO ProcessInvokerWrapper]   File name: 'C:\Trabalho\actions-runner\externals\node20\bin\node.exe'
[2025-11-12 19:02:46Z INFO ProcessInvokerWrapper]   Arguments: '"C:\Trabalho\actions-runner\_work\_actions\actions\checkout\v4\dist/index.js"'
[2025-11-12 19:02:46Z INFO ProcessInvokerWrapper]   Working directory: 'C:\Trabalho\actions-runner\_work\Trabalho\Trabalho'
[2025-11-12 19:02:46Z INFO ProcessInvokerWrapper]   Require exit code zero: 'False'
[2025-11-12 19:02:46Z INFO ProcessInvokerWrapper]   Encoding web name: utf-8 ; code page: '65001'
[2025-11-12 19:02:46Z INFO ProcessInvokerWrapper]   Force kill process on cancellation: 'False'
[2025-11-12 19:02:46Z INFO ProcessInvokerWrapper]   Redirected STDIN: 'False'
[2025-11-12 19:02:46Z INFO ProcessInvokerWrapper]   Persist current code page: 'True'
[2025-11-12 19:02:46Z INFO ProcessInvokerWrapper]   Keep redirected STDIN open: 'False'
[2025-11-12 19:02:46Z INFO ProcessInvokerWrapper]   High priority process: 'False'
[2025-11-12 19:02:46Z INFO ProcessInvokerWrapper] Process started with process id 15832, waiting for process exit.
[2025-11-12 19:02:46Z INFO JobServerQueue] Try to append 1 batches web console lines for record '3ef11efb-337e-486e-814f-c620cd02721b', success rate: 1/1.
[2025-11-12 19:02:46Z INFO JobServerQueue] Try to append 1 batches web console lines for record 'b2842047-953d-4725-80ee-9fd62d4e44a1', success rate: 1/1.
[2025-11-12 19:02:46Z INFO JobServerQueue] Tried to upload 2 file(s) to results, success rate: 2/2.
[2025-11-12 19:02:47Z INFO JobServerQueue] Try to append 1 batches web console lines for record 'b2842047-953d-4725-80ee-9fd62d4e44a1', success rate: 1/1.
[2025-11-12 19:02:47Z INFO AddMaskCommandExtension] Add new secret mask with length of 32
[2025-11-12 19:02:47Z INFO JobServerQueue] Try to append 1 batches web console lines for record 'b2842047-953d-4725-80ee-9fd62d4e44a1', success rate: 1/1.
[2025-11-12 19:02:47Z INFO JobServerQueue] Try to upload 1 log files or attachments, success rate: 1/1.
[2025-11-12 19:02:47Z INFO JobServerQueue] Got a step log file to send to results service.
[2025-11-12 19:02:47Z INFO JobServerQueue] Starting upload of step log file to results service ResultsLog, C:\Trabalho\actions-runner\_diag\blocks\9e87817d-537d-4dcf-85a8-9a41e3724c7a_3ef11efb-337e-486e-814f-c620cd02721b.1
[2025-11-12 19:02:48Z INFO JobServerQueue] Tried to upload 1 file(s) to results, success rate: 1/1.
[2025-11-12 19:02:48Z INFO JobServerQueue] Try to append 1 batches web console lines for record 'b2842047-953d-4725-80ee-9fd62d4e44a1', success rate: 1/1.
[2025-11-12 19:02:49Z INFO JobServerQueue] Try to append 1 batches web console lines for record 'b2842047-953d-4725-80ee-9fd62d4e44a1', success rate: 1/1.
[2025-11-12 19:02:50Z INFO ProcessInvokerWrapper] STDOUT/STDERR stream read finished.
[2025-11-12 19:02:50Z INFO ProcessInvokerWrapper] STDOUT/STDERR stream read finished.
[2025-11-12 19:02:50Z INFO ProcessInvokerWrapper] Finished process 15832 with exit code 0, and elapsed time 00:00:03.2321931.
[2025-11-12 19:02:50Z INFO CreateStepSummaryCommand] Step Summary file (C:\Trabalho\actions-runner\_work\_temp\_runner_file_commands\step_summary_4cf15f21-1ed9-4374-9bf8-44ebaf872d8c) is empty; skipping attachment upload
[2025-11-12 19:02:50Z INFO StepsRunner] Step result: 
[2025-11-12 19:02:50Z INFO ExecutionContext] Publish step telemetry for current step {
  "action": "actions/checkout",
  "ref": "v4",
  "type": "node20",
  "stage": "Post",
  "stepId": "b2842047-953d-4725-80ee-9fd62d4e44a1",
  "result": "succeeded",
  "errorMessages": [],
  "executionTimeInSeconds": 4,
  "startTime": "2025-11-12T19:02:46.8672578Z",
  "finishTime": "2025-11-12T19:02:50.1295877Z"
}.
[2025-11-12 19:02:50Z INFO StepsRunner] No need for updating job result with current step result 'Succeeded'.
[2025-11-12 19:02:50Z INFO StepsRunner] Current state: job state = 'Failed'
[2025-11-12 19:02:50Z INFO JobRunner] Finalize job.
[2025-11-12 19:02:50Z INFO HostContext] Well known directory 'Bin': 'C:\Trabalho\actions-runner\bin'
[2025-11-12 19:02:50Z INFO HostContext] Well known directory 'Root': 'C:\Trabalho\actions-runner'
[2025-11-12 19:02:50Z INFO HostContext] Well known directory 'Diag': 'C:\Trabalho\actions-runner\_diag'
[2025-11-12 19:02:50Z INFO HostContext] Well known directory 'Bin': 'C:\Trabalho\actions-runner\bin'
[2025-11-12 19:02:50Z INFO HostContext] Well known directory 'Root': 'C:\Trabalho\actions-runner'
[2025-11-12 19:02:50Z INFO HostContext] Well known directory 'Diag': 'C:\Trabalho\actions-runner\_diag'
[2025-11-12 19:02:50Z INFO JobExtension] Initialize Env context
[2025-11-12 19:02:50Z INFO JobExtension] Initialize steps context
[2025-11-12 19:02:50Z INFO JobExtension] Total accessible running process: 263.
[2025-11-12 19:02:50Z INFO ExecutionContext] Publish step telemetry for current step {
  "action": "complete_job",
  "type": "runner",
  "stage": "Post",
  "stepId": "1c4ce7ad-2add-48ad-ae27-9ebaf4bfe683",
  "result": "succeeded",
  "errorMessages": [],
  "executionTimeInSeconds": 1,
  "startTime": "2025-11-12T19:02:50.1388514Z",
  "finishTime": "2025-11-12T19:02:50.1530355Z"
}.
[2025-11-12 19:02:50Z INFO JobRunner] Job result after all job steps finish: Failed
[2025-11-12 19:02:50Z INFO JobRunner] Completing the job execution context.
[2025-11-12 19:02:50Z INFO JobRunner] Shutting down the job server queue.
[2025-11-12 19:02:50Z INFO JobServerQueue] Fire signal to shutdown all queues.
[2025-11-12 19:02:50Z INFO JobServerQueue] All queue process task stopped.
[2025-11-12 19:02:50Z INFO JobServerQueue] Try to append 1 batches web console lines for record '1c4ce7ad-2add-48ad-ae27-9ebaf4bfe683', success rate: 1/1.
[2025-11-12 19:02:50Z INFO JobServerQueue] Web console line queue drained.
[2025-11-12 19:02:50Z INFO JobServerQueue] Uploading 3 files in one shot.
[2025-11-12 19:02:50Z INFO JobServerQueue] Try to upload 3 log files or attachments, success rate: 3/3.
[2025-11-12 19:02:50Z INFO JobServerQueue] File upload queue drained.
[2025-11-12 19:02:50Z INFO JobServerQueue] Starting results-based upload queue...
[2025-11-12 19:02:50Z INFO JobServerQueue] Uploading 3 file(s) in one shot through results service.
[2025-11-12 19:02:50Z INFO JobServerQueue] Got a step log file to send to results service.
[2025-11-12 19:02:50Z INFO JobServerQueue] Starting upload of step log file to results service ResultsLog, C:\Trabalho\actions-runner\_diag\blocks\9e87817d-537d-4dcf-85a8-9a41e3724c7a_b2842047-953d-4725-80ee-9fd62d4e44a1.1
[2025-11-12 19:02:51Z INFO JobServerQueue] Got a step log file to send to results service.
[2025-11-12 19:02:51Z INFO JobServerQueue] Starting upload of step log file to results service ResultsLog, C:\Trabalho\actions-runner\_diag\blocks\9e87817d-537d-4dcf-85a8-9a41e3724c7a_1c4ce7ad-2add-48ad-ae27-9ebaf4bfe683.1
[2025-11-12 19:02:51Z INFO JobServerQueue] Got a job log file to send to results service.
[2025-11-12 19:02:51Z INFO JobServerQueue] Starting upload of job log file to results service ResultsLog, C:\Trabalho\actions-runner\_diag\blocks\9e87817d-537d-4dcf-85a8-9a41e3724c7a_0d28dc04-42cf-5255-8764-32b00b9c4dbb.1
[2025-11-12 19:02:52Z INFO JobServerQueue] Tried to upload 3 file(s) to results, success rate: 3/3.
[2025-11-12 19:02:52Z INFO JobServerQueue] Results upload queue drained.
[2025-11-12 19:02:52Z INFO JobServerQueue] Timeline update queue drained.
[2025-11-12 19:02:52Z INFO JobServerQueue] Disposing job server ...
[2025-11-12 19:02:52Z INFO JobServerQueue] Disposing results server ...
[2025-11-12 19:02:52Z INFO JobServerQueue] All queue process tasks have been stopped, and all queues are drained.
[2025-11-12 19:02:52Z INFO TempDirectoryManager] Cleaning runner temp folder: C:\Trabalho\actions-runner\_work\_temp
[2025-11-12 19:02:52Z INFO HostContext] Well known directory 'Bin': 'C:\Trabalho\actions-runner\bin'
[2025-11-12 19:02:52Z INFO HostContext] Well known directory 'Root': 'C:\Trabalho\actions-runner'
[2025-11-12 19:02:52Z INFO HostContext] Well known directory 'Diag': 'C:\Trabalho\actions-runner\_diag'
[2025-11-12 19:02:52Z INFO HostContext] Well known config file 'Telemetry': 'C:\Trabalho\actions-runner\_diag\.telemetry'
[2025-11-12 19:02:52Z INFO JobRunner] Raising job completed against run service
[2025-11-12 19:02:52Z INFO Worker] Job completed.
