[2025-11-13 23:20:35Z INFO HostContext] No proxy settings were found based on environmental variables (http_proxy/https_proxy/HTTP_PROXY/HTTPS_PROXY)
[2025-11-13 23:20:35Z INFO HostContext] Well known directory 'Bin': 'C:\Trabalho\actions-runner\bin'
[2025-11-13 23:20:35Z INFO HostContext] Well known directory 'Root': 'C:\Trabalho\actions-runner'
[2025-11-13 23:20:35Z INFO HostContext] Well known config file 'Credentials': 'C:\Trabalho\actions-runner\.credentials'
[2025-11-13 23:20:35Z INFO HostContext] Well known directory 'Bin': 'C:\Trabalho\actions-runner\bin'
[2025-11-13 23:20:35Z INFO HostContext] Well known directory 'Root': 'C:\Trabalho\actions-runner'
[2025-11-13 23:20:35Z INFO HostContext] Well known config file 'Runner': 'C:\Trabalho\actions-runner\.runner'
[2025-11-13 23:20:35Z INFO Worker] Version: 2.329.0
[2025-11-13 23:20:35Z INFO Worker] Commit: c76c59996c8fa32e989164a5a695efb12608ae5a
[2025-11-13 23:20:35Z INFO Worker] Culture: pt-BR
[2025-11-13 23:20:35Z INFO Worker] UI Culture: pt-BR
[2025-11-13 23:20:35Z INFO Worker] Waiting to receive the job message from the channel.
[2025-11-13 23:20:35Z INFO ProcessChannel] Receiving message of length 39974, with hash '475e54152870a79860fa2d51ae92f96a713a12671cdf673ca72532db4e18750a'
[2025-11-13 23:20:35Z INFO Worker] Message received.
[2025-11-13 23:20:36Z INFO Worker] Job message:
 {
  "fileTable": [
    ".github/workflows/cd.yml"
  ],
  "mask": [
    {
      "type": "regex",
      "value": "***"
    },
    {
      "type": "regex",
      "value": "***"
    },
    {
      "type": "regex",
      "value": "***"
    },
    {
      "type": "regex",
      "value": "***"
    },
    {
      "type": "regex",
      "value": "***"
    },
    {
      "type": "regex",
      "value": "***"
    },
    {
      "type": "regex",
      "value": "***"
    },
    {
      "type": "regex",
      "value": "***"
    },
    {
      "type": "regex",
      "value": "***"
    },
    {
      "type": "regex",
      "value": "***"
    },
    {
      "type": "regex",
      "value": "***"
    },
    {
      "type": "regex",
      "value": "***"
    },
    {
      "type": "regex",
      "value": "***"
    },
    {
      "type": "regex",
      "value": "***"
    },
    {
      "type": "regex",
      "value": "***"
    },
    {
      "type": "regex",
      "value": "***"
    },
    {
      "type": "regex",
      "value": "***"
    },
    {
      "type": "regex",
      "value": "***"
    }
  ],
  "steps": [
    {
      "type": "action",
      "reference": {
        "type": "repository",
        "name": "actions/checkout",
        "ref": "v4",
        "repositoryType": "GitHub"
      },
      "displayNameToken": {
        "type": 0,
        "file": 1,
        "line": 23,
        "col": 15,
        "lit": "Checkout"
      },
      "contextName": "__actions_checkout",
      "condition": "success()",
      "id": "cd749c3e-25ac-4490-bc7f-7639abee5b4a",
      "name": "__actions_checkout"
    },
    {
      "type": "action",
      "reference": {
        "type": "script"
      },
      "displayNameToken": {
        "type": 0,
        "file": 1,
        "line": 26,
        "col": 15,
        "lit": "Set vars"
      },
      "contextName": "vars",
      "inputs": {
        "type": 2,
        "map": [
          {
            "key": "script",
            "value": {
              "type": 3,
              "file": 1,
              "line": 29,
              "col": 14,
              "expr": "format('\"IMAGE=jacksonugv/trabalho\" >> $env:GITHUB_OUTPUT\n\"TAG_SHA=$($env:GITHUB_SHA.Substring(0,7))\" >> $env:GITHUB_OUTPUT\n$ns = \"{0}\"\nif ([string]::IsNullOrWhiteSpace($ns)) {{ $ns = \"***\" }}\n\"NAMESPACE=$ns\" >> $env:GITHUB_OUTPUT\n', secrets.K8S_NAMESPACE)"
            }
          },
          {
            "key": "shell",
            "value": {
              "type": 0,
              "file": 1,
              "line": 28,
              "col": 16,
              "lit": "powershell"
            }
          }
        ]
      },
      "condition": "success()",
      "id": "711f105d-cd67-469c-8e2b-cd4cf094b5a4",
      "name": "vars"
    },
    {
      "type": "action",
      "reference": {
        "type": "script"
      },
      "displayNameToken": {
        "type": 0,
        "file": 1,
        "line": 37,
        "col": 15,
        "lit": "Ensure kubectl"
      },
      "contextName": "__run",
      "inputs": {
        "type": 2,
        "map": [
          {
            "key": "script",
            "value": {
              "type": 0,
              "file": 1,
              "line": 39,
              "col": 14,
              "lit": "$ErrorActionPreference = 'Stop'\nif (-not (Get-Command kubectl -ErrorAction SilentlyContinue)) {\n  Write-Host \"kubectl não encontrado. Instalando...\"\n  Invoke-WebRequest -UseBasicParsing -Uri https://dl.k8s.io/release/stable.txt -OutFile stable.txt\n  $ver = Get-Content stable.txt\n  $url = \"https://dl.k8s.io/release/$ver/bin/windows/amd64/kubectl.exe\"\n  $bin = Join-Path $env:RUNNER_TEMP \"bin\"\n  New-Item -ItemType Directory -Force -Path $bin | Out-Null\n  Invoke-WebRequest -UseBasicParsing -Uri $url -OutFile (Join-Path $bin \"kubectl.exe\")\n  \"$bin\" | Out-File -FilePath $env:GITHUB_PATH -Encoding ascii -Append\n}\nkubectl version --client=true\n"
            }
          },
          {
            "key": "shell",
            "value": {
              "type": 0,
              "file": 1,
              "line": 38,
              "col": 16,
              "lit": "powershell"
            }
          }
        ]
      },
      "condition": "success()",
      "id": "ad2c3a99-924a-4ffb-9a96-02c7e56c6732",
      "name": "__run"
    },
    {
      "type": "action",
      "reference": {
        "type": "script"
      },
      "displayNameToken": {
        "type": 0,
        "file": 1,
        "line": 54,
        "col": 15,
        "lit": "Ensure Minikube running"
      },
      "contextName": "__run_2",
      "inputs": {
        "type": 2,
        "map": [
          {
            "key": "script",
            "value": {
              "type": 0,
              "file": 1,
              "line": 56,
              "col": 14,
              "lit": "$ErrorActionPreference = 'Stop'\n\nif (-not (Get-Command minikube -ErrorAction SilentlyContinue)) {\n  throw \"Minikube não está instalado no runner. Instale no mesmo host.\"\n}\n\n# Detecta driver preferível\n$driver = \"docker\"\nif (-not (Get-Command docker -ErrorAction SilentlyContinue)) {\n  $driver = \"hyperv\"\n}\n\n\n# Sobe se necessário\n$ok = $false\ntry {\n  $st = minikube status --output=json | ConvertFrom-Json\n  if ($st.Host -eq 'Running' -and $st.Kubelet -eq 'Running' -and $st.APIServer -eq 'Running') { $ok = $true }\n} catch { }\n\nif (-not $ok) {\n  Write-Host \"Iniciando Minikube (--driver=$driver)...\"\n  minikube start --driver=$driver\n}\n\n# Garante kubeconfig do minikube e contexto\nminikube update-context\n$env:KUBECONFIG = \"$env:USERPROFILE\\.kube\\config\"\n\n$ctx = kubectl config current-context\nWrite-Host \"Contexto atual: $ctx\"\n$server = kubectl config view --minify -o jsonpath='{.clusters[0].cluster.server}'\nWrite-Host \"API Server: $server\"\n"
            }
          },
          {
            "key": "shell",
            "value": {
              "type": 0,
              "file": 1,
              "line": 55,
              "col": 16,
              "lit": "powershell"
            }
          }
        ]
      },
      "condition": "success()",
      "id": "838b5625-37f8-4c76-9c54-9de787cbb3b0",
      "name": "__run_2"
    },
    {
      "type": "action",
      "reference": {
        "type": "script"
      },
      "displayNameToken": {
        "type": 0,
        "file": 1,
        "line": 92,
        "col": 15,
        "lit": "Wait for API server (healthz)"
      },
      "contextName": "__run_3",
      "inputs": {
        "type": 2,
        "map": [
          {
            "key": "script",
            "value": {
              "type": 0,
              "file": 1,
              "line": 94,
              "col": 14,
              "lit": "$ErrorActionPreference = 'Stop'\n$max = 20\nfor ($i=1; $i -le $max; $i++) {\n  try {\n    $h = kubectl get --raw=/healthz 2>$null\n    if ($LASTEXITCODE -eq 0 -and $h -match \"ok\") {\n      Write-Host \"API Server OK\"; break\n    }\n  } catch { }\n  Write-Host \"Aguardando API Server ($i/$max)...\"\n  Start-Sleep -Seconds 3\n  if ($i -eq $max) { throw \"API Server indisponível (timeout).\" }\n}\nkubectl cluster-info\nkubectl get nodes -o wide\n"
            }
          },
          {
            "key": "shell",
            "value": {
              "type": 0,
              "file": 1,
              "line": 93,
              "col": 16,
              "lit": "powershell"
            }
          }
        ]
      },
      "condition": "success()",
      "id": "06e7527a-0b10-4f43-8403-e339c80ca4f8",
      "name": "__run_3"
    },
    {
      "type": "action",
      "reference": {
        "type": "script"
      },
      "displayNameToken": {
        "type": 0,
        "file": 1,
        "line": 112,
        "col": 15,
        "lit": "Create namespace if not exists"
      },
      "contextName": "__run_4",
      "environment": {
        "type": 2,
        "file": 1,
        "line": 115,
        "col": 11,
        "map": [
          {
            "key": {
              "type": 0,
              "file": 1,
              "line": 115,
              "col": 11,
              "lit": "NS"
            },
            "value": {
              "type": 3,
              "file": 1,
              "line": 115,
              "col": 15,
              "expr": "steps.vars.outputs.NAMESPACE"
            }
          }
        ]
      },
      "inputs": {
        "type": 2,
        "map": [
          {
            "key": "script",
            "value": {
              "type": 0,
              "file": 1,
              "line": 116,
              "col": 14,
              "lit": "kubectl get ns $env:NS *> $null\nif ($LASTEXITCODE -ne 0) { kubectl create ns $env:NS }\nkubectl get ns $env:NS\n"
            }
          },
          {
            "key": "shell",
            "value": {
              "type": 0,
              "file": 1,
              "line": 113,
              "col": 16,
              "lit": "powershell"
            }
          }
        ]
      },
      "condition": "success()",
      "id": "b445f06b-df98-4f73-b9b1-0158dbc11e5f",
      "name": "__run_4"
    },
    {
      "type": "action",
      "reference": {
        "type": "script"
      },
      "displayNameToken": {
        "type": 0,
        "file": 1,
        "line": 122,
        "col": 15,
        "lit": "Apply base manifests"
      },
      "contextName": "__run_5",
      "environment": {
        "type": 2,
        "file": 1,
        "line": 125,
        "col": 11,
        "map": [
          {
            "key": {
              "type": 0,
              "file": 1,
              "line": 125,
              "col": 11,
              "lit": "NS"
            },
            "value": {
              "type": 3,
              "file": 1,
              "line": 125,
              "col": 15,
              "expr": "steps.vars.outputs.NAMESPACE"
            }
          }
        ]
      },
      "inputs": {
        "type": 2,
        "map": [
          {
            "key": "script",
            "value": {
              "type": 0,
              "file": 1,
              "line": 126,
              "col": 14,
              "lit": "kubectl apply -n $env:NS -f k8s/service.yaml               || $true\nkubectl apply -n $env:NS -f k8s/prometheus-deployment.yaml || $true\nkubectl apply -n $env:NS -f k8s/grafana-deployment.yaml    || $true\nkubectl apply -n $env:NS -f k8s/nginx-deployment.yaml      || $true\nkubectl apply -n $env:NS -f k8s/nginx-service.yaml         || $true\nkubectl apply -n $env:NS -f k8s/prometheus-config.yaml     || $true\n"
            }
          },
          {
            "key": "shell",
            "value": {
              "type": 0,
              "file": 1,
              "line": 123,
              "col": 16,
              "lit": "powershell"
            }
          }
        ]
      },
      "condition": "success()",
      "id": "43841b72-aa9d-46b6-ab84-5ec5895954f5",
      "name": "__run_5"
    },
    {
      "type": "action",
      "reference": {
        "type": "script"
      },
      "displayNameToken": {
        "type": 0,
        "file": 1,
        "line": 135,
        "col": 15,
        "lit": "Apply app deployment"
      },
      "contextName": "__run_6",
      "environment": {
        "type": 2,
        "file": 1,
        "line": 138,
        "col": 11,
        "map": [
          {
            "key": {
              "type": 0,
              "file": 1,
              "line": 138,
              "col": 11,
              "lit": "NS"
            },
            "value": {
              "type": 3,
              "file": 1,
              "line": 138,
              "col": 15,
              "expr": "steps.vars.outputs.NAMESPACE"
            }
          }
        ]
      },
      "inputs": {
        "type": 2,
        "map": [
          {
            "key": "script",
            "value": {
              "type": 0,
              "file": 1,
              "line": 139,
              "col": 14,
              "lit": "kubectl apply -n $env:NS -f k8s/deployment.yaml\n"
            }
          },
          {
            "key": "shell",
            "value": {
              "type": 0,
              "file": 1,
              "line": 136,
              "col": 16,
              "lit": "powershell"
            }
          }
        ]
      },
      "condition": "success()",
      "id": "e194c27a-8640-41ef-9815-f65506dc47a0",
      "name": "__run_6"
    },
    {
      "type": "action",
      "reference": {
        "type": "script"
      },
      "displayNameToken": {
        "type": 0,
        "file": 1,
        "line": 142,
        "col": 15,
        "lit": "Set image to new tag"
      },
      "contextName": "__run_7",
      "environment": {
        "type": 2,
        "file": 1,
        "line": 145,
        "col": 11,
        "map": [
          {
            "key": {
              "type": 0,
              "file": 1,
              "line": 145,
              "col": 11,
              "lit": "NS"
            },
            "value": {
              "type": 3,
              "file": 1,
              "line": 145,
              "col": 16,
              "expr": "steps.vars.outputs.NAMESPACE"
            }
          },
          {
            "key": {
              "type": 0,
              "file": 1,
              "line": 146,
              "col": 11,
              "lit": "IMG"
            },
            "value": {
              "type": 3,
              "file": 1,
              "line": 146,
              "col": 16,
              "expr": "steps.vars.outputs.IMAGE"
            }
          },
          {
            "key": {
              "type": 0,
              "file": 1,
              "line": 147,
              "col": 11,
              "lit": "TAG"
            },
            "value": {
              "type": 3,
              "file": 1,
              "line": 147,
              "col": 16,
              "expr": "steps.vars.outputs.TAG_SHA"
            }
          }
        ]
      },
      "inputs": {
        "type": 2,
        "map": [
          {
            "key": "script",
            "value": {
              "type": 0,
              "file": 1,
              "line": 148,
              "col": 14,
              "lit": "kubectl set image deployment/monitor monitor=\"$env:IMG:$env:TAG\" -n $env:NS\n"
            }
          },
          {
            "key": "shell",
            "value": {
              "type": 0,
              "file": 1,
              "line": 143,
              "col": 16,
              "lit": "powershell"
            }
          }
        ]
      },
      "condition": "success()",
      "id": "3f3d72b9-a882-4a85-a910-4dc929ab1fe2",
      "name": "__run_7"
    },
    {
      "type": "action",
      "reference": {
        "type": "script"
      },
      "displayNameToken": {
        "type": 0,
        "file": 1,
        "line": 151,
        "col": 15,
        "lit": "Wait rollout"
      },
      "contextName": "__run_8",
      "environment": {
        "type": 2,
        "file": 1,
        "line": 154,
        "col": 11,
        "map": [
          {
            "key": {
              "type": 0,
              "file": 1,
              "line": 154,
              "col": 11,
              "lit": "NS"
            },
            "value": {
              "type": 3,
              "file": 1,
              "line": 154,
              "col": 15,
              "expr": "steps.vars.outputs.NAMESPACE"
            }
          }
        ]
      },
      "inputs": {
        "type": 2,
        "map": [
          {
            "key": "script",
            "value": {
              "type": 0,
              "file": 1,
              "line": 155,
              "col": 14,
              "lit": "kubectl rollout status deployment/monitor -n $env:NS --timeout=180s\n"
            }
          },
          {
            "key": "shell",
            "value": {
              "type": 0,
              "file": 1,
              "line": 152,
              "col": 16,
              "lit": "powershell"
            }
          }
        ]
      },
      "condition": "success()",
      "id": "29a35081-073c-46f2-9c8c-88a5f5e51493",
      "name": "__run_8"
    },
    {
      "type": "action",
      "reference": {
        "type": "script"
      },
      "displayNameToken": {
        "type": 0,
        "file": 1,
        "line": 158,
        "col": 15,
        "lit": "Show services/pods"
      },
      "contextName": "__run_9",
      "environment": {
        "type": 2,
        "file": 1,
        "line": 161,
        "col": 11,
        "map": [
          {
            "key": {
              "type": 0,
              "file": 1,
              "line": 161,
              "col": 11,
              "lit": "NS"
            },
            "value": {
              "type": 3,
              "file": 1,
              "line": 161,
              "col": 15,
              "expr": "steps.vars.outputs.NAMESPACE"
            }
          }
        ]
      },
      "inputs": {
        "type": 2,
        "map": [
          {
            "key": "script",
            "value": {
              "type": 0,
              "file": 1,
              "line": 162,
              "col": 14,
              "lit": "kubectl get svc -n $env:NS\nkubectl get deploy -n $env:NS\nkubectl get pods -o wide -n $env:NS\n"
            }
          },
          {
            "key": "shell",
            "value": {
              "type": 0,
              "file": 1,
              "line": 159,
              "col": 16,
              "lit": "powershell"
            }
          }
        ]
      },
      "condition": "success()",
      "id": "d8188488-9988-4250-b16f-37c3d3b0ccd5",
      "name": "__run_9"
    }
  ],
  "variables": {
    "Actions.EnableHttpRedirects": {
      "value": "true"
    },
    "DistributedTask.AddWarningToNode12Action": {
      "value": "true"
    },
    "DistributedTask.AddWarningToNode16Action": {
      "value": "true"
    },
    "DistributedTask.AllowRunnerContainerHooks": {
      "value": "true"
    },
    "DistributedTask.DeprecateStepOutputCommands": {
      "value": "true"
    },
    "DistributedTask.DetailUntarFailure": {
      "value": "true"
    },
    "DistributedTask.EnableCompositeActions": {
      "value": "true"
    },
    "DistributedTask.EnableJobServerQueueTelemetry": {
      "value": "true"
    },
    "DistributedTask.EnhancedAnnotations": {
      "value": "true"
    },
    "DistributedTask.ForceGithubJavascriptActionsToNode16": {
      "value": "true"
    },
    "DistributedTask.ForceGithubJavascriptActionsToNode20": {
      "value": "true"
    },
    "DistributedTask.LogTemplateErrorsAsDebugMessages": {
      "value": "true"
    },
    "DistributedTask.MarkJobAsFailedOnWorkerCrash": {
      "value": "true"
    },
    "DistributedTask.NewActionMetadata": {
      "value": "true"
    },
    "DistributedTask.UploadStepSummary": {
      "value": "true"
    },
    "DistributedTask.UseActionArchiveCache": {
      "value": "true"
    },
    "DistributedTask.UseWhich2": {
      "value": "true"
    },
    "K8S_NAMESPACE": {
      "value": "***",
      "isSecret": true
    },
    "RunService.FixEmbeddedIssues": {
      "value": "true"
    },
    "actions_add_check_run_id_to_job_context": {
      "value": "true"
    },
    "actions_container_action_runner_temp": {
      "value": "false"
    },
    "actions_display_helpful_actions_download_errors": {
      "value": "true"
    },
    "actions_skip_retry_complete_job_upon_known_errors": {
      "value": "true"
    },
    "actions_uses_cache_service_v2": {
      "value": "true"
    },
    "github_token": {
      "value": "***",
      "isSecret": true
    },
    "system.from_run_service": {
      "value": "true"
    },
    "system.github.job": {
      "value": "deploy"
    },
    "system.github.launch_endpoint": {
      "value": "https://launch.actions.githubusercontent.com"
    },
    "system.github.results_endpoint": {
      "value": "https://results-receiver.actions.githubusercontent.com/"
    },
    "system.github.results_upload_with_sdk": {
      "value": "true"
    },
    "system.github.token": {
      "value": "***",
      "isSecret": true
    },
    "system.github.token.permissions": {
      "value": "{\"Contents\":\"read\",\"Metadata\":\"read\"}"
    },
    "system.orchestrationId": {
      "value": "be150f4a-8978-4043-9a51-aaa375952667.deploy.__***"
    },
    "system.phaseDisplayName": {
      "value": "deploy"
    },
    "system.runner.lowdiskspacethreshold": {
      "value": "100"
    },
    "system.runnerEnvironment": {
      "value": "self-hosted"
    },
    "system.runnerGroupName": {
      "value": "Default"
    }
  },
  "messageType": "RunnerJobRequest",
  "plan": {
    "scopeIdentifier": "00000000-0000-0000-0000-000000000000",
    "planType": "actions",
    "version": 0,
    "planId": "be150f4a-8978-4043-9a51-aaa375952667",
    "planGroup": null,
    "artifactUri": null,
    "artifactLocation": null,
    "definition": null,
    "owner": null
  },
  "timeline": {
    "id": "be150f4a-8978-4043-9a51-aaa375952667",
    "changeId": 0,
    "location": null
  },
  "jobId": "365449bc-f54e-5e9a-b0ce-8856d33cd74d",
  "jobDisplayName": "deploy",
  "jobName": "__***",
  "requestId": 0,
  "lockedUntil": "0001-01-01T00:00:00",
  "resources": {
    "endpoints": [
      {
        "data": {
          "ServerId": "",
          "ServerName": "",
          "CacheServerUrl": "https://artifactcache.actions.githubusercontent.com/8JPZzNWccmXB7pq2VFBusNDSXBCXxapWLLJA8jAevyJ7azicMC/",
          "FeedStreamUrl": "wss://results-receiver.actions.githubusercontent.com/_ws/ingest.sock",
          "ResultsServiceUrl": "https://results-receiver.actions.githubusercontent.com/",
          "PipelinesServiceUrl": "https://pipelinesghubeus24.actions.githubusercontent.com/8JPZzNWccmXB7pq2VFBusNDSXBCXxapWLLJA8jAevyJ7azicMC/",
          "GenerateIdTokenUrl": ""
        },
        "name": "SystemVssConnection",
        "url": "https://run-actions-3-azure-eastus.actions.githubusercontent.com/40/",
        "authorization": {
          "parameters": {
            "AccessToken": "***"
          },
          "scheme": "OAuth"
        },
        "isShared": false,
        "isReady": true
      }
    ]
  },
  "contextData": {
    "github": {
      "t": 2,
      "d": [
        {
          "k": "ref",
          "v": "refs/heads/main"
        },
        {
          "k": "sha",
          "v": "7aa8a3ef032a067197ce7b70e8f0e45d07fa08dd"
        },
        {
          "k": "repository",
          "v": "potinhek/Trabalho"
        },
        {
          "k": "repository_owner",
          "v": "potinhek"
        },
        {
          "k": "repository_owner_id",
          "v": "127362942"
        },
        {
          "k": "repositoryUrl",
          "v": "git://github.com/potinhek/Trabalho.git"
        },
        {
          "k": "run_id",
          "v": "19348910865"
        },
        {
          "k": "run_number",
          "v": "18"
        },
        {
          "k": "retention_days",
          "v": "90"
        },
        {
          "k": "run_attempt",
          "v": "1"
        },
        {
          "k": "artifact_cache_size_limit",
          "v": "10"
        },
        {
          "k": "repository_visibility",
          "v": "public"
        },
        {
          "k": "actor_id",
          "v": "127362942"
        },
        {
          "k": "actor",
          "v": "potinhek"
        },
        {
          "k": "workflow",
          "v": "CD - Deploy to Kubernetes (Self-Hosted)"
        },
        {
          "k": "head_ref",
          "v": ""
        },
        {
          "k": "base_ref",
          "v": ""
        },
        {
          "k": "event_name",
          "v": "workflow_run"
        },
        {
          "k": "server_url",
          "v": "https://github.com"
        },
        {
          "k": "api_url",
          "v": "https://api.github.com"
        },
        {
          "k": "graphql_url",
          "v": "https://api.github.com/graphql"
        },
        {
          "k": "ref_name",
          "v": "main"
        },
        {
          "k": "ref_protected",
          "v": false
        },
        {
          "k": "ref_type",
          "v": "branch"
        },
        {
          "k": "secret_source",
          "v": "Actions"
        },
        {
          "k": "event",
          "v": {
            "t": 2,
            "d": [
              {
                "k": "action",
                "v": "completed"
              },
              {
                "k": "repository",
                "v": {
                  "t": 2,
                  "d": [
                    {
                      "k": "allow_forking",
                      "v": true
                    },
                    {
                      "k": "archive_url",
                      "v": "https://api.github.com/repos/potinhek/Trabalho/{archive_format}{/ref}"
                    },
                    {
                      "k": "archived",
                      "v": false
                    },
                    {
                      "k": "assignees_url",
                      "v": "https://api.github.com/repos/potinhek/Trabalho/assignees{/user}"
                    },
                    {
                      "k": "blobs_url",
                      "v": "https://api.github.com/repos/potinhek/Trabalho/git/blobs{/sha}"
                    },
                    {
                      "k": "branches_url",
                      "v": "https://api.github.com/repos/potinhek/Trabalho/branches{/branch}"
                    },
                    {
                      "k": "clone_url",
                      "v": "https://github.com/potinhek/Trabalho.git"
                    },
                    {
                      "k": "collaborators_url",
                      "v": "https://api.github.com/repos/potinhek/Trabalho/collaborators{/collaborator}"
                    },
                    {
                      "k": "comments_url",
                      "v": "https://api.github.com/repos/potinhek/Trabalho/comments{/number}"
                    },
                    {
                      "k": "commits_url",
                      "v": "https://api.github.com/repos/potinhek/Trabalho/commits{/sha}"
                    },
                    {
                      "k": "compare_url",
                      "v": "https://api.github.com/repos/potinhek/Trabalho/compare/{base}...{head}"
                    },
                    {
                      "k": "contents_url",
                      "v": "https://api.github.com/repos/potinhek/Trabalho/contents/{+path}"
                    },
                    {
                      "k": "contributors_url",
                      "v": "https://api.github.com/repos/potinhek/Trabalho/contributors"
                    },
                    {
                      "k": "created_at",
                      "v": "2025-10-31T22:59:52Z"
                    },
                    {
                      "k": "***_branch",
                      "v": "main"
                    },
                    {
                      "k": "deployments_url",
                      "v": "https://api.github.com/repos/potinhek/Trabalho/deployments"
                    },
                    {
                      "k": "description",
                      "v": null
                    },
                    {
                      "k": "disabled",
                      "v": false
                    },
                    {
                      "k": "downloads_url",
                      "v": "https://api.github.com/repos/potinhek/Trabalho/downloads"
                    },
                    {
                      "k": "events_url",
                      "v": "https://api.github.com/repos/potinhek/Trabalho/events"
                    },
                    {
                      "k": "fork",
                      "v": false
                    },
                    {
                      "k": "forks",
                      "v": 0.0
                    },
                    {
                      "k": "forks_count",
                      "v": 0.0
                    },
                    {
                      "k": "forks_url",
                      "v": "https://api.github.com/repos/potinhek/Trabalho/forks"
                    },
                    {
                      "k": "full_name",
                      "v": "potinhek/Trabalho"
                    },
                    {
                      "k": "git_commits_url",
                      "v": "https://api.github.com/repos/potinhek/Trabalho/git/commits{/sha}"
                    },
                    {
                      "k": "git_refs_url",
                      "v": "https://api.github.com/repos/potinhek/Trabalho/git/refs{/sha}"
                    },
                    {
                      "k": "git_tags_url",
                      "v": "https://api.github.com/repos/potinhek/Trabalho/git/tags{/sha}"
                    },
                    {
                      "k": "git_url",
                      "v": "git://github.com/potinhek/Trabalho.git"
                    },
                    {
                      "k": "has_discussions",
                      "v": false
                    },
                    {
                      "k": "has_downloads",
                      "v": true
                    },
                    {
                      "k": "has_issues",
                      "v": true
                    },
                    {
                      "k": "has_pages",
                      "v": false
                    },
                    {
                      "k": "has_projects",
                      "v": true
                    },
                    {
                      "k": "has_wiki",
                      "v": true
                    },
                    {
                      "k": "homepage",
                      "v": null
                    },
                    {
                      "k": "hooks_url",
                      "v": "https://api.github.com/repos/potinhek/Trabalho/hooks"
                    },
                    {
                      "k": "html_url",
                      "v": "https://github.com/potinhek/Trabalho"
                    },
                    {
                      "k": "id",
                      "v": 1087436599.0
                    },
                    {
                      "k": "is_template",
                      "v": false
                    },
                    {
                      "k": "issue_comment_url",
                      "v": "https://api.github.com/repos/potinhek/Trabalho/issues/comments{/number}"
                    },
                    {
                      "k": "issue_events_url",
                      "v": "https://api.github.com/repos/potinhek/Trabalho/issues/events{/number}"
                    },
                    {
                      "k": "issues_url",
                      "v": "https://api.github.com/repos/potinhek/Trabalho/issues{/number}"
                    },
                    {
                      "k": "keys_url",
                      "v": "https://api.github.com/repos/potinhek/Trabalho/keys{/key_id}"
                    },
                    {
                      "k": "labels_url",
                      "v": "https://api.github.com/repos/potinhek/Trabalho/labels{/name}"
                    },
                    {
                      "k": "language",
                      "v": "JavaScript"
                    },
                    {
                      "k": "languages_url",
                      "v": "https://api.github.com/repos/potinhek/Trabalho/languages"
                    },
                    {
                      "k": "license",
                      "v": null
                    },
                    {
                      "k": "merges_url",
                      "v": "https://api.github.com/repos/potinhek/Trabalho/merges"
                    },
                    {
                      "k": "milestones_url",
                      "v": "https://api.github.com/repos/potinhek/Trabalho/milestones{/number}"
                    },
                    {
                      "k": "mirror_url",
                      "v": null
                    },
                    {
                      "k": "name",
                      "v": "Trabalho"
                    },
                    {
                      "k": "node_id",
                      "v": "R_kgDOQND3Nw"
                    },
                    {
                      "k": "notifications_url",
                      "v": "https://api.github.com/repos/potinhek/Trabalho/notifications{?since,all,participating}"
                    },
                    {
                      "k": "open_issues",
                      "v": 0.0
                    },
                    {
                      "k": "open_issues_count",
                      "v": 0.0
                    },
                    {
                      "k": "owner",
                      "v": {
                        "t": 2,
                        "d": [
                          {
                            "k": "avatar_url",
                            "v": "https://avatars.githubusercontent.com/u/127362942?v=4"
                          },
                          {
                            "k": "events_url",
                            "v": "https://api.github.com/users/potinhek/events{/privacy}"
                          },
                          {
                            "k": "followers_url",
                            "v": "https://api.github.com/users/potinhek/followers"
                          },
                          {
                            "k": "following_url",
                            "v": "https://api.github.com/users/potinhek/following{/other_user}"
                          },
                          {
                            "k": "gists_url",
                            "v": "https://api.github.com/users/potinhek/gists{/gist_id}"
                          },
                          {
                            "k": "gravatar_id",
                            "v": ""
                          },
                          {
                            "k": "html_url",
                            "v": "https://github.com/potinhek"
                          },
                          {
                            "k": "id",
                            "v": 127362942.0
                          },
                          {
                            "k": "login",
                            "v": "potinhek"
                          },
                          {
                            "k": "node_id",
                            "v": "U_kgDOB5dnfg"
                          },
                          {
                            "k": "organizations_url",
                            "v": "https://api.github.com/users/potinhek/orgs"
                          },
                          {
                            "k": "received_events_url",
                            "v": "https://api.github.com/users/potinhek/received_events"
                          },
                          {
                            "k": "repos_url",
                            "v": "https://api.github.com/users/potinhek/repos"
                          },
                          {
                            "k": "site_admin",
                            "v": false
                          },
                          {
                            "k": "starred_url",
                            "v": "https://api.github.com/users/potinhek/starred{/owner}{/repo}"
                          },
                          {
                            "k": "subscriptions_url",
                            "v": "https://api.github.com/users/potinhek/subscriptions"
                          },
                          {
                            "k": "type",
                            "v": "User"
                          },
                          {
                            "k": "url",
                            "v": "https://api.github.com/users/potinhek"
                          },
                          {
                            "k": "user_view_type",
                            "v": "public"
                          }
                        ]
                      }
                    },
                    {
                      "k": "private",
                      "v": false
                    },
                    {
                      "k": "pulls_url",
                      "v": "https://api.github.com/repos/potinhek/Trabalho/pulls{/number}"
                    },
                    {
                      "k": "pushed_at",
                      "v": "2025-11-13T23:18:58Z"
                    },
                    {
                      "k": "releases_url",
                      "v": "https://api.github.com/repos/potinhek/Trabalho/releases{/id}"
                    },
                    {
                      "k": "size",
                      "v": 194598.0
                    },
                    {
                      "k": "ssh_url",
                      "v": "git@github.com:potinhek/Trabalho.git"
                    },
                    {
                      "k": "stargazers_count",
                      "v": 0.0
                    },
                    {
                      "k": "stargazers_url",
                      "v": "https://api.github.com/repos/potinhek/Trabalho/stargazers"
                    },
                    {
                      "k": "statuses_url",
                      "v": "https://api.github.com/repos/potinhek/Trabalho/statuses/{sha}"
                    },
                    {
                      "k": "subscribers_url",
                      "v": "https://api.github.com/repos/potinhek/Trabalho/subscribers"
                    },
                    {
                      "k": "subscription_url",
                      "v": "https://api.github.com/repos/potinhek/Trabalho/subscription"
                    },
                    {
                      "k": "svn_url",
                      "v": "https://github.com/potinhek/Trabalho"
                    },
                    {
                      "k": "tags_url",
                      "v": "https://api.github.com/repos/potinhek/Trabalho/tags"
                    },
                    {
                      "k": "teams_url",
                      "v": "https://api.github.com/repos/potinhek/Trabalho/teams"
                    },
                    {
                      "k": "topics",
                      "v": {
                        "t": 1
                      }
                    },
                    {
                      "k": "trees_url",
                      "v": "https://api.github.com/repos/potinhek/Trabalho/git/trees{/sha}"
                    },
                    {
                      "k": "updated_at",
                      "v": "2025-11-13T23:19:02Z"
                    },
                    {
                      "k": "url",
                      "v": "https://api.github.com/repos/potinhek/Trabalho"
                    },
                    {
                      "k": "visibility",
                      "v": "public"
                    },
                    {
                      "k": "watchers",
                      "v": 0.0
                    },
                    {
                      "k": "watchers_count",
                      "v": 0.0
                    },
                    {
                      "k": "web_commit_signoff_required",
                      "v": false
                    }
                  ]
                }
              },
              {
                "k": "sender",
                "v": {
                  "t": 2,
                  "d": [
                    {
                      "k": "avatar_url",
                      "v": "https://avatars.githubusercontent.com/u/127362942?v=4"
                    },
                    {
                      "k": "events_url",
                      "v": "https://api.github.com/users/potinhek/events{/privacy}"
                    },
                    {
                      "k": "followers_url",
                      "v": "https://api.github.com/users/potinhek/followers"
                    },
                    {
                      "k": "following_url",
                      "v": "https://api.github.com/users/potinhek/following{/other_user}"
                    },
                    {
                      "k": "gists_url",
                      "v": "https://api.github.com/users/potinhek/gists{/gist_id}"
                    },
                    {
                      "k": "gravatar_id",
                      "v": ""
                    },
                    {
                      "k": "html_url",
                      "v": "https://github.com/potinhek"
                    },
                    {
                      "k": "id",
                      "v": 127362942.0
                    },
                    {
                      "k": "login",
                      "v": "potinhek"
                    },
                    {
                      "k": "node_id",
                      "v": "U_kgDOB5dnfg"
                    },
                    {
                      "k": "organizations_url",
                      "v": "https://api.github.com/users/potinhek/orgs"
                    },
                    {
                      "k": "received_events_url",
                      "v": "https://api.github.com/users/potinhek/received_events"
                    },
                    {
                      "k": "repos_url",
                      "v": "https://api.github.com/users/potinhek/repos"
                    },
                    {
                      "k": "site_admin",
                      "v": false
                    },
                    {
                      "k": "starred_url",
                      "v": "https://api.github.com/users/potinhek/starred{/owner}{/repo}"
                    },
                    {
                      "k": "subscriptions_url",
                      "v": "https://api.github.com/users/potinhek/subscriptions"
                    },
                    {
                      "k": "type",
                      "v": "User"
                    },
                    {
                      "k": "url",
                      "v": "https://api.github.com/users/potinhek"
                    },
                    {
                      "k": "user_view_type",
                      "v": "public"
                    }
                  ]
                }
              },
              {
                "k": "workflow",
                "v": {
                  "t": 2,
                  "d": [
                    {
                      "k": "badge_url",
                      "v": "https://github.com/potinhek/Trabalho/workflows/CI%20Build%20&%20Push%20Docker/badge.svg"
                    },
                    {
                      "k": "created_at",
                      "v": "2025-11-07T15:36:09.000Z"
                    },
                    {
                      "k": "html_url",
                      "v": "https://github.com/potinhek/Trabalho/blob/main/.github/workflows/ci.yml"
                    },
                    {
                      "k": "id",
                      "v": 204903889.0
                    },
                    {
                      "k": "name",
                      "v": "CI Build & Push Docker"
                    },
                    {
                      "k": "node_id",
                      "v": "W_kwDOQND3N84MNpXR"
                    },
                    {
                      "k": "path",
                      "v": ".github/workflows/ci.yml"
                    },
                    {
                      "k": "state",
                      "v": "active"
                    },
                    {
                      "k": "updated_at",
                      "v": "2025-11-12T19:08:49.000Z"
                    },
                    {
                      "k": "url",
                      "v": "https://api.github.com/repos/potinhek/Trabalho/actions/workflows/204903889"
                    }
                  ]
                }
              },
              {
                "k": "workflow_run",
                "v": {
                  "t": 2,
                  "d": [
                    {
                      "k": "actor",
                      "v": {
                        "t": 2,
                        "d": [
                          {
                            "k": "avatar_url",
                            "v": "https://avatars.githubusercontent.com/u/127362942?v=4"
                          },
                          {
                            "k": "events_url",
                            "v": "https://api.github.com/users/potinhek/events{/privacy}"
                          },
                          {
                            "k": "followers_url",
                            "v": "https://api.github.com/users/potinhek/followers"
                          },
                          {
                            "k": "following_url",
                            "v": "https://api.github.com/users/potinhek/following{/other_user}"
                          },
                          {
                            "k": "gists_url",
                            "v": "https://api.github.com/users/potinhek/gists{/gist_id}"
                          },
                          {
                            "k": "gravatar_id",
                            "v": ""
                          },
                          {
                            "k": "html_url",
                            "v": "https://github.com/potinhek"
                          },
                          {
                            "k": "id",
                            "v": 127362942.0
                          },
                          {
                            "k": "login",
                            "v": "potinhek"
                          },
                          {
                            "k": "node_id",
                            "v": "U_kgDOB5dnfg"
                          },
                          {
                            "k": "organizations_url",
                            "v": "https://api.github.com/users/potinhek/orgs"
                          },
                          {
                            "k": "received_events_url",
                            "v": "https://api.github.com/users/potinhek/received_events"
                          },
                          {
                            "k": "repos_url",
                            "v": "https://api.github.com/users/potinhek/repos"
                          },
                          {
                            "k": "site_admin",
                            "v": false
                          },
                          {
                            "k": "starred_url",
                            "v": "https://api.github.com/users/potinhek/starred{/owner}{/repo}"
                          },
                          {
                            "k": "subscriptions_url",
                            "v": "https://api.github.com/users/potinhek/subscriptions"
                          },
                          {
                            "k": "type",
                            "v": "User"
                          },
                          {
                            "k": "url",
                            "v": "https://api.github.com/users/potinhek"
                          },
                          {
                            "k": "user_view_type",
                            "v": "public"
                          }
                        ]
                      }
                    },
                    {
                      "k": "artifacts_url",
                      "v": "https://api.github.com/repos/potinhek/Trabalho/actions/runs/19348882924/artifacts"
                    },
                    {
                      "k": "cancel_url",
                      "v": "https://api.github.com/repos/potinhek/Trabalho/actions/runs/19348882924/cancel"
                    },
                    {
                      "k": "check_suite_id",
                      "v": 49873619870.0
                    },
                    {
                      "k": "check_suite_node_id",
                      "v": "CS_kwDOQND3N88AAAALnLMLng"
                    },
                    {
                      "k": "check_suite_url",
                      "v": "https://api.github.com/repos/potinhek/Trabalho/check-suites/49873619870"
                    },
                    {
                      "k": "conclusion",
                      "v": "success"
                    },
                    {
                      "k": "created_at",
                      "v": "2025-11-13T23:19:01Z"
                    },
                    {
                      "k": "display_title",
                      "v": "Adiciona workflows CI CD teste 1"
                    },
                    {
                      "k": "event",
                      "v": "push"
                    },
                    {
                      "k": "head_branch",
                      "v": "main"
                    },
                    {
                      "k": "head_commit",
                      "v": {
                        "t": 2,
                        "d": [
                          {
                            "k": "author",
                            "v": {
                              "t": 2,
                              "d": [
                                {
                                  "k": "email",
                                  "v": "jacksonpotinhek@gmail.com"
                                },
                                {
                                  "k": "name",
                                  "v": "jackson"
                                }
                              ]
                            }
                          },
                          {
                            "k": "committer",
                            "v": {
                              "t": 2,
                              "d": [
                                {
                                  "k": "email",
                                  "v": "jacksonpotinhek@gmail.com"
                                },
                                {
                                  "k": "name",
                                  "v": "jackson"
                                }
                              ]
                            }
                          },
                          {
                            "k": "id",
                            "v": "7aa8a3ef032a067197ce7b70e8f0e45d07fa08dd"
                          },
                          {
                            "k": "message",
                            "v": "Adiciona workflows CI CD teste 1"
                          },
                          {
                            "k": "timestamp",
                            "v": "2025-11-13T23:18:57Z"
                          },
                          {
                            "k": "tree_id",
                            "v": "f50a8dba4a744b8223870d66a62bf89db529f2a2"
                          }
                        ]
                      }
                    },
                    {
                      "k": "head_repository",
                      "v": {
                        "t": 2,
                        "d": [
                          {
                            "k": "archive_url",
                            "v": "https://api.github.com/repos/potinhek/Trabalho/{archive_format}{/ref}"
                          },
                          {
                            "k": "assignees_url",
                            "v": "https://api.github.com/repos/potinhek/Trabalho/assignees{/user}"
                          },
                          {
                            "k": "blobs_url",
                            "v": "https://api.github.com/repos/potinhek/Trabalho/git/blobs{/sha}"
                          },
                          {
                            "k": "branches_url",
                            "v": "https://api.github.com/repos/potinhek/Trabalho/branches{/branch}"
                          },
                          {
                            "k": "collaborators_url",
                            "v": "https://api.github.com/repos/potinhek/Trabalho/collaborators{/collaborator}"
                          },
                          {
                            "k": "comments_url",
                            "v": "https://api.github.com/repos/potinhek/Trabalho/comments{/number}"
                          },
                          {
                            "k": "commits_url",
                            "v": "https://api.github.com/repos/potinhek/Trabalho/commits{/sha}"
                          },
                          {
                            "k": "compare_url",
                            "v": "https://api.github.com/repos/potinhek/Trabalho/compare/{base}...{head}"
                          },
                          {
                            "k": "contents_url",
                            "v": "https://api.github.com/repos/potinhek/Trabalho/contents/{+path}"
                          },
                          {
                            "k": "contributors_url",
                            "v": "https://api.github.com/repos/potinhek/Trabalho/contributors"
                          },
                          {
                            "k": "deployments_url",
                            "v": "https://api.github.com/repos/potinhek/Trabalho/deployments"
                          },
                          {
                            "k": "description",
                            "v": null
                          },
                          {
                            "k": "downloads_url",
                            "v": "https://api.github.com/repos/potinhek/Trabalho/downloads"
                          },
                          {
                            "k": "events_url",
                            "v": "https://api.github.com/repos/potinhek/Trabalho/events"
                          },
                          {
                            "k": "fork",
                            "v": false
                          },
                          {
                            "k": "forks_url",
                            "v": "https://api.github.com/repos/potinhek/Trabalho/forks"
                          },
                          {
                            "k": "full_name",
                            "v": "potinhek/Trabalho"
                          },
                          {
                            "k": "git_commits_url",
                            "v": "https://api.github.com/repos/potinhek/Trabalho/git/commits{/sha}"
                          },
                          {
                            "k": "git_refs_url",
                            "v": "https://api.github.com/repos/potinhek/Trabalho/git/refs{/sha}"
                          },
                          {
                            "k": "git_tags_url",
                            "v": "https://api.github.com/repos/potinhek/Trabalho/git/tags{/sha}"
                          },
                          {
                            "k": "hooks_url",
                            "v": "https://api.github.com/repos/potinhek/Trabalho/hooks"
                          },
                          {
                            "k": "html_url",
                            "v": "https://github.com/potinhek/Trabalho"
                          },
                          {
                            "k": "id",
                            "v": 1087436599.0
                          },
                          {
                            "k": "issue_comment_url",
                            "v": "https://api.github.com/repos/potinhek/Trabalho/issues/comments{/number}"
                          },
                          {
                            "k": "issue_events_url",
                            "v": "https://api.github.com/repos/potinhek/Trabalho/issues/events{/number}"
                          },
                          {
                            "k": "issues_url",
                            "v": "https://api.github.com/repos/potinhek/Trabalho/issues{/number}"
                          },
                          {
                            "k": "keys_url",
                            "v": "https://api.github.com/repos/potinhek/Trabalho/keys{/key_id}"
                          },
                          {
                            "k": "labels_url",
                            "v": "https://api.github.com/repos/potinhek/Trabalho/labels{/name}"
                          },
                          {
                            "k": "languages_url",
                            "v": "https://api.github.com/repos/potinhek/Trabalho/languages"
                          },
                          {
                            "k": "merges_url",
                            "v": "https://api.github.com/repos/potinhek/Trabalho/merges"
                          },
                          {
                            "k": "milestones_url",
                            "v": "https://api.github.com/repos/potinhek/Trabalho/milestones{/number}"
                          },
                          {
                            "k": "name",
                            "v": "Trabalho"
                          },
                          {
                            "k": "node_id",
                            "v": "R_kgDOQND3Nw"
                          },
                          {
                            "k": "notifications_url",
                            "v": "https://api.github.com/repos/potinhek/Trabalho/notifications{?since,all,participating}"
                          },
                          {
                            "k": "owner",
                            "v": {
                              "t": 2,
                              "d": [
                                {
                                  "k": "avatar_url",
                                  "v": "https://avatars.githubusercontent.com/u/127362942?v=4"
                                },
                                {
                                  "k": "events_url",
                                  "v": "https://api.github.com/users/potinhek/events{/privacy}"
                                },
                                {
                                  "k": "followers_url",
                                  "v": "https://api.github.com/users/potinhek/followers"
                                },
                                {
                                  "k": "following_url",
                                  "v": "https://api.github.com/users/potinhek/following{/other_user}"
                                },
                                {
                                  "k": "gists_url",
                                  "v": "https://api.github.com/users/potinhek/gists{/gist_id}"
                                },
                                {
                                  "k": "gravatar_id",
                                  "v": ""
                                },
                                {
                                  "k": "html_url",
                                  "v": "https://github.com/potinhek"
                                },
                                {
                                  "k": "id",
                                  "v": 127362942.0
                                },
                                {
                                  "k": "login",
                                  "v": "potinhek"
                                },
                                {
                                  "k": "node_id",
                                  "v": "U_kgDOB5dnfg"
                                },
                                {
                                  "k": "organizations_url",
                                  "v": "https://api.github.com/users/potinhek/orgs"
                                },
                                {
                                  "k": "received_events_url",
                                  "v": "https://api.github.com/users/potinhek/received_events"
                                },
                                {
                                  "k": "repos_url",
                                  "v": "https://api.github.com/users/potinhek/repos"
                                },
                                {
                                  "k": "site_admin",
                                  "v": false
                                },
                                {
                                  "k": "starred_url",
                                  "v": "https://api.github.com/users/potinhek/starred{/owner}{/repo}"
                                },
                                {
                                  "k": "subscriptions_url",
                                  "v": "https://api.github.com/users/potinhek/subscriptions"
                                },
                                {
                                  "k": "type",
                                  "v": "User"
                                },
                                {
                                  "k": "url",
                                  "v": "https://api.github.com/users/potinhek"
                                },
                                {
                                  "k": "user_view_type",
                                  "v": "public"
                                }
                              ]
                            }
                          },
                          {
                            "k": "private",
                            "v": false
                          },
                          {
                            "k": "pulls_url",
                            "v": "https://api.github.com/repos/potinhek/Trabalho/pulls{/number}"
                          },
                          {
                            "k": "releases_url",
                            "v": "https://api.github.com/repos/potinhek/Trabalho/releases{/id}"
                          },
                          {
                            "k": "stargazers_url",
                            "v": "https://api.github.com/repos/potinhek/Trabalho/stargazers"
                          },
                          {
                            "k": "statuses_url",
                            "v": "https://api.github.com/repos/potinhek/Trabalho/statuses/{sha}"
                          },
                          {
                            "k": "subscribers_url",
                            "v": "https://api.github.com/repos/potinhek/Trabalho/subscribers"
                          },
                          {
                            "k": "subscription_url",
                            "v": "https://api.github.com/repos/potinhek/Trabalho/subscription"
                          },
                          {
                            "k": "tags_url",
                            "v": "https://api.github.com/repos/potinhek/Trabalho/tags"
                          },
                          {
                            "k": "teams_url",
                            "v": "https://api.github.com/repos/potinhek/Trabalho/teams"
                          },
                          {
                            "k": "trees_url",
                            "v": "https://api.github.com/repos/potinhek/Trabalho/git/trees{/sha}"
                          },
                          {
                            "k": "url",
                            "v": "https://api.github.com/repos/potinhek/Trabalho"
                          }
                        ]
                      }
                    },
                    {
                      "k": "head_sha",
                      "v": "7aa8a3ef032a067197ce7b70e8f0e45d07fa08dd"
                    },
                    {
                      "k": "html_url",
                      "v": "https://github.com/potinhek/Trabalho/actions/runs/19348882924"
                    },
                    {
                      "k": "id",
                      "v": 19348882924.0
                    },
                    {
                      "k": "jobs_url",
                      "v": "https://api.github.com/repos/potinhek/Trabalho/actions/runs/19348882924/jobs"
                    },
                    {
                      "k": "logs_url",
                      "v": "https://api.github.com/repos/potinhek/Trabalho/actions/runs/19348882924/logs"
                    },
                    {
                      "k": "name",
                      "v": "CI Build & Push Docker"
                    },
                    {
                      "k": "node_id",
                      "v": "WFR_kwLOQND3N88AAAAEgUiF7A"
                    },
                    {
                      "k": "path",
                      "v": ".github/workflows/ci.yml"
                    },
                    {
                      "k": "previous_attempt_url",
                      "v": null
                    },
                    {
                      "k": "pull_requests",
                      "v": {
                        "t": 1
                      }
                    },
                    {
                      "k": "referenced_workflows",
                      "v": {
                        "t": 1
                      }
                    },
                    {
                      "k": "repository",
                      "v": {
                        "t": 2,
                        "d": [
                          {
                            "k": "archive_url",
                            "v": "https://api.github.com/repos/potinhek/Trabalho/{archive_format}{/ref}"
                          },
                          {
                            "k": "assignees_url",
                            "v": "https://api.github.com/repos/potinhek/Trabalho/assignees{/user}"
                          },
                          {
                            "k": "blobs_url",
                            "v": "https://api.github.com/repos/potinhek/Trabalho/git/blobs{/sha}"
                          },
                          {
                            "k": "branches_url",
                            "v": "https://api.github.com/repos/potinhek/Trabalho/branches{/branch}"
                          },
                          {
                            "k": "collaborators_url",
                            "v": "https://api.github.com/repos/potinhek/Trabalho/collaborators{/collaborator}"
                          },
                          {
                            "k": "comments_url",
                            "v": "https://api.github.com/repos/potinhek/Trabalho/comments{/number}"
                          },
                          {
                            "k": "commits_url",
                            "v": "https://api.github.com/repos/potinhek/Trabalho/commits{/sha}"
                          },
                          {
                            "k": "compare_url",
                            "v": "https://api.github.com/repos/potinhek/Trabalho/compare/{base}...{head}"
                          },
                          {
                            "k": "contents_url",
                            "v": "https://api.github.com/repos/potinhek/Trabalho/contents/{+path}"
                          },
                          {
                            "k": "contributors_url",
                            "v": "https://api.github.com/repos/potinhek/Trabalho/contributors"
                          },
                          {
                            "k": "deployments_url",
                            "v": "https://api.github.com/repos/potinhek/Trabalho/deployments"
                          },
                          {
                            "k": "description",
                            "v": null
                          },
                          {
                            "k": "downloads_url",
                            "v": "https://api.github.com/repos/potinhek/Trabalho/downloads"
                          },
                          {
                            "k": "events_url",
                            "v": "https://api.github.com/repos/potinhek/Trabalho/events"
                          },
                          {
                            "k": "fork",
                            "v": false
                          },
                          {
                            "k": "forks_url",
                            "v": "https://api.github.com/repos/potinhek/Trabalho/forks"
                          },
                          {
                            "k": "full_name",
                            "v": "potinhek/Trabalho"
                          },
                          {
                            "k": "git_commits_url",
                            "v": "https://api.github.com/repos/potinhek/Trabalho/git/commits{/sha}"
                          },
                          {
                            "k": "git_refs_url",
                            "v": "https://api.github.com/repos/potinhek/Trabalho/git/refs{/sha}"
                          },
                          {
                            "k": "git_tags_url",
                            "v": "https://api.github.com/repos/potinhek/Trabalho/git/tags{/sha}"
                          },
                          {
                            "k": "hooks_url",
                            "v": "https://api.github.com/repos/potinhek/Trabalho/hooks"
                          },
                          {
                            "k": "html_url",
                            "v": "https://github.com/potinhek/Trabalho"
                          },
                          {
                            "k": "id",
                            "v": 1087436599.0
                          },
                          {
                            "k": "issue_comment_url",
                            "v": "https://api.github.com/repos/potinhek/Trabalho/issues/comments{/number}"
                          },
                          {
                            "k": "issue_events_url",
                            "v": "https://api.github.com/repos/potinhek/Trabalho/issues/events{/number}"
                          },
                          {
                            "k": "issues_url",
                            "v": "https://api.github.com/repos/potinhek/Trabalho/issues{/number}"
                          },
                          {
                            "k": "keys_url",
                            "v": "https://api.github.com/repos/potinhek/Trabalho/keys{/key_id}"
                          },
                          {
                            "k": "labels_url",
                            "v": "https://api.github.com/repos/potinhek/Trabalho/labels{/name}"
                          },
                          {
                            "k": "languages_url",
                            "v": "https://api.github.com/repos/potinhek/Trabalho/languages"
                          },
                          {
                            "k": "merges_url",
                            "v": "https://api.github.com/repos/potinhek/Trabalho/merges"
                          },
                          {
                            "k": "milestones_url",
                            "v": "https://api.github.com/repos/potinhek/Trabalho/milestones{/number}"
                          },
                          {
                            "k": "name",
                            "v": "Trabalho"
                          },
                          {
                            "k": "node_id",
                            "v": "R_kgDOQND3Nw"
                          },
                          {
                            "k": "notifications_url",
                            "v": "https://api.github.com/repos/potinhek/Trabalho/notifications{?since,all,participating}"
                          },
                          {
                            "k": "owner",
                            "v": {
                              "t": 2,
                              "d": [
                                {
                                  "k": "avatar_url",
                                  "v": "https://avatars.githubusercontent.com/u/127362942?v=4"
                                },
                                {
                                  "k": "events_url",
                                  "v": "https://api.github.com/users/potinhek/events{/privacy}"
                                },
                                {
                                  "k": "followers_url",
                                  "v": "https://api.github.com/users/potinhek/followers"
                                },
                                {
                                  "k": "following_url",
                                  "v": "https://api.github.com/users/potinhek/following{/other_user}"
                                },
                                {
                                  "k": "gists_url",
                                  "v": "https://api.github.com/users/potinhek/gists{/gist_id}"
                                },
                                {
                                  "k": "gravatar_id",
                                  "v": ""
                                },
                                {
                                  "k": "html_url",
                                  "v": "https://github.com/potinhek"
                                },
                                {
                                  "k": "id",
                                  "v": 127362942.0
                                },
                                {
                                  "k": "login",
                                  "v": "potinhek"
                                },
                                {
                                  "k": "node_id",
                                  "v": "U_kgDOB5dnfg"
                                },
                                {
                                  "k": "organizations_url",
                                  "v": "https://api.github.com/users/potinhek/orgs"
                                },
                                {
                                  "k": "received_events_url",
                                  "v": "https://api.github.com/users/potinhek/received_events"
                                },
                                {
                                  "k": "repos_url",
                                  "v": "https://api.github.com/users/potinhek/repos"
                                },
                                {
                                  "k": "site_admin",
                                  "v": false
                                },
                                {
                                  "k": "starred_url",
                                  "v": "https://api.github.com/users/potinhek/starred{/owner}{/repo}"
                                },
                                {
                                  "k": "subscriptions_url",
                                  "v": "https://api.github.com/users/potinhek/subscriptions"
                                },
                                {
                                  "k": "type",
                                  "v": "User"
                                },
                                {
                                  "k": "url",
                                  "v": "https://api.github.com/users/potinhek"
                                },
                                {
                                  "k": "user_view_type",
                                  "v": "public"
                                }
                              ]
                            }
                          },
                          {
                            "k": "private",
                            "v": false
                          },
                          {
                            "k": "pulls_url",
                            "v": "https://api.github.com/repos/potinhek/Trabalho/pulls{/number}"
                          },
                          {
                            "k": "releases_url",
                            "v": "https://api.github.com/repos/potinhek/Trabalho/releases{/id}"
                          },
                          {
                            "k": "stargazers_url",
                            "v": "https://api.github.com/repos/potinhek/Trabalho/stargazers"
                          },
                          {
                            "k": "statuses_url",
                            "v": "https://api.github.com/repos/potinhek/Trabalho/statuses/{sha}"
                          },
                          {
                            "k": "subscribers_url",
                            "v": "https://api.github.com/repos/potinhek/Trabalho/subscribers"
                          },
                          {
                            "k": "subscription_url",
                            "v": "https://api.github.com/repos/potinhek/Trabalho/subscription"
                          },
                          {
                            "k": "tags_url",
                            "v": "https://api.github.com/repos/potinhek/Trabalho/tags"
                          },
                          {
                            "k": "teams_url",
                            "v": "https://api.github.com/repos/potinhek/Trabalho/teams"
                          },
                          {
                            "k": "trees_url",
                            "v": "https://api.github.com/repos/potinhek/Trabalho/git/trees{/sha}"
                          },
                          {
                            "k": "url",
                            "v": "https://api.github.com/repos/potinhek/Trabalho"
                          }
                        ]
                      }
                    },
                    {
                      "k": "rerun_url",
                      "v": "https://api.github.com/repos/potinhek/Trabalho/actions/runs/19348882924/rerun"
                    },
                    {
                      "k": "run_attempt",
                      "v": 1.0
                    },
                    {
                      "k": "run_number",
                      "v": 28.0
                    },
                    {
                      "k": "run_started_at",
                      "v": "2025-11-13T23:19:01Z"
                    },
                    {
                      "k": "status",
                      "v": "completed"
                    },
                    {
                      "k": "triggering_actor",
                      "v": {
                        "t": 2,
                        "d": [
                          {
                            "k": "avatar_url",
                            "v": "https://avatars.githubusercontent.com/u/127362942?v=4"
                          },
                          {
                            "k": "events_url",
                            "v": "https://api.github.com/users/potinhek/events{/privacy}"
                          },
                          {
                            "k": "followers_url",
                            "v": "https://api.github.com/users/potinhek/followers"
                          },
                          {
                            "k": "following_url",
                            "v": "https://api.github.com/users/potinhek/following{/other_user}"
                          },
                          {
                            "k": "gists_url",
                            "v": "https://api.github.com/users/potinhek/gists{/gist_id}"
                          },
                          {
                            "k": "gravatar_id",
                            "v": ""
                          },
                          {
                            "k": "html_url",
                            "v": "https://github.com/potinhek"
                          },
                          {
                            "k": "id",
                            "v": 127362942.0
                          },
                          {
                            "k": "login",
                            "v": "potinhek"
                          },
                          {
                            "k": "node_id",
                            "v": "U_kgDOB5dnfg"
                          },
                          {
                            "k": "organizations_url",
                            "v": "https://api.github.com/users/potinhek/orgs"
                          },
                          {
                            "k": "received_events_url",
                            "v": "https://api.github.com/users/potinhek/received_events"
                          },
                          {
                            "k": "repos_url",
                            "v": "https://api.github.com/users/potinhek/repos"
                          },
                          {
                            "k": "site_admin",
                            "v": false
                          },
                          {
                            "k": "starred_url",
                            "v": "https://api.github.com/users/potinhek/starred{/owner}{/repo}"
                          },
                          {
                            "k": "subscriptions_url",
                            "v": "https://api.github.com/users/potinhek/subscriptions"
                          },
                          {
                            "k": "type",
                            "v": "User"
                          },
                          {
                            "k": "url",
                            "v": "https://api.github.com/users/potinhek"
                          },
                          {
                            "k": "user_view_type",
                            "v": "public"
                          }
                        ]
                      }
                    },
                    {
                      "k": "updated_at",
                      "v": "2025-11-13T23:20:25Z"
                    },
                    {
                      "k": "url",
                      "v": "https://api.github.com/repos/potinhek/Trabalho/actions/runs/19348882924"
                    },
                    {
                      "k": "workflow_id",
                      "v": 204903889.0
                    },
                    {
                      "k": "workflow_url",
                      "v": "https://api.github.com/repos/potinhek/Trabalho/actions/workflows/204903889"
                    }
                  ]
                }
              }
            ]
          }
        },
        {
          "k": "workflow_ref",
          "v": "potinhek/Trabalho/.github/workflows/cd.yml@refs/heads/main"
        },
        {
          "k": "workflow_sha",
          "v": "7aa8a3ef032a067197ce7b70e8f0e45d07fa08dd"
        },
        {
          "k": "repository_id",
          "v": "1087436599"
        },
        {
          "k": "triggering_actor",
          "v": "potinhek"
        }
      ]
    },
    "inputs": {
      "t": 2
    },
    "job": {
      "t": 2,
      "d": [
        {
          "k": "check_run_id",
          "v": 55356045511.0
        }
      ]
    },
    "matrix": null,
    "needs": {
      "t": 2
    },
    "strategy": {
      "t": 2,
      "d": [
        {
          "k": "fail-fast",
          "v": true
        },
        {
          "k": "job-index",
          "v": 0.0
        },
        {
          "k": "job-total",
          "v": 1.0
        },
        {
          "k": "max-parallel",
          "v": 1.0
        }
      ]
    },
    "vars": {
      "t": 2
    }
  },
  "actionsEnvironment": {
    "name": "production",
    "url": null
  },
  "billingOwnerId": "U_kgDOB5dnfg"
}
[2025-11-13 23:20:36Z INFO JobRunner] Job ID 365449bc-f54e-5e9a-b0ce-8856d33cd74d
[2025-11-13 23:20:36Z INFO ConfigurationStore] currentAssemblyLocation: C:\Trabalho\actions-runner\bin\Runner.Worker.dll
[2025-11-13 23:20:36Z INFO HostContext] Well known directory 'Bin': 'C:\Trabalho\actions-runner\bin'
[2025-11-13 23:20:36Z INFO ConfigurationStore] binPath: C:\Trabalho\actions-runner\bin
[2025-11-13 23:20:36Z INFO HostContext] Well known directory 'Bin': 'C:\Trabalho\actions-runner\bin'
[2025-11-13 23:20:36Z INFO HostContext] Well known directory 'Root': 'C:\Trabalho\actions-runner'
[2025-11-13 23:20:36Z INFO ConfigurationStore] RootFolder: C:\Trabalho\actions-runner
[2025-11-13 23:20:36Z INFO HostContext] Well known directory 'Bin': 'C:\Trabalho\actions-runner\bin'
[2025-11-13 23:20:36Z INFO HostContext] Well known directory 'Root': 'C:\Trabalho\actions-runner'
[2025-11-13 23:20:36Z INFO HostContext] Well known config file 'Runner': 'C:\Trabalho\actions-runner\.runner'
[2025-11-13 23:20:36Z INFO ConfigurationStore] ConfigFilePath: C:\Trabalho\actions-runner\.runner
[2025-11-13 23:20:36Z INFO HostContext] Well known directory 'Bin': 'C:\Trabalho\actions-runner\bin'
[2025-11-13 23:20:36Z INFO HostContext] Well known directory 'Root': 'C:\Trabalho\actions-runner'
[2025-11-13 23:20:36Z INFO HostContext] Well known config file 'MigratedRunner': 'C:\Trabalho\actions-runner\.runner_migrated'
[2025-11-13 23:20:36Z INFO ConfigurationStore] MigratedConfigFilePath: C:\Trabalho\actions-runner\.runner_migrated
[2025-11-13 23:20:36Z INFO HostContext] Well known directory 'Bin': 'C:\Trabalho\actions-runner\bin'
[2025-11-13 23:20:36Z INFO HostContext] Well known directory 'Root': 'C:\Trabalho\actions-runner'
[2025-11-13 23:20:36Z INFO HostContext] Well known config file 'Credentials': 'C:\Trabalho\actions-runner\.credentials'
[2025-11-13 23:20:36Z INFO ConfigurationStore] CredFilePath: C:\Trabalho\actions-runner\.credentials
[2025-11-13 23:20:36Z INFO HostContext] Well known directory 'Bin': 'C:\Trabalho\actions-runner\bin'
[2025-11-13 23:20:36Z INFO HostContext] Well known directory 'Root': 'C:\Trabalho\actions-runner'
[2025-11-13 23:20:36Z INFO HostContext] Well known config file 'MigratedCredentials': 'C:\Trabalho\actions-runner\.credentials_migrated'
[2025-11-13 23:20:36Z INFO ConfigurationStore] MigratedCredFilePath: C:\Trabalho\actions-runner\.credentials_migrated
[2025-11-13 23:20:36Z INFO HostContext] Well known directory 'Bin': 'C:\Trabalho\actions-runner\bin'
[2025-11-13 23:20:36Z INFO HostContext] Well known directory 'Root': 'C:\Trabalho\actions-runner'
[2025-11-13 23:20:36Z INFO HostContext] Well known config file 'Service': 'C:\Trabalho\actions-runner\.service'
[2025-11-13 23:20:36Z INFO ConfigurationStore] ServiceConfigFilePath: C:\Trabalho\actions-runner\.service
[2025-11-13 23:20:36Z INFO ConfigurationStore] Read setting file: 389 chars
[2025-11-13 23:20:36Z INFO JobRunner] Initializing launch client
[2025-11-13 23:20:36Z INFO JobServerQueue] Initializing results client
[2025-11-13 23:20:36Z INFO ResultServer] Creating websocket client ...wss://results-receiver.actions.githubusercontent.com/_ws/ingest.sock
[2025-11-13 23:20:36Z INFO ResultServer] Attempting to start websocket client with delay 00:00:00.
[2025-11-13 23:20:36Z INFO JobServerQueue] Start process web console line queue.
[2025-11-13 23:20:36Z INFO JobServerQueue] Start process file upload queue.
[2025-11-13 23:20:36Z INFO JobServerQueue] Start results file upload queue.
[2025-11-13 23:20:36Z INFO JobServerQueue] Starting results-based upload queue...
[2025-11-13 23:20:36Z INFO JobServerQueue] Start process timeline update queue.
[2025-11-13 23:20:36Z INFO ExecutionContext] Initializing Job context
[2025-11-13 23:20:36Z INFO ExecutionContext] Initialize GitHub context
[2025-11-13 23:20:36Z INFO ExecutionContext] Initialize Env context
[2025-11-13 23:20:36Z INFO HostContext] Well known directory 'Bin': 'C:\Trabalho\actions-runner\bin'
[2025-11-13 23:20:36Z INFO HostContext] Well known directory 'Root': 'C:\Trabalho\actions-runner'
[2025-11-13 23:20:36Z INFO HostContext] Well known directory 'Diag': 'C:\Trabalho\actions-runner\_diag'
[2025-11-13 23:20:36Z INFO HostContext] Well known directory 'Bin': 'C:\Trabalho\actions-runner\bin'
[2025-11-13 23:20:36Z INFO HostContext] Well known directory 'Root': 'C:\Trabalho\actions-runner'
[2025-11-13 23:20:36Z INFO HostContext] Well known directory 'Diag': 'C:\Trabalho\actions-runner\_diag'
[2025-11-13 23:20:36Z INFO JobRunner] Starting the job execution context.
[2025-11-13 23:20:36Z INFO HostContext] Well known directory 'Bin': 'C:\Trabalho\actions-runner\bin'
[2025-11-13 23:20:36Z INFO HostContext] Well known directory 'Root': 'C:\Trabalho\actions-runner'
[2025-11-13 23:20:36Z INFO HostContext] Well known directory 'Work': 'C:\Trabalho\actions-runner\_work'
[2025-11-13 23:20:36Z INFO JobRunner] Validating directory permissions for: 'C:\Trabalho\actions-runner\_work'
[2025-11-13 23:20:36Z INFO HostContext] Well known directory 'Bin': 'C:\Trabalho\actions-runner\bin'
[2025-11-13 23:20:36Z INFO HostContext] Well known directory 'Root': 'C:\Trabalho\actions-runner'
[2025-11-13 23:20:36Z INFO HostContext] Well known directory 'Work': 'C:\Trabalho\actions-runner\_work'
[2025-11-13 23:20:36Z INFO HostContext] Well known directory 'Tools': 'C:\Trabalho\actions-runner\_work\_tool'
[2025-11-13 23:20:36Z INFO HostContext] Well known directory 'Bin': 'C:\Trabalho\actions-runner\bin'
[2025-11-13 23:20:36Z INFO HostContext] Well known directory 'Root': 'C:\Trabalho\actions-runner'
[2025-11-13 23:20:36Z INFO HostContext] Well known directory 'Work': 'C:\Trabalho\actions-runner\_work'
[2025-11-13 23:20:36Z INFO HostContext] Well known directory 'Temp': 'C:\Trabalho\actions-runner\_work\_temp'
[2025-11-13 23:20:36Z INFO JobRunner] Getting job extension.
[2025-11-13 23:20:36Z INFO JobRunner] Initialize job. Getting all job steps.
[2025-11-13 23:20:36Z INFO HostContext] Well known directory 'Bin': 'C:\Trabalho\actions-runner\bin'
[2025-11-13 23:20:36Z INFO HostContext] Well known directory 'Root': 'C:\Trabalho\actions-runner'
[2025-11-13 23:20:36Z INFO HostContext] Well known directory 'Diag': 'C:\Trabalho\actions-runner\_diag'
[2025-11-13 23:20:36Z INFO HostContext] Well known directory 'Bin': 'C:\Trabalho\actions-runner\bin'
[2025-11-13 23:20:36Z INFO HostContext] Well known directory 'Root': 'C:\Trabalho\actions-runner'
[2025-11-13 23:20:36Z INFO HostContext] Well known directory 'Diag': 'C:\Trabalho\actions-runner\_diag'
[2025-11-13 23:20:36Z INFO HostContext] Well known directory 'Bin': 'C:\Trabalho\actions-runner\bin'
[2025-11-13 23:20:36Z INFO HostContext] Well known directory 'Root': 'C:\Trabalho\actions-runner'
[2025-11-13 23:20:36Z INFO HostContext] Well known config file 'Credentials': 'C:\Trabalho\actions-runner\.credentials'
[2025-11-13 23:20:36Z INFO HostContext] Well known directory 'Bin': 'C:\Trabalho\actions-runner\bin'
[2025-11-13 23:20:36Z INFO HostContext] Well known directory 'Root': 'C:\Trabalho\actions-runner'
[2025-11-13 23:20:36Z INFO HostContext] Well known config file 'SetupInfo': 'C:\Trabalho\actions-runner\.setup_info'
[2025-11-13 23:20:36Z INFO HostContext] Well known directory 'Bin': 'C:\Trabalho\actions-runner\bin'
[2025-11-13 23:20:36Z INFO HostContext] Well known directory 'Root': 'C:\Trabalho\actions-runner'
[2025-11-13 23:20:36Z INFO HostContext] Well known directory 'Work': 'C:\Trabalho\actions-runner\_work'
[2025-11-13 23:20:36Z INFO PipelineDirectoryManager] Loading tracking config if exists: C:\Trabalho\actions-runner\_work\_PipelineMapping\potinhek/Trabalho\PipelineFolder.json
[2025-11-13 23:20:36Z INFO PipelineDirectoryManager] Updating job run properties.
[2025-11-13 23:20:36Z INFO HostContext] Well known directory 'Bin': 'C:\Trabalho\actions-runner\bin'
[2025-11-13 23:20:36Z INFO HostContext] Well known directory 'Root': 'C:\Trabalho\actions-runner'
[2025-11-13 23:20:36Z INFO HostContext] Well known directory 'Work': 'C:\Trabalho\actions-runner\_work'
[2025-11-13 23:20:36Z INFO HostContext] Well known directory 'Bin': 'C:\Trabalho\actions-runner\bin'
[2025-11-13 23:20:36Z INFO HostContext] Well known directory 'Root': 'C:\Trabalho\actions-runner'
[2025-11-13 23:20:36Z INFO HostContext] Well known directory 'Work': 'C:\Trabalho\actions-runner\_work'
[2025-11-13 23:20:36Z INFO HostContext] Well known directory 'Bin': 'C:\Trabalho\actions-runner\bin'
[2025-11-13 23:20:36Z INFO HostContext] Well known directory 'Root': 'C:\Trabalho\actions-runner'
[2025-11-13 23:20:36Z INFO HostContext] Well known directory 'Work': 'C:\Trabalho\actions-runner\_work'
[2025-11-13 23:20:36Z INFO JobExtension] Downloading actions
[2025-11-13 23:20:36Z INFO HostContext] Well known directory 'Bin': 'C:\Trabalho\actions-runner\bin'
[2025-11-13 23:20:36Z INFO HostContext] Well known directory 'Root': 'C:\Trabalho\actions-runner'
[2025-11-13 23:20:36Z INFO HostContext] Well known directory 'Work': 'C:\Trabalho\actions-runner\_work'
[2025-11-13 23:20:36Z INFO HostContext] Well known directory 'Actions': 'C:\Trabalho\actions-runner\_work\_actions'
[2025-11-13 23:20:36Z INFO Worker] Listening for cancel message from the channel.
[2025-11-13 23:20:36Z INFO Worker] Waiting for the job to complete or for a cancel message from the channel.
[2025-11-13 23:20:37Z INFO ResultServer] Successfully started websocket client.
[2025-11-13 23:20:37Z INFO JobServerQueue] Try to append 1 batches web console lines for record 'd2fecf22-3c31-49b1-92ff-643ada3f9880', success rate: 1/1.
[2025-11-13 23:20:37Z INFO HostContext] Well known directory 'Bin': 'C:\Trabalho\actions-runner\bin'
[2025-11-13 23:20:37Z INFO HostContext] Well known directory 'Root': 'C:\Trabalho\actions-runner'
[2025-11-13 23:20:37Z INFO HostContext] Well known directory 'Work': 'C:\Trabalho\actions-runner\_work'
[2025-11-13 23:20:37Z INFO HostContext] Well known directory 'Actions': 'C:\Trabalho\actions-runner\_work\_actions'
[2025-11-13 23:20:37Z INFO HostContext] Well known directory 'Bin': 'C:\Trabalho\actions-runner\bin'
[2025-11-13 23:20:37Z INFO HostContext] Well known directory 'Root': 'C:\Trabalho\actions-runner'
[2025-11-13 23:20:37Z INFO HostContext] Well known directory 'Work': 'C:\Trabalho\actions-runner\_work'
[2025-11-13 23:20:37Z INFO HostContext] Well known directory 'Actions': 'C:\Trabalho\actions-runner\_work\_actions'
[2025-11-13 23:20:37Z INFO ActionManager] Save archive 'https://api.github.com/repos/actions/checkout/zipball/08eba0b27e820071cde6df949e0beb9ba4906955' into C:\Trabalho\actions-runner\_work\_actions\_temp_983c3b2f-4f11-4de3-96d4-3c14eafd1372\ceab3202-65e0-4b30-8cb2-2854876ea510.zip.
[2025-11-13 23:20:37Z INFO JobServerQueue] Job timeline record has been updated for the first time.
[2025-11-13 23:20:37Z INFO JobServerQueue] Try to append 1 batches web console lines for record 'd2fecf22-3c31-49b1-92ff-643ada3f9880', success rate: 1/1.
[2025-11-13 23:20:38Z INFO ActionManager] Request URL: https://api.github.com/repos/actions/checkout/zipball/08eba0b27e820071cde6df949e0beb9ba4906955 X-GitHub-Request-Id: 062D:2153BF:D5DC7:2768F3:691667C2 Http Status: OK
[2025-11-13 23:20:38Z INFO ActionManager] Finished getting action repository.
[2025-11-13 23:20:38Z INFO HostContext] Well known directory 'Bin': 'C:\Trabalho\actions-runner\bin'
[2025-11-13 23:20:38Z INFO HostContext] Well known directory 'Root': 'C:\Trabalho\actions-runner'
[2025-11-13 23:20:38Z INFO HostContext] Well known directory 'Work': 'C:\Trabalho\actions-runner\_work'
[2025-11-13 23:20:38Z INFO HostContext] Well known directory 'Actions': 'C:\Trabalho\actions-runner\_work\_actions'
[2025-11-13 23:20:38Z INFO ActionManifestManager] Load schema file with definitions: [
  "null",
  "boolean",
  "number",
  "string",
  "sequence",
  "mapping",
  "any",
  "action-root",
  "inputs",
  "input",
  "outputs",
  "output-definition",
  "runs",
  "container-runs",
  "container-runs-args",
  "container-runs-env",
  "node-runs",
  "plugin-runs",
  "composite-runs",
  "composite-steps",
  "composite-step",
  "run-step",
  "uses-step",
  "container-runs-context",
  "output-value",
  "input-***-context",
  "non-empty-string",
  "string-steps-context",
  "boolean-steps-context",
  "step-env",
  "step-if",
  "step-with"
]
[2025-11-13 23:20:38Z INFO HostContext] Well known directory 'Bin': 'C:\Trabalho\actions-runner\bin'
[2025-11-13 23:20:38Z INFO HostContext] Well known directory 'Root': 'C:\Trabalho\actions-runner'
[2025-11-13 23:20:38Z INFO HostContext] Well known directory 'Work': 'C:\Trabalho\actions-runner\_work'
[2025-11-13 23:20:38Z INFO HostContext] Well known directory 'Actions': 'C:\Trabalho\actions-runner\_work\_actions'
[2025-11-13 23:20:38Z INFO ActionManifestManager] Loaded action.yml file: {
  "name": "Checkout",
  "description": "Checkout a Git repository at a particular version",
  "inputs": {
    "type": 2,
    "map": [
      {
        "key": {
          "type": 0,
          "file": 2,
          "line": 4,
          "col": 3,
          "lit": "repository"
        },
        "value": {
          "type": 3,
          "file": 2,
          "line": 6,
          "col": 14,
          "expr": "github.repository"
        }
      },
      {
        "key": {
          "type": 0,
          "file": 2,
          "line": 7,
          "col": 3,
          "lit": "ref"
        },
        "value": ""
      },
      {
        "key": {
          "type": 0,
          "file": 2,
          "line": 12,
          "col": 3,
          "lit": "token"
        },
        "value": {
          "type": 3,
          "file": 2,
          "line": 24,
          "col": 14,
          "expr": "github.token"
        }
      },
      {
        "key": {
          "type": 0,
          "file": 2,
          "line": 25,
          "col": 3,
          "lit": "ssh-key"
        },
        "value": ""
      },
      {
        "key": {
          "type": 0,
          "file": 2,
          "line": 37,
          "col": 3,
          "lit": "ssh-known-hosts"
        },
        "value": ""
      },
      {
        "key": {
          "type": 0,
          "file": 2,
          "line": 42,
          "col": 3,
          "lit": "ssh-strict"
        },
        "value": {
          "type": 0,
          "file": 2,
          "line": 47,
          "col": 14,
          "lit": "true"
        }
      },
      {
        "key": {
          "type": 0,
          "file": 2,
          "line": 48,
          "col": 3,
          "lit": "ssh-user"
        },
        "value": {
          "type": 0,
          "file": 2,
          "line": 51,
          "col": 14,
          "lit": "git"
        }
      },
      {
        "key": {
          "type": 0,
          "file": 2,
          "line": 52,
          "col": 3,
          "lit": "persist-credentials"
        },
        "value": {
          "type": 0,
          "file": 2,
          "line": 54,
          "col": 14,
          "lit": "true"
        }
      },
      {
        "key": {
          "type": 0,
          "file": 2,
          "line": 55,
          "col": 3,
          "lit": "path"
        },
        "value": ""
      },
      {
        "key": {
          "type": 0,
          "file": 2,
          "line": 57,
          "col": 3,
          "lit": "clean"
        },
        "value": {
          "type": 0,
          "file": 2,
          "line": 59,
          "col": 14,
          "lit": "true"
        }
      },
      {
        "key": {
          "type": 0,
          "file": 2,
          "line": 60,
          "col": 3,
          "lit": "filter"
        },
        "value": {
          "type": 0,
          "file": 2,
          "line": 64,
          "col": 14,
          "lit": ""
        }
      },
      {
        "key": {
          "type": 0,
          "file": 2,
          "line": 65,
          "col": 3,
          "lit": "sparse-checkout"
        },
        "value": {
          "type": 0,
          "file": 2,
          "line": 69,
          "col": 14,
          "lit": ""
        }
      },
      {
        "key": {
          "type": 0,
          "file": 2,
          "line": 70,
          "col": 3,
          "lit": "sparse-checkout-cone-mode"
        },
        "value": {
          "type": 0,
          "file": 2,
          "line": 73,
          "col": 14,
          "lit": "true"
        }
      },
      {
        "key": {
          "type": 0,
          "file": 2,
          "line": 74,
          "col": 3,
          "lit": "fetch-depth"
        },
        "value": {
          "type": 0,
          "file": 2,
          "line": 76,
          "col": 14,
          "lit": "1"
        }
      },
      {
        "key": {
          "type": 0,
          "file": 2,
          "line": 77,
          "col": 3,
          "lit": "fetch-tags"
        },
        "value": {
          "type": 0,
          "file": 2,
          "line": 79,
          "col": 14,
          "lit": "false"
        }
      },
      {
        "key": {
          "type": 0,
          "file": 2,
          "line": 80,
          "col": 3,
          "lit": "show-progress"
        },
        "value": {
          "type": 0,
          "file": 2,
          "line": 82,
          "col": 14,
          "lit": "true"
        }
      },
      {
        "key": {
          "type": 0,
          "file": 2,
          "line": 83,
          "col": 3,
          "lit": "lfs"
        },
        "value": {
          "type": 0,
          "file": 2,
          "line": 85,
          "col": 14,
          "lit": "false"
        }
      },
      {
        "key": {
          "type": 0,
          "file": 2,
          "line": 86,
          "col": 3,
          "lit": "submodules"
        },
        "value": {
          "type": 0,
          "file": 2,
          "line": 94,
          "col": 14,
          "lit": "false"
        }
      },
      {
        "key": {
          "type": 0,
          "file": 2,
          "line": 95,
          "col": 3,
          "lit": "set-safe-directory"
        },
        "value": {
          "type": 0,
          "file": 2,
          "line": 97,
          "col": 14,
          "lit": "true"
        }
      },
      {
        "key": {
          "type": 0,
          "file": 2,
          "line": 98,
          "col": 3,
          "lit": "github-server-url"
        },
        "value": ""
      }
    ]
  },
  "execution": {
    "executionType": "nodeJS",
    "hasPre": false,
    "hasPost": true,
    "script": "dist/index.js",
    "pre": null,
    "post": "dist/index.js",
    "nodeVersion": "node20",
    "cleanupCondition": "always()",
    "initCondition": "always()"
  },
  "deprecated": null
}
[2025-11-13 23:20:38Z INFO ActionManager] Action node.js file: dist/index.js, no more preparation.
[2025-11-13 23:20:38Z INFO HostContext] Well known directory 'Bin': 'C:\Trabalho\actions-runner\bin'
[2025-11-13 23:20:38Z INFO HostContext] Well known directory 'Root': 'C:\Trabalho\actions-runner'
[2025-11-13 23:20:38Z INFO HostContext] Well known directory 'Work': 'C:\Trabalho\actions-runner\_work'
[2025-11-13 23:20:38Z INFO HostContext] Well known directory 'Actions': 'C:\Trabalho\actions-runner\_work\_actions'
[2025-11-13 23:20:38Z INFO ActionManager] Load action that reference repository from 'C:\Trabalho\actions-runner\_work\_actions\actions\checkout\v4'
[2025-11-13 23:20:38Z INFO HostContext] Well known directory 'Bin': 'C:\Trabalho\actions-runner\bin'
[2025-11-13 23:20:38Z INFO HostContext] Well known directory 'Root': 'C:\Trabalho\actions-runner'
[2025-11-13 23:20:38Z INFO HostContext] Well known directory 'Work': 'C:\Trabalho\actions-runner\_work'
[2025-11-13 23:20:38Z INFO HostContext] Well known directory 'Actions': 'C:\Trabalho\actions-runner\_work\_actions'
[2025-11-13 23:20:39Z INFO ActionManifestManager] Loaded action.yml file: {
  "name": "Checkout",
  "description": "Checkout a Git repository at a particular version",
  "inputs": {
    "type": 2,
    "map": [
      {
        "key": {
          "type": 0,
          "file": 2,
          "line": 4,
          "col": 3,
          "lit": "repository"
        },
        "value": {
          "type": 3,
          "file": 2,
          "line": 6,
          "col": 14,
          "expr": "github.repository"
        }
      },
      {
        "key": {
          "type": 0,
          "file": 2,
          "line": 7,
          "col": 3,
          "lit": "ref"
        },
        "value": ""
      },
      {
        "key": {
          "type": 0,
          "file": 2,
          "line": 12,
          "col": 3,
          "lit": "token"
        },
        "value": {
          "type": 3,
          "file": 2,
          "line": 24,
          "col": 14,
          "expr": "github.token"
        }
      },
      {
        "key": {
          "type": 0,
          "file": 2,
          "line": 25,
          "col": 3,
          "lit": "ssh-key"
        },
        "value": ""
      },
      {
        "key": {
          "type": 0,
          "file": 2,
          "line": 37,
          "col": 3,
          "lit": "ssh-known-hosts"
        },
        "value": ""
      },
      {
        "key": {
          "type": 0,
          "file": 2,
          "line": 42,
          "col": 3,
          "lit": "ssh-strict"
        },
        "value": {
          "type": 0,
          "file": 2,
          "line": 47,
          "col": 14,
          "lit": "true"
        }
      },
      {
        "key": {
          "type": 0,
          "file": 2,
          "line": 48,
          "col": 3,
          "lit": "ssh-user"
        },
        "value": {
          "type": 0,
          "file": 2,
          "line": 51,
          "col": 14,
          "lit": "git"
        }
      },
      {
        "key": {
          "type": 0,
          "file": 2,
          "line": 52,
          "col": 3,
          "lit": "persist-credentials"
        },
        "value": {
          "type": 0,
          "file": 2,
          "line": 54,
          "col": 14,
          "lit": "true"
        }
      },
      {
        "key": {
          "type": 0,
          "file": 2,
          "line": 55,
          "col": 3,
          "lit": "path"
        },
        "value": ""
      },
      {
        "key": {
          "type": 0,
          "file": 2,
          "line": 57,
          "col": 3,
          "lit": "clean"
        },
        "value": {
          "type": 0,
          "file": 2,
          "line": 59,
          "col": 14,
          "lit": "true"
        }
      },
      {
        "key": {
          "type": 0,
          "file": 2,
          "line": 60,
          "col": 3,
          "lit": "filter"
        },
        "value": {
          "type": 0,
          "file": 2,
          "line": 64,
          "col": 14,
          "lit": ""
        }
      },
      {
        "key": {
          "type": 0,
          "file": 2,
          "line": 65,
          "col": 3,
          "lit": "sparse-checkout"
        },
        "value": {
          "type": 0,
          "file": 2,
          "line": 69,
          "col": 14,
          "lit": ""
        }
      },
      {
        "key": {
          "type": 0,
          "file": 2,
          "line": 70,
          "col": 3,
          "lit": "sparse-checkout-cone-mode"
        },
        "value": {
          "type": 0,
          "file": 2,
          "line": 73,
          "col": 14,
          "lit": "true"
        }
      },
      {
        "key": {
          "type": 0,
          "file": 2,
          "line": 74,
          "col": 3,
          "lit": "fetch-depth"
        },
        "value": {
          "type": 0,
          "file": 2,
          "line": 76,
          "col": 14,
          "lit": "1"
        }
      },
      {
        "key": {
          "type": 0,
          "file": 2,
          "line": 77,
          "col": 3,
          "lit": "fetch-tags"
        },
        "value": {
          "type": 0,
          "file": 2,
          "line": 79,
          "col": 14,
          "lit": "false"
        }
      },
      {
        "key": {
          "type": 0,
          "file": 2,
          "line": 80,
          "col": 3,
          "lit": "show-progress"
        },
        "value": {
          "type": 0,
          "file": 2,
          "line": 82,
          "col": 14,
          "lit": "true"
        }
      },
      {
        "key": {
          "type": 0,
          "file": 2,
          "line": 83,
          "col": 3,
          "lit": "lfs"
        },
        "value": {
          "type": 0,
          "file": 2,
          "line": 85,
          "col": 14,
          "lit": "false"
        }
      },
      {
        "key": {
          "type": 0,
          "file": 2,
          "line": 86,
          "col": 3,
          "lit": "submodules"
        },
        "value": {
          "type": 0,
          "file": 2,
          "line": 94,
          "col": 14,
          "lit": "false"
        }
      },
      {
        "key": {
          "type": 0,
          "file": 2,
          "line": 95,
          "col": 3,
          "lit": "set-safe-directory"
        },
        "value": {
          "type": 0,
          "file": 2,
          "line": 97,
          "col": 14,
          "lit": "true"
        }
      },
      {
        "key": {
          "type": 0,
          "file": 2,
          "line": 98,
          "col": 3,
          "lit": "github-server-url"
        },
        "value": ""
      }
    ]
  },
  "execution": {
    "executionType": "nodeJS",
    "hasPre": false,
    "hasPost": true,
    "script": "dist/index.js",
    "pre": null,
    "post": "dist/index.js",
    "nodeVersion": "node20",
    "cleanupCondition": "always()",
    "initCondition": "always()"
  },
  "deprecated": null
}
[2025-11-13 23:20:39Z INFO ActionManager] Action pre node.js file: N/A.
[2025-11-13 23:20:39Z INFO ActionManager] Action node.js file: dist/index.js.
[2025-11-13 23:20:39Z INFO ActionManager] Action post node.js file: dist/index.js.
[2025-11-13 23:20:39Z INFO JobExtension] Adding .
[2025-11-13 23:20:39Z INFO JobExtension] Adding .
[2025-11-13 23:20:39Z INFO JobExtension] Adding .
[2025-11-13 23:20:39Z INFO JobExtension] Adding .
[2025-11-13 23:20:39Z INFO JobExtension] Adding .
[2025-11-13 23:20:39Z INFO JobExtension] Adding .
[2025-11-13 23:20:39Z INFO JobExtension] Adding .
[2025-11-13 23:20:39Z INFO JobExtension] Adding .
[2025-11-13 23:20:39Z INFO JobExtension] Adding .
[2025-11-13 23:20:39Z INFO JobExtension] Adding .
[2025-11-13 23:20:39Z INFO JobExtension] Adding .
[2025-11-13 23:20:39Z INFO HostContext] Well known directory 'Bin': 'C:\Trabalho\actions-runner\bin'
[2025-11-13 23:20:39Z INFO HostContext] Well known directory 'Root': 'C:\Trabalho\actions-runner'
[2025-11-13 23:20:39Z INFO HostContext] Well known directory 'Diag': 'C:\Trabalho\actions-runner\_diag'
[2025-11-13 23:20:39Z INFO HostContext] Well known directory 'Bin': 'C:\Trabalho\actions-runner\bin'
[2025-11-13 23:20:39Z INFO HostContext] Well known directory 'Root': 'C:\Trabalho\actions-runner'
[2025-11-13 23:20:39Z INFO HostContext] Well known directory 'Diag': 'C:\Trabalho\actions-runner\_diag'
[2025-11-13 23:20:39Z INFO HostContext] Well known directory 'Bin': 'C:\Trabalho\actions-runner\bin'
[2025-11-13 23:20:39Z INFO HostContext] Well known directory 'Root': 'C:\Trabalho\actions-runner'
[2025-11-13 23:20:39Z INFO HostContext] Well known directory 'Diag': 'C:\Trabalho\actions-runner\_diag'
[2025-11-13 23:20:39Z INFO HostContext] Well known directory 'Bin': 'C:\Trabalho\actions-runner\bin'
[2025-11-13 23:20:39Z INFO HostContext] Well known directory 'Root': 'C:\Trabalho\actions-runner'
[2025-11-13 23:20:39Z INFO HostContext] Well known directory 'Diag': 'C:\Trabalho\actions-runner\_diag'
[2025-11-13 23:20:39Z INFO HostContext] Well known directory 'Bin': 'C:\Trabalho\actions-runner\bin'
[2025-11-13 23:20:39Z INFO HostContext] Well known directory 'Root': 'C:\Trabalho\actions-runner'
[2025-11-13 23:20:39Z INFO HostContext] Well known directory 'Diag': 'C:\Trabalho\actions-runner\_diag'
[2025-11-13 23:20:39Z INFO HostContext] Well known directory 'Bin': 'C:\Trabalho\actions-runner\bin'
[2025-11-13 23:20:39Z INFO HostContext] Well known directory 'Root': 'C:\Trabalho\actions-runner'
[2025-11-13 23:20:39Z INFO HostContext] Well known directory 'Diag': 'C:\Trabalho\actions-runner\_diag'
[2025-11-13 23:20:39Z INFO HostContext] Well known directory 'Bin': 'C:\Trabalho\actions-runner\bin'
[2025-11-13 23:20:39Z INFO HostContext] Well known directory 'Root': 'C:\Trabalho\actions-runner'
[2025-11-13 23:20:39Z INFO HostContext] Well known directory 'Diag': 'C:\Trabalho\actions-runner\_diag'
[2025-11-13 23:20:39Z INFO HostContext] Well known directory 'Bin': 'C:\Trabalho\actions-runner\bin'
[2025-11-13 23:20:39Z INFO HostContext] Well known directory 'Root': 'C:\Trabalho\actions-runner'
[2025-11-13 23:20:39Z INFO HostContext] Well known directory 'Diag': 'C:\Trabalho\actions-runner\_diag'
[2025-11-13 23:20:39Z INFO HostContext] Well known directory 'Bin': 'C:\Trabalho\actions-runner\bin'
[2025-11-13 23:20:39Z INFO HostContext] Well known directory 'Root': 'C:\Trabalho\actions-runner'
[2025-11-13 23:20:39Z INFO HostContext] Well known directory 'Diag': 'C:\Trabalho\actions-runner\_diag'
[2025-11-13 23:20:39Z INFO HostContext] Well known directory 'Bin': 'C:\Trabalho\actions-runner\bin'
[2025-11-13 23:20:39Z INFO HostContext] Well known directory 'Root': 'C:\Trabalho\actions-runner'
[2025-11-13 23:20:39Z INFO HostContext] Well known directory 'Diag': 'C:\Trabalho\actions-runner\_diag'
[2025-11-13 23:20:39Z INFO HostContext] Well known directory 'Bin': 'C:\Trabalho\actions-runner\bin'
[2025-11-13 23:20:39Z INFO HostContext] Well known directory 'Root': 'C:\Trabalho\actions-runner'
[2025-11-13 23:20:39Z INFO HostContext] Well known directory 'Diag': 'C:\Trabalho\actions-runner\_diag'
[2025-11-13 23:20:39Z INFO HostContext] Well known directory 'Bin': 'C:\Trabalho\actions-runner\bin'
[2025-11-13 23:20:39Z INFO HostContext] Well known directory 'Root': 'C:\Trabalho\actions-runner'
[2025-11-13 23:20:39Z INFO HostContext] Well known directory 'Diag': 'C:\Trabalho\actions-runner\_diag'
[2025-11-13 23:20:39Z INFO HostContext] Well known directory 'Bin': 'C:\Trabalho\actions-runner\bin'
[2025-11-13 23:20:39Z INFO HostContext] Well known directory 'Root': 'C:\Trabalho\actions-runner'
[2025-11-13 23:20:39Z INFO HostContext] Well known directory 'Diag': 'C:\Trabalho\actions-runner\_diag'
[2025-11-13 23:20:39Z INFO HostContext] Well known directory 'Bin': 'C:\Trabalho\actions-runner\bin'
[2025-11-13 23:20:39Z INFO HostContext] Well known directory 'Root': 'C:\Trabalho\actions-runner'
[2025-11-13 23:20:39Z INFO HostContext] Well known directory 'Diag': 'C:\Trabalho\actions-runner\_diag'
[2025-11-13 23:20:39Z INFO HostContext] Well known directory 'Bin': 'C:\Trabalho\actions-runner\bin'
[2025-11-13 23:20:39Z INFO HostContext] Well known directory 'Root': 'C:\Trabalho\actions-runner'
[2025-11-13 23:20:39Z INFO HostContext] Well known directory 'Diag': 'C:\Trabalho\actions-runner\_diag'
[2025-11-13 23:20:39Z INFO HostContext] Well known directory 'Bin': 'C:\Trabalho\actions-runner\bin'
[2025-11-13 23:20:39Z INFO HostContext] Well known directory 'Root': 'C:\Trabalho\actions-runner'
[2025-11-13 23:20:39Z INFO HostContext] Well known directory 'Diag': 'C:\Trabalho\actions-runner\_diag'
[2025-11-13 23:20:39Z INFO HostContext] Well known directory 'Bin': 'C:\Trabalho\actions-runner\bin'
[2025-11-13 23:20:39Z INFO HostContext] Well known directory 'Root': 'C:\Trabalho\actions-runner'
[2025-11-13 23:20:39Z INFO HostContext] Well known directory 'Diag': 'C:\Trabalho\actions-runner\_diag'
[2025-11-13 23:20:39Z INFO HostContext] Well known directory 'Bin': 'C:\Trabalho\actions-runner\bin'
[2025-11-13 23:20:39Z INFO HostContext] Well known directory 'Root': 'C:\Trabalho\actions-runner'
[2025-11-13 23:20:39Z INFO HostContext] Well known directory 'Diag': 'C:\Trabalho\actions-runner\_diag'
[2025-11-13 23:20:39Z INFO HostContext] Well known directory 'Bin': 'C:\Trabalho\actions-runner\bin'
[2025-11-13 23:20:39Z INFO HostContext] Well known directory 'Root': 'C:\Trabalho\actions-runner'
[2025-11-13 23:20:39Z INFO HostContext] Well known directory 'Diag': 'C:\Trabalho\actions-runner\_diag'
[2025-11-13 23:20:39Z INFO HostContext] Well known directory 'Bin': 'C:\Trabalho\actions-runner\bin'
[2025-11-13 23:20:39Z INFO HostContext] Well known directory 'Root': 'C:\Trabalho\actions-runner'
[2025-11-13 23:20:39Z INFO HostContext] Well known directory 'Diag': 'C:\Trabalho\actions-runner\_diag'
[2025-11-13 23:20:39Z INFO HostContext] Well known directory 'Bin': 'C:\Trabalho\actions-runner\bin'
[2025-11-13 23:20:39Z INFO HostContext] Well known directory 'Root': 'C:\Trabalho\actions-runner'
[2025-11-13 23:20:39Z INFO HostContext] Well known directory 'Diag': 'C:\Trabalho\actions-runner\_diag'
[2025-11-13 23:20:39Z INFO HostContext] Well known directory 'Bin': 'C:\Trabalho\actions-runner\bin'
[2025-11-13 23:20:39Z INFO HostContext] Well known directory 'Root': 'C:\Trabalho\actions-runner'
[2025-11-13 23:20:39Z INFO HostContext] Well known directory 'Diag': 'C:\Trabalho\actions-runner\_diag'
[2025-11-13 23:20:39Z INFO JobExtension] Total accessible running process: 275.
[2025-11-13 23:20:39Z INFO JobServerQueue] Try to append 1 batches web console lines for record 'd2fecf22-3c31-49b1-92ff-643ada3f9880', success rate: 1/1.
[2025-11-13 23:20:39Z INFO HostContext] Well known directory 'Bin': 'C:\Trabalho\actions-runner\bin'
[2025-11-13 23:20:39Z INFO HostContext] Well known directory 'Root': 'C:\Trabalho\actions-runner'
[2025-11-13 23:20:39Z INFO HostContext] Well known directory 'Work': 'C:\Trabalho\actions-runner\_work'
[2025-11-13 23:20:39Z INFO JobExtension] Start checking service connectivity in background.
[2025-11-13 23:20:39Z INFO ExecutionContext] Publish step telemetry for current step {
  "action": "setup_job",
  "type": "runner",
  "stage": "Pre",
  "stepId": "d2fecf22-3c31-49b1-92ff-643ada3f9880",
  "result": "succeeded",
  "errorMessages": [],
  "executionTimeInSeconds": 3,
  "startTime": "2025-11-13T23:20:36.3585227Z",
  "finishTime": "2025-11-13T23:20:39.0755945Z"
}.
[2025-11-13 23:20:39Z INFO JobRunner] Total job steps: 11.
[2025-11-13 23:20:39Z INFO JobRunner] Run all job steps.
[2025-11-13 23:20:39Z INFO StepsRunner] Processing step: DisplayName='Checkout'
[2025-11-13 23:20:39Z INFO StepsRunner] Evaluating: success()
[2025-11-13 23:20:39Z INFO StepsRunner] Result: true
[2025-11-13 23:20:39Z INFO StepsRunner] Starting the step.
[2025-11-13 23:20:39Z INFO HostContext] Well known directory 'Bin': 'C:\Trabalho\actions-runner\bin'
[2025-11-13 23:20:39Z INFO HostContext] Well known directory 'Root': 'C:\Trabalho\actions-runner'
[2025-11-13 23:20:39Z INFO HostContext] Well known directory 'Work': 'C:\Trabalho\actions-runner\_work'
[2025-11-13 23:20:39Z INFO StepsRunner] Which2: 'chcp'
[2025-11-13 23:20:39Z INFO StepsRunner] Location: 'C:\WINDOWS\system32\chcp.COM'
[2025-11-13 23:20:39Z INFO ProcessInvokerWrapper] Starting process:
[2025-11-13 23:20:39Z INFO ProcessInvokerWrapper]   File name: 'C:\WINDOWS\system32\chcp.COM'
[2025-11-13 23:20:39Z INFO ProcessInvokerWrapper]   Arguments: '65001'
[2025-11-13 23:20:39Z INFO ProcessInvokerWrapper]   Working directory: 'C:\Trabalho\actions-runner\_work'
[2025-11-13 23:20:39Z INFO ProcessInvokerWrapper]   Require exit code zero: 'False'
[2025-11-13 23:20:39Z INFO ProcessInvokerWrapper]   Encoding web name:  ; code page: ''
[2025-11-13 23:20:39Z INFO ProcessInvokerWrapper]   Force kill process on cancellation: 'False'
[2025-11-13 23:20:39Z INFO ProcessInvokerWrapper]   Redirected STDIN: 'False'
[2025-11-13 23:20:39Z INFO ProcessInvokerWrapper]   Persist current code page: 'True'
[2025-11-13 23:20:39Z INFO ProcessInvokerWrapper]   Keep redirected STDIN open: 'False'
[2025-11-13 23:20:39Z INFO ProcessInvokerWrapper]   High priority process: 'False'
[2025-11-13 23:20:39Z INFO ProcessInvokerWrapper] Process started with process id 7240, waiting for process exit.
[2025-11-13 23:20:39Z INFO ProcessInvokerWrapper] STDOUT/STDERR stream read finished.
[2025-11-13 23:20:39Z INFO ProcessInvokerWrapper] STDOUT/STDERR stream read finished.
[2025-11-13 23:20:39Z INFO ProcessInvokerWrapper] Finished process 7240 with exit code 0, and elapsed time 00:00:00.0139786.
[2025-11-13 23:20:39Z INFO StepsRunner] Successfully returned to code page 65001 (UTF8)
[2025-11-13 23:20:39Z INFO HostContext] Well known directory 'Bin': 'C:\Trabalho\actions-runner\bin'
[2025-11-13 23:20:39Z INFO HostContext] Well known directory 'Root': 'C:\Trabalho\actions-runner'
[2025-11-13 23:20:39Z INFO HostContext] Well known directory 'Work': 'C:\Trabalho\actions-runner\_work'
[2025-11-13 23:20:39Z INFO HostContext] Well known directory 'Actions': 'C:\Trabalho\actions-runner\_work\_actions'
[2025-11-13 23:20:39Z INFO ActionManager] Load action that reference repository from 'C:\Trabalho\actions-runner\_work\_actions\actions\checkout\v4'
[2025-11-13 23:20:39Z INFO HostContext] Well known directory 'Bin': 'C:\Trabalho\actions-runner\bin'
[2025-11-13 23:20:39Z INFO HostContext] Well known directory 'Root': 'C:\Trabalho\actions-runner'
[2025-11-13 23:20:39Z INFO HostContext] Well known directory 'Work': 'C:\Trabalho\actions-runner\_work'
[2025-11-13 23:20:39Z INFO HostContext] Well known directory 'Actions': 'C:\Trabalho\actions-runner\_work\_actions'
[2025-11-13 23:20:39Z INFO ActionManifestManager] Loaded action.yml file: {
  "name": "Checkout",
  "description": "Checkout a Git repository at a particular version",
  "inputs": {
    "type": 2,
    "map": [
      {
        "key": {
          "type": 0,
          "file": 2,
          "line": 4,
          "col": 3,
          "lit": "repository"
        },
        "value": {
          "type": 3,
          "file": 2,
          "line": 6,
          "col": 14,
          "expr": "github.repository"
        }
      },
      {
        "key": {
          "type": 0,
          "file": 2,
          "line": 7,
          "col": 3,
          "lit": "ref"
        },
        "value": ""
      },
      {
        "key": {
          "type": 0,
          "file": 2,
          "line": 12,
          "col": 3,
          "lit": "token"
        },
        "value": {
          "type": 3,
          "file": 2,
          "line": 24,
          "col": 14,
          "expr": "github.token"
        }
      },
      {
        "key": {
          "type": 0,
          "file": 2,
          "line": 25,
          "col": 3,
          "lit": "ssh-key"
        },
        "value": ""
      },
      {
        "key": {
          "type": 0,
          "file": 2,
          "line": 37,
          "col": 3,
          "lit": "ssh-known-hosts"
        },
        "value": ""
      },
      {
        "key": {
          "type": 0,
          "file": 2,
          "line": 42,
          "col": 3,
          "lit": "ssh-strict"
        },
        "value": {
          "type": 0,
          "file": 2,
          "line": 47,
          "col": 14,
          "lit": "true"
        }
      },
      {
        "key": {
          "type": 0,
          "file": 2,
          "line": 48,
          "col": 3,
          "lit": "ssh-user"
        },
        "value": {
          "type": 0,
          "file": 2,
          "line": 51,
          "col": 14,
          "lit": "git"
        }
      },
      {
        "key": {
          "type": 0,
          "file": 2,
          "line": 52,
          "col": 3,
          "lit": "persist-credentials"
        },
        "value": {
          "type": 0,
          "file": 2,
          "line": 54,
          "col": 14,
          "lit": "true"
        }
      },
      {
        "key": {
          "type": 0,
          "file": 2,
          "line": 55,
          "col": 3,
          "lit": "path"
        },
        "value": ""
      },
      {
        "key": {
          "type": 0,
          "file": 2,
          "line": 57,
          "col": 3,
          "lit": "clean"
        },
        "value": {
          "type": 0,
          "file": 2,
          "line": 59,
          "col": 14,
          "lit": "true"
        }
      },
      {
        "key": {
          "type": 0,
          "file": 2,
          "line": 60,
          "col": 3,
          "lit": "filter"
        },
        "value": {
          "type": 0,
          "file": 2,
          "line": 64,
          "col": 14,
          "lit": ""
        }
      },
      {
        "key": {
          "type": 0,
          "file": 2,
          "line": 65,
          "col": 3,
          "lit": "sparse-checkout"
        },
        "value": {
          "type": 0,
          "file": 2,
          "line": 69,
          "col": 14,
          "lit": ""
        }
      },
      {
        "key": {
          "type": 0,
          "file": 2,
          "line": 70,
          "col": 3,
          "lit": "sparse-checkout-cone-mode"
        },
        "value": {
          "type": 0,
          "file": 2,
          "line": 73,
          "col": 14,
          "lit": "true"
        }
      },
      {
        "key": {
          "type": 0,
          "file": 2,
          "line": 74,
          "col": 3,
          "lit": "fetch-depth"
        },
        "value": {
          "type": 0,
          "file": 2,
          "line": 76,
          "col": 14,
          "lit": "1"
        }
      },
      {
        "key": {
          "type": 0,
          "file": 2,
          "line": 77,
          "col": 3,
          "lit": "fetch-tags"
        },
        "value": {
          "type": 0,
          "file": 2,
          "line": 79,
          "col": 14,
          "lit": "false"
        }
      },
      {
        "key": {
          "type": 0,
          "file": 2,
          "line": 80,
          "col": 3,
          "lit": "show-progress"
        },
        "value": {
          "type": 0,
          "file": 2,
          "line": 82,
          "col": 14,
          "lit": "true"
        }
      },
      {
        "key": {
          "type": 0,
          "file": 2,
          "line": 83,
          "col": 3,
          "lit": "lfs"
        },
        "value": {
          "type": 0,
          "file": 2,
          "line": 85,
          "col": 14,
          "lit": "false"
        }
      },
      {
        "key": {
          "type": 0,
          "file": 2,
          "line": 86,
          "col": 3,
          "lit": "submodules"
        },
        "value": {
          "type": 0,
          "file": 2,
          "line": 94,
          "col": 14,
          "lit": "false"
        }
      },
      {
        "key": {
          "type": 0,
          "file": 2,
          "line": 95,
          "col": 3,
          "lit": "set-safe-directory"
        },
        "value": {
          "type": 0,
          "file": 2,
          "line": 97,
          "col": 14,
          "lit": "true"
        }
      },
      {
        "key": {
          "type": 0,
          "file": 2,
          "line": 98,
          "col": 3,
          "lit": "github-server-url"
        },
        "value": ""
      }
    ]
  },
  "execution": {
    "executionType": "nodeJS",
    "hasPre": false,
    "hasPost": true,
    "script": "dist/index.js",
    "pre": null,
    "post": "dist/index.js",
    "nodeVersion": "node20",
    "cleanupCondition": "always()",
    "initCondition": "always()"
  },
  "deprecated": null
}
[2025-11-13 23:20:39Z INFO ActionManager] Action pre node.js file: N/A.
[2025-11-13 23:20:39Z INFO ActionManager] Action node.js file: dist/index.js.
[2025-11-13 23:20:39Z INFO ActionManager] Action post node.js file: dist/index.js.
[2025-11-13 23:20:39Z INFO ExecutionContext] Reserve record order 13 to 24 for post job actions.
[2025-11-13 23:20:39Z INFO HostContext] Well known directory 'Bin': 'C:\Trabalho\actions-runner\bin'
[2025-11-13 23:20:39Z INFO HostContext] Well known directory 'Root': 'C:\Trabalho\actions-runner'
[2025-11-13 23:20:39Z INFO HostContext] Well known directory 'Diag': 'C:\Trabalho\actions-runner\_diag'
[2025-11-13 23:20:39Z INFO HostContext] Well known directory 'Bin': 'C:\Trabalho\actions-runner\bin'
[2025-11-13 23:20:39Z INFO HostContext] Well known directory 'Root': 'C:\Trabalho\actions-runner'
[2025-11-13 23:20:39Z INFO HostContext] Well known directory 'Diag': 'C:\Trabalho\actions-runner\_diag'
[2025-11-13 23:20:39Z INFO HostContext] Well known directory 'Bin': 'C:\Trabalho\actions-runner\bin'
[2025-11-13 23:20:39Z INFO HostContext] Well known directory 'Root': 'C:\Trabalho\actions-runner'
[2025-11-13 23:20:39Z INFO HostContext] Well known directory 'Work': 'C:\Trabalho\actions-runner\_work'
[2025-11-13 23:20:39Z INFO HostContext] Well known directory 'Temp': 'C:\Trabalho\actions-runner\_work\_temp'
[2025-11-13 23:20:39Z INFO ExecutionContext] Write event payload to C:\Trabalho\actions-runner\_work\_temp\_github_workflow\event.json
[2025-11-13 23:20:39Z INFO HostContext] Well known directory 'Bin': 'C:\Trabalho\actions-runner\bin'
[2025-11-13 23:20:39Z INFO HostContext] Well known directory 'Root': 'C:\Trabalho\actions-runner'
[2025-11-13 23:20:39Z INFO HostContext] Well known directory 'Work': 'C:\Trabalho\actions-runner\_work'
[2025-11-13 23:20:39Z INFO HostContext] Well known directory 'Temp': 'C:\Trabalho\actions-runner\_work\_temp'
[2025-11-13 23:20:39Z INFO ExtensionManager] Getting extensions for interface: 'GitHub.Runner.Worker.IFileCommandExtension'
[2025-11-13 23:20:39Z INFO ExtensionManager] Creating instance: GitHub.Runner.Worker.AddPathFileCommand, Runner.Worker
[2025-11-13 23:20:39Z INFO ExtensionManager] Creating instance: GitHub.Runner.Worker.SetEnvFileCommand, Runner.Worker
[2025-11-13 23:20:39Z INFO ExtensionManager] Creating instance: GitHub.Runner.Worker.CreateStepSummaryCommand, Runner.Worker
[2025-11-13 23:20:39Z INFO ExtensionManager] Creating instance: GitHub.Runner.Worker.SaveStateFileCommand, Runner.Worker
[2025-11-13 23:20:39Z INFO ExtensionManager] Creating instance: GitHub.Runner.Worker.SetOutputFileCommand, Runner.Worker
[2025-11-13 23:20:39Z INFO ActionManifestManager] Input 'repository': *** value evaluate result: {
  "type": 0,
  "file": 2,
  "line": 6,
  "col": 14,
  "lit": "potinhek/Trabalho"
}
[2025-11-13 23:20:39Z INFO ActionManifestManager] Input 'ref': *** value evaluate result: ""
[2025-11-13 23:20:39Z INFO ActionManifestManager] Input 'token': *** value evaluate result: {
  "type": 0,
  "file": 2,
  "line": 24,
  "col": 14,
  "lit": "***"
}
[2025-11-13 23:20:39Z INFO ActionManifestManager] Input 'ssh-key': *** value evaluate result: ""
[2025-11-13 23:20:39Z INFO ActionManifestManager] Input 'ssh-known-hosts': *** value evaluate result: ""
[2025-11-13 23:20:39Z INFO ActionManifestManager] Input 'ssh-strict': *** value evaluate result: {
  "type": 0,
  "file": 2,
  "line": 47,
  "col": 14,
  "lit": "true"
}
[2025-11-13 23:20:39Z INFO ActionManifestManager] Input 'ssh-user': *** value evaluate result: {
  "type": 0,
  "file": 2,
  "line": 51,
  "col": 14,
  "lit": "git"
}
[2025-11-13 23:20:39Z INFO ActionManifestManager] Input 'persist-credentials': *** value evaluate result: {
  "type": 0,
  "file": 2,
  "line": 54,
  "col": 14,
  "lit": "true"
}
[2025-11-13 23:20:39Z INFO ActionManifestManager] Input 'path': *** value evaluate result: ""
[2025-11-13 23:20:39Z INFO ActionManifestManager] Input 'clean': *** value evaluate result: {
  "type": 0,
  "file": 2,
  "line": 59,
  "col": 14,
  "lit": "true"
}
[2025-11-13 23:20:39Z INFO ActionManifestManager] Input 'filter': *** value evaluate result: {
  "type": 0,
  "file": 2,
  "line": 64,
  "col": 14,
  "lit": ""
}
[2025-11-13 23:20:39Z INFO ActionManifestManager] Input 'sparse-checkout': *** value evaluate result: {
  "type": 0,
  "file": 2,
  "line": 69,
  "col": 14,
  "lit": ""
}
[2025-11-13 23:20:39Z INFO ActionManifestManager] Input 'sparse-checkout-cone-mode': *** value evaluate result: {
  "type": 0,
  "file": 2,
  "line": 73,
  "col": 14,
  "lit": "true"
}
[2025-11-13 23:20:39Z INFO ActionManifestManager] Input 'fetch-depth': *** value evaluate result: {
  "type": 0,
  "file": 2,
  "line": 76,
  "col": 14,
  "lit": "1"
}
[2025-11-13 23:20:39Z INFO ActionManifestManager] Input 'fetch-tags': *** value evaluate result: {
  "type": 0,
  "file": 2,
  "line": 79,
  "col": 14,
  "lit": "false"
}
[2025-11-13 23:20:39Z INFO ActionManifestManager] Input 'show-progress': *** value evaluate result: {
  "type": 0,
  "file": 2,
  "line": 82,
  "col": 14,
  "lit": "true"
}
[2025-11-13 23:20:39Z INFO ActionManifestManager] Input 'lfs': *** value evaluate result: {
  "type": 0,
  "file": 2,
  "line": 85,
  "col": 14,
  "lit": "false"
}
[2025-11-13 23:20:39Z INFO ActionManifestManager] Input 'submodules': *** value evaluate result: {
  "type": 0,
  "file": 2,
  "line": 94,
  "col": 14,
  "lit": "false"
}
[2025-11-13 23:20:39Z INFO ActionManifestManager] Input 'set-safe-directory': *** value evaluate result: {
  "type": 0,
  "file": 2,
  "line": 97,
  "col": 14,
  "lit": "true"
}
[2025-11-13 23:20:39Z INFO ActionManifestManager] Input 'github-server-url': *** value evaluate result: ""
[2025-11-13 23:20:39Z INFO ExtensionManager] Getting extensions for interface: 'GitHub.Runner.Worker.IActionCommandExtension'
[2025-11-13 23:20:39Z INFO ExtensionManager] Creating instance: GitHub.Runner.Worker.InternalPluginSetRepoPathCommandExtension, Runner.Worker
[2025-11-13 23:20:39Z INFO ExtensionManager] Creating instance: GitHub.Runner.Worker.SetEnvCommandExtension, Runner.Worker
[2025-11-13 23:20:39Z INFO ExtensionManager] Creating instance: GitHub.Runner.Worker.SetOutputCommandExtension, Runner.Worker
[2025-11-13 23:20:39Z INFO ExtensionManager] Creating instance: GitHub.Runner.Worker.SaveStateCommandExtension, Runner.Worker
[2025-11-13 23:20:39Z INFO ExtensionManager] Creating instance: GitHub.Runner.Worker.AddPathCommandExtension, Runner.Worker
[2025-11-13 23:20:39Z INFO ExtensionManager] Creating instance: GitHub.Runner.Worker.AddMaskCommandExtension, Runner.Worker
[2025-11-13 23:20:39Z INFO ExtensionManager] Creating instance: GitHub.Runner.Worker.AddMatcherCommandExtension, Runner.Worker
[2025-11-13 23:20:39Z INFO ExtensionManager] Creating instance: GitHub.Runner.Worker.RemoveMatcherCommandExtension, Runner.Worker
[2025-11-13 23:20:39Z INFO ExtensionManager] Creating instance: GitHub.Runner.Worker.WarningCommandExtension, Runner.Worker
[2025-11-13 23:20:39Z INFO ExtensionManager] Creating instance: GitHub.Runner.Worker.ErrorCommandExtension, Runner.Worker
[2025-11-13 23:20:39Z INFO ExtensionManager] Creating instance: GitHub.Runner.Worker.NoticeCommandExtension, Runner.Worker
[2025-11-13 23:20:39Z INFO ExtensionManager] Creating instance: GitHub.Runner.Worker.DebugCommandExtension, Runner.Worker
[2025-11-13 23:20:39Z INFO ExtensionManager] Creating instance: GitHub.Runner.Worker.GroupCommandExtension, Runner.Worker
[2025-11-13 23:20:39Z INFO ExtensionManager] Creating instance: GitHub.Runner.Worker.EndGroupCommandExtension, Runner.Worker
[2025-11-13 23:20:39Z INFO ExtensionManager] Creating instance: GitHub.Runner.Worker.EchoCommandExtension, Runner.Worker
[2025-11-13 23:20:39Z INFO ActionCommandManager] Register action command extension for command internal-set-repo-path
[2025-11-13 23:20:39Z INFO ActionCommandManager] Register action command extension for command set-env
[2025-11-13 23:20:39Z INFO ActionCommandManager] Register action command extension for command set-output
[2025-11-13 23:20:39Z INFO ActionCommandManager] Register action command extension for command save-state
[2025-11-13 23:20:39Z INFO ActionCommandManager] Register action command extension for command add-path
[2025-11-13 23:20:39Z INFO ActionCommandManager] Register action command extension for command add-mask
[2025-11-13 23:20:39Z INFO ActionCommandManager] Register action command extension for command add-matcher
[2025-11-13 23:20:39Z INFO ActionCommandManager] Register action command extension for command remove-matcher
[2025-11-13 23:20:39Z INFO ActionCommandManager] Register action command extension for command warning
[2025-11-13 23:20:39Z INFO ActionCommandManager] Register action command extension for command error
[2025-11-13 23:20:39Z INFO ActionCommandManager] Register action command extension for command notice
[2025-11-13 23:20:39Z INFO ActionCommandManager] Register action command extension for command debug
[2025-11-13 23:20:39Z INFO ActionCommandManager] Register action command extension for command group
[2025-11-13 23:20:39Z INFO ActionCommandManager] Register action command extension for command endgroup
[2025-11-13 23:20:39Z INFO ActionCommandManager] Register action command extension for command echo
[2025-11-13 23:20:39Z INFO HostContext] Well known directory 'Bin': 'C:\Trabalho\actions-runner\bin'
[2025-11-13 23:20:39Z INFO HostContext] Well known directory 'Root': 'C:\Trabalho\actions-runner'
[2025-11-13 23:20:39Z INFO HostContext] Well known directory 'Externals': 'C:\Trabalho\actions-runner\externals'
[2025-11-13 23:20:39Z INFO ProcessInvokerWrapper] Starting process:
[2025-11-13 23:20:39Z INFO ProcessInvokerWrapper]   File name: 'C:\Trabalho\actions-runner\externals\node20\bin\node.exe'
[2025-11-13 23:20:39Z INFO ProcessInvokerWrapper]   Arguments: '"C:\Trabalho\actions-runner\_work\_actions\actions\checkout\v4\dist/index.js"'
[2025-11-13 23:20:39Z INFO ProcessInvokerWrapper]   Working directory: 'C:\Trabalho\actions-runner\_work\Trabalho\Trabalho'
[2025-11-13 23:20:39Z INFO ProcessInvokerWrapper]   Require exit code zero: 'False'
[2025-11-13 23:20:39Z INFO ProcessInvokerWrapper]   Encoding web name: utf-8 ; code page: '65001'
[2025-11-13 23:20:39Z INFO ProcessInvokerWrapper]   Force kill process on cancellation: 'False'
[2025-11-13 23:20:39Z INFO ProcessInvokerWrapper]   Redirected STDIN: 'False'
[2025-11-13 23:20:39Z INFO ProcessInvokerWrapper]   Persist current code page: 'True'
[2025-11-13 23:20:39Z INFO ProcessInvokerWrapper]   Keep redirected STDIN open: 'False'
[2025-11-13 23:20:39Z INFO ProcessInvokerWrapper]   High priority process: 'False'
[2025-11-13 23:20:39Z INFO ProcessInvokerWrapper] Process started with process id 12512, waiting for process exit.
[2025-11-13 23:20:39Z INFO JobServerQueue] Got a step log file to send to results service.
[2025-11-13 23:20:39Z INFO JobServerQueue] Try to append 1 batches web console lines for record 'cd749c3e-25ac-4490-bc7f-7639abee5b4a', success rate: 1/1.
[2025-11-13 23:20:39Z INFO JobServerQueue] Starting upload of step log file to results service ResultsLog, C:\Trabalho\actions-runner\_diag\blocks\be150f4a-8978-4043-9a51-aaa375952667_d2fecf22-3c31-49b1-92ff-643ada3f9880.1
[2025-11-13 23:20:39Z INFO JobServerQueue] Try to upload 1 log files or attachments, success rate: 1/1.
[2025-11-13 23:20:39Z INFO AddMaskCommandExtension] Add new secret mask with length of 76
[2025-11-13 23:20:39Z INFO JobServerQueue] Try to append 1 batches web console lines for record 'cd749c3e-25ac-4490-bc7f-7639abee5b4a', success rate: 1/1.
[2025-11-13 23:20:39Z INFO JobServerQueue] Try to append 1 batches web console lines for record 'cd749c3e-25ac-4490-bc7f-7639abee5b4a', success rate: 1/1.
[2025-11-13 23:20:40Z INFO JobServerQueue] Try to append 1 batches web console lines for record 'cd749c3e-25ac-4490-bc7f-7639abee5b4a', success rate: 1/1.
[2025-11-13 23:20:40Z INFO JobServerQueue] Tried to upload 1 file(s) to results, success rate: 1/1.
[2025-11-13 23:20:41Z INFO JobServerQueue] Try to append 1 batches web console lines for record 'cd749c3e-25ac-4490-bc7f-7639abee5b4a', success rate: 1/1.
[2025-11-13 23:20:41Z INFO JobServerQueue] Try to append 1 batches web console lines for record 'cd749c3e-25ac-4490-bc7f-7639abee5b4a', success rate: 1/1.
[2025-11-13 23:20:42Z INFO JobServerQueue] Try to append 1 batches web console lines for record 'cd749c3e-25ac-4490-bc7f-7639abee5b4a', success rate: 1/1.
[2025-11-13 23:20:43Z INFO JobServerQueue] Try to append 1 batches web console lines for record 'cd749c3e-25ac-4490-bc7f-7639abee5b4a', success rate: 1/1.
[2025-11-13 23:20:43Z INFO JobServerQueue] Try to append 1 batches web console lines for record 'cd749c3e-25ac-4490-bc7f-7639abee5b4a', success rate: 1/1.
[2025-11-13 23:20:49Z INFO HostContext] Well known directory 'Bin': 'C:\Trabalho\actions-runner\bin'
[2025-11-13 23:20:49Z INFO HostContext] Well known directory 'Root': 'C:\Trabalho\actions-runner'
[2025-11-13 23:20:49Z INFO HostContext] Well known directory 'Work': 'C:\Trabalho\actions-runner\_work'
[2025-11-13 23:20:59Z INFO HostContext] Well known directory 'Bin': 'C:\Trabalho\actions-runner\bin'
[2025-11-13 23:20:59Z INFO HostContext] Well known directory 'Root': 'C:\Trabalho\actions-runner'
[2025-11-13 23:20:59Z INFO HostContext] Well known directory 'Work': 'C:\Trabalho\actions-runner\_work'
[2025-11-13 23:21:09Z INFO HostContext] Well known directory 'Bin': 'C:\Trabalho\actions-runner\bin'
[2025-11-13 23:21:09Z INFO HostContext] Well known directory 'Root': 'C:\Trabalho\actions-runner'
[2025-11-13 23:21:09Z INFO HostContext] Well known directory 'Work': 'C:\Trabalho\actions-runner\_work'
[2025-11-13 23:21:19Z INFO HostContext] Well known directory 'Bin': 'C:\Trabalho\actions-runner\bin'
[2025-11-13 23:21:19Z INFO HostContext] Well known directory 'Root': 'C:\Trabalho\actions-runner'
[2025-11-13 23:21:19Z INFO HostContext] Well known directory 'Work': 'C:\Trabalho\actions-runner\_work'
[2025-11-13 23:21:29Z INFO HostContext] Well known directory 'Bin': 'C:\Trabalho\actions-runner\bin'
[2025-11-13 23:21:29Z INFO HostContext] Well known directory 'Root': 'C:\Trabalho\actions-runner'
[2025-11-13 23:21:29Z INFO HostContext] Well known directory 'Work': 'C:\Trabalho\actions-runner\_work'
[2025-11-13 23:21:38Z INFO JobServerQueue] Stop aggressive process web console line queue.
[2025-11-13 23:21:39Z INFO HostContext] Well known directory 'Bin': 'C:\Trabalho\actions-runner\bin'
[2025-11-13 23:21:39Z INFO HostContext] Well known directory 'Root': 'C:\Trabalho\actions-runner'
[2025-11-13 23:21:39Z INFO HostContext] Well known directory 'Work': 'C:\Trabalho\actions-runner\_work'
[2025-11-13 23:21:49Z INFO HostContext] Well known directory 'Bin': 'C:\Trabalho\actions-runner\bin'
[2025-11-13 23:21:49Z INFO HostContext] Well known directory 'Root': 'C:\Trabalho\actions-runner'
[2025-11-13 23:21:49Z INFO HostContext] Well known directory 'Work': 'C:\Trabalho\actions-runner\_work'
[2025-11-13 23:21:59Z INFO HostContext] Well known directory 'Bin': 'C:\Trabalho\actions-runner\bin'
[2025-11-13 23:21:59Z INFO HostContext] Well known directory 'Root': 'C:\Trabalho\actions-runner'
[2025-11-13 23:21:59Z INFO HostContext] Well known directory 'Work': 'C:\Trabalho\actions-runner\_work'
[2025-11-13 23:22:09Z INFO HostContext] Well known directory 'Bin': 'C:\Trabalho\actions-runner\bin'
[2025-11-13 23:22:09Z INFO HostContext] Well known directory 'Root': 'C:\Trabalho\actions-runner'
[2025-11-13 23:22:09Z INFO HostContext] Well known directory 'Work': 'C:\Trabalho\actions-runner\_work'
[2025-11-13 23:22:19Z INFO HostContext] Well known directory 'Bin': 'C:\Trabalho\actions-runner\bin'
[2025-11-13 23:22:19Z INFO HostContext] Well known directory 'Root': 'C:\Trabalho\actions-runner'
[2025-11-13 23:22:19Z INFO HostContext] Well known directory 'Work': 'C:\Trabalho\actions-runner\_work'
[2025-11-13 23:22:29Z INFO HostContext] Well known directory 'Bin': 'C:\Trabalho\actions-runner\bin'
[2025-11-13 23:22:29Z INFO HostContext] Well known directory 'Root': 'C:\Trabalho\actions-runner'
[2025-11-13 23:22:29Z INFO HostContext] Well known directory 'Work': 'C:\Trabalho\actions-runner\_work'
[2025-11-13 23:22:39Z INFO HostContext] Well known directory 'Bin': 'C:\Trabalho\actions-runner\bin'
[2025-11-13 23:22:39Z INFO HostContext] Well known directory 'Root': 'C:\Trabalho\actions-runner'
[2025-11-13 23:22:39Z INFO HostContext] Well known directory 'Work': 'C:\Trabalho\actions-runner\_work'
[2025-11-13 23:22:49Z INFO HostContext] Well known directory 'Bin': 'C:\Trabalho\actions-runner\bin'
[2025-11-13 23:22:49Z INFO HostContext] Well known directory 'Root': 'C:\Trabalho\actions-runner'
[2025-11-13 23:22:49Z INFO HostContext] Well known directory 'Work': 'C:\Trabalho\actions-runner\_work'
[2025-11-13 23:22:59Z INFO HostContext] Well known directory 'Bin': 'C:\Trabalho\actions-runner\bin'
[2025-11-13 23:22:59Z INFO HostContext] Well known directory 'Root': 'C:\Trabalho\actions-runner'
[2025-11-13 23:22:59Z INFO HostContext] Well known directory 'Work': 'C:\Trabalho\actions-runner\_work'
[2025-11-13 23:23:09Z INFO HostContext] Well known directory 'Bin': 'C:\Trabalho\actions-runner\bin'
[2025-11-13 23:23:09Z INFO HostContext] Well known directory 'Root': 'C:\Trabalho\actions-runner'
[2025-11-13 23:23:09Z INFO HostContext] Well known directory 'Work': 'C:\Trabalho\actions-runner\_work'
[2025-11-13 23:23:19Z INFO HostContext] Well known directory 'Bin': 'C:\Trabalho\actions-runner\bin'
[2025-11-13 23:23:19Z INFO HostContext] Well known directory 'Root': 'C:\Trabalho\actions-runner'
[2025-11-13 23:23:19Z INFO HostContext] Well known directory 'Work': 'C:\Trabalho\actions-runner\_work'
[2025-11-13 23:23:29Z INFO HostContext] Well known directory 'Bin': 'C:\Trabalho\actions-runner\bin'
[2025-11-13 23:23:29Z INFO HostContext] Well known directory 'Root': 'C:\Trabalho\actions-runner'
[2025-11-13 23:23:29Z INFO HostContext] Well known directory 'Work': 'C:\Trabalho\actions-runner\_work'
[2025-11-13 23:23:39Z INFO HostContext] Well known directory 'Bin': 'C:\Trabalho\actions-runner\bin'
[2025-11-13 23:23:39Z INFO HostContext] Well known directory 'Root': 'C:\Trabalho\actions-runner'
[2025-11-13 23:23:39Z INFO HostContext] Well known directory 'Work': 'C:\Trabalho\actions-runner\_work'
[2025-11-13 23:23:49Z INFO HostContext] Well known directory 'Bin': 'C:\Trabalho\actions-runner\bin'
[2025-11-13 23:23:49Z INFO HostContext] Well known directory 'Root': 'C:\Trabalho\actions-runner'
[2025-11-13 23:23:49Z INFO HostContext] Well known directory 'Work': 'C:\Trabalho\actions-runner\_work'
[2025-11-13 23:23:59Z INFO HostContext] Well known directory 'Bin': 'C:\Trabalho\actions-runner\bin'
[2025-11-13 23:23:59Z INFO HostContext] Well known directory 'Root': 'C:\Trabalho\actions-runner'
[2025-11-13 23:23:59Z INFO HostContext] Well known directory 'Work': 'C:\Trabalho\actions-runner\_work'
[2025-11-13 23:24:09Z INFO HostContext] Well known directory 'Bin': 'C:\Trabalho\actions-runner\bin'
[2025-11-13 23:24:09Z INFO HostContext] Well known directory 'Root': 'C:\Trabalho\actions-runner'
[2025-11-13 23:24:09Z INFO HostContext] Well known directory 'Work': 'C:\Trabalho\actions-runner\_work'
[2025-11-13 23:24:19Z INFO HostContext] Well known directory 'Bin': 'C:\Trabalho\actions-runner\bin'
[2025-11-13 23:24:19Z INFO HostContext] Well known directory 'Root': 'C:\Trabalho\actions-runner'
[2025-11-13 23:24:19Z INFO HostContext] Well known directory 'Work': 'C:\Trabalho\actions-runner\_work'
[2025-11-13 23:24:27Z INFO JobServerQueue] Try to append 1 batches web console lines for record 'cd749c3e-25ac-4490-bc7f-7639abee5b4a', success rate: 1/1.
[2025-11-13 23:24:29Z INFO HostContext] Well known directory 'Bin': 'C:\Trabalho\actions-runner\bin'
[2025-11-13 23:24:29Z INFO HostContext] Well known directory 'Root': 'C:\Trabalho\actions-runner'
[2025-11-13 23:24:29Z INFO HostContext] Well known directory 'Work': 'C:\Trabalho\actions-runner\_work'
[2025-11-13 23:24:29Z INFO JobServerQueue] Try to append 1 batches web console lines for record 'cd749c3e-25ac-4490-bc7f-7639abee5b4a', success rate: 1/1.
[2025-11-13 23:24:29Z INFO JobServerQueue] Try to append 1 batches web console lines for record 'cd749c3e-25ac-4490-bc7f-7639abee5b4a', success rate: 1/1.
[2025-11-13 23:24:30Z INFO JobServerQueue] Try to append 1 batches web console lines for record 'cd749c3e-25ac-4490-bc7f-7639abee5b4a', success rate: 1/1.
[2025-11-13 23:24:30Z INFO JobServerQueue] Try to append 1 batches web console lines for record 'cd749c3e-25ac-4490-bc7f-7639abee5b4a', success rate: 1/1.
[2025-11-13 23:24:31Z INFO JobServerQueue] Try to append 1 batches web console lines for record 'cd749c3e-25ac-4490-bc7f-7639abee5b4a', success rate: 1/1.
[2025-11-13 23:24:31Z INFO JobServerQueue] Try to append 1 batches web console lines for record 'cd749c3e-25ac-4490-bc7f-7639abee5b4a', success rate: 1/1.
[2025-11-13 23:24:32Z INFO JobServerQueue] Try to append 1 batches web console lines for record 'cd749c3e-25ac-4490-bc7f-7639abee5b4a', success rate: 1/1.
[2025-11-13 23:24:33Z INFO JobServerQueue] Try to append 1 batches web console lines for record 'cd749c3e-25ac-4490-bc7f-7639abee5b4a', success rate: 1/1.
[2025-11-13 23:24:34Z INFO JobServerQueue] Try to append 1 batches web console lines for record 'cd749c3e-25ac-4490-bc7f-7639abee5b4a', success rate: 1/1.
[2025-11-13 23:24:34Z INFO ProcessInvokerWrapper] STDOUT/STDERR stream read finished.
[2025-11-13 23:24:34Z INFO ProcessInvokerWrapper] STDOUT/STDERR stream read finished.
[2025-11-13 23:24:34Z INFO ProcessInvokerWrapper] Finished process 12512 with exit code 0, and elapsed time 00:03:55.4231104.
[2025-11-13 23:24:34Z INFO CreateStepSummaryCommand] Step Summary file (C:\Trabalho\actions-runner\_work\_temp\_runner_file_commands\step_summary_40aeda18-868a-46fc-bf4e-43885cd3a5dc) is empty; skipping attachment upload
[2025-11-13 23:24:34Z INFO StepsRunner] Step result: 
[2025-11-13 23:24:34Z INFO ExecutionContext] Publish step telemetry for current step {
  "action": "actions/checkout",
  "ref": "v4",
  "type": "node20",
  "stage": "Main",
  "stepId": "cd749c3e-25ac-4490-bc7f-7639abee5b4a",
  "stepContextName": "__actions_checkout",
  "hasPreStep": false,
  "hasPostStep": true,
  "result": "succeeded",
  "errorMessages": [],
  "executionTimeInSeconds": 236,
  "startTime": "2025-11-13T23:20:39.1078894Z",
  "finishTime": "2025-11-13T23:24:34.6783646Z"
}.
[2025-11-13 23:24:34Z INFO StepsRunner] No need for updating job result with current step result 'Succeeded'.
[2025-11-13 23:24:34Z INFO StepsRunner] Current state: job state = ''
[2025-11-13 23:24:34Z INFO StepsRunner] Processing step: DisplayName='Set vars'
[2025-11-13 23:24:34Z INFO StepsRunner] Evaluating: success()
[2025-11-13 23:24:34Z INFO StepsRunner] Result: true
[2025-11-13 23:24:34Z INFO StepsRunner] Starting the step.
[2025-11-13 23:24:34Z INFO HostContext] Well known directory 'Bin': 'C:\Trabalho\actions-runner\bin'
[2025-11-13 23:24:34Z INFO HostContext] Well known directory 'Root': 'C:\Trabalho\actions-runner'
[2025-11-13 23:24:34Z INFO HostContext] Well known directory 'Work': 'C:\Trabalho\actions-runner\_work'
[2025-11-13 23:24:34Z INFO StepsRunner] Which2: 'chcp'
[2025-11-13 23:24:34Z INFO StepsRunner] Location: 'C:\WINDOWS\system32\chcp.COM'
[2025-11-13 23:24:34Z INFO ProcessInvokerWrapper] Starting process:
[2025-11-13 23:24:34Z INFO ProcessInvokerWrapper]   File name: 'C:\WINDOWS\system32\chcp.COM'
[2025-11-13 23:24:34Z INFO ProcessInvokerWrapper]   Arguments: '65001'
[2025-11-13 23:24:34Z INFO ProcessInvokerWrapper]   Working directory: 'C:\Trabalho\actions-runner\_work'
[2025-11-13 23:24:34Z INFO ProcessInvokerWrapper]   Require exit code zero: 'False'
[2025-11-13 23:24:34Z INFO ProcessInvokerWrapper]   Encoding web name:  ; code page: ''
[2025-11-13 23:24:34Z INFO ProcessInvokerWrapper]   Force kill process on cancellation: 'False'
[2025-11-13 23:24:34Z INFO ProcessInvokerWrapper]   Redirected STDIN: 'False'
[2025-11-13 23:24:34Z INFO ProcessInvokerWrapper]   Persist current code page: 'True'
[2025-11-13 23:24:34Z INFO ProcessInvokerWrapper]   Keep redirected STDIN open: 'False'
[2025-11-13 23:24:34Z INFO ProcessInvokerWrapper]   High priority process: 'False'
[2025-11-13 23:24:34Z INFO ProcessInvokerWrapper] Process started with process id 4976, waiting for process exit.
[2025-11-13 23:24:34Z INFO ProcessInvokerWrapper] STDOUT/STDERR stream read finished.
[2025-11-13 23:24:34Z INFO ProcessInvokerWrapper] STDOUT/STDERR stream read finished.
[2025-11-13 23:24:34Z INFO ProcessInvokerWrapper] Finished process 4976 with exit code 0, and elapsed time 00:00:00.0252508.
[2025-11-13 23:24:34Z INFO StepsRunner] Successfully returned to code page 65001 (UTF8)
[2025-11-13 23:24:34Z INFO HostContext] Well known directory 'Bin': 'C:\Trabalho\actions-runner\bin'
[2025-11-13 23:24:34Z INFO HostContext] Well known directory 'Root': 'C:\Trabalho\actions-runner'
[2025-11-13 23:24:34Z INFO HostContext] Well known directory 'Work': 'C:\Trabalho\actions-runner\_work'
[2025-11-13 23:24:34Z INFO HostContext] Well known directory 'Temp': 'C:\Trabalho\actions-runner\_work\_temp'
[2025-11-13 23:24:34Z INFO ExecutionContext] Write event payload to C:\Trabalho\actions-runner\_work\_temp\_github_workflow\event.json
[2025-11-13 23:24:34Z INFO HostContext] Well known directory 'Bin': 'C:\Trabalho\actions-runner\bin'
[2025-11-13 23:24:34Z INFO HostContext] Well known directory 'Root': 'C:\Trabalho\actions-runner'
[2025-11-13 23:24:34Z INFO HostContext] Well known directory 'Work': 'C:\Trabalho\actions-runner\_work'
[2025-11-13 23:24:34Z INFO HostContext] Well known directory 'Temp': 'C:\Trabalho\actions-runner\_work\_temp'
[2025-11-13 23:24:34Z INFO ExtensionManager] Getting extensions for interface: 'GitHub.Runner.Worker.IFileCommandExtension'
[2025-11-13 23:24:34Z INFO ExtensionManager] Getting extensions for interface: 'GitHub.Runner.Worker.IActionCommandExtension'
[2025-11-13 23:24:34Z INFO ActionCommandManager] Register action command extension for command internal-set-repo-path
[2025-11-13 23:24:34Z INFO ActionCommandManager] Register action command extension for command set-env
[2025-11-13 23:24:34Z INFO ActionCommandManager] Register action command extension for command set-output
[2025-11-13 23:24:34Z INFO ActionCommandManager] Register action command extension for command save-state
[2025-11-13 23:24:34Z INFO ActionCommandManager] Register action command extension for command add-path
[2025-11-13 23:24:34Z INFO ActionCommandManager] Register action command extension for command add-mask
[2025-11-13 23:24:34Z INFO ActionCommandManager] Register action command extension for command add-matcher
[2025-11-13 23:24:34Z INFO ActionCommandManager] Register action command extension for command remove-matcher
[2025-11-13 23:24:34Z INFO ActionCommandManager] Register action command extension for command warning
[2025-11-13 23:24:34Z INFO ActionCommandManager] Register action command extension for command error
[2025-11-13 23:24:34Z INFO ActionCommandManager] Register action command extension for command notice
[2025-11-13 23:24:34Z INFO ActionCommandManager] Register action command extension for command debug
[2025-11-13 23:24:34Z INFO ActionCommandManager] Register action command extension for command group
[2025-11-13 23:24:34Z INFO ActionCommandManager] Register action command extension for command endgroup
[2025-11-13 23:24:34Z INFO ActionCommandManager] Register action command extension for command echo
[2025-11-13 23:24:34Z INFO ScriptHandler] Which2: 'powershell'
[2025-11-13 23:24:34Z INFO ScriptHandler] Location: 'C:\WINDOWS\System32\WindowsPowerShell\v1.0\powershell.EXE'
[2025-11-13 23:24:34Z INFO HostContext] Well known directory 'Bin': 'C:\Trabalho\actions-runner\bin'
[2025-11-13 23:24:34Z INFO HostContext] Well known directory 'Root': 'C:\Trabalho\actions-runner'
[2025-11-13 23:24:34Z INFO HostContext] Well known directory 'Work': 'C:\Trabalho\actions-runner\_work'
[2025-11-13 23:24:34Z INFO HostContext] Well known directory 'Temp': 'C:\Trabalho\actions-runner\_work\_temp'
[2025-11-13 23:24:34Z INFO ScriptHandler] Which2: 'powershell'
[2025-11-13 23:24:34Z INFO ScriptHandler] Location: 'C:\WINDOWS\System32\WindowsPowerShell\v1.0\powershell.EXE'
[2025-11-13 23:24:34Z INFO ProcessInvokerWrapper] Starting process:
[2025-11-13 23:24:34Z INFO ProcessInvokerWrapper]   File name: 'C:\WINDOWS\System32\WindowsPowerShell\v1.0\powershell.EXE'
[2025-11-13 23:24:34Z INFO ProcessInvokerWrapper]   Arguments: '-command ". 'C:\Trabalho\actions-runner\_work\_temp\78b6c8f2-61a2-499e-a622-545f5592d72f.ps1'"'
[2025-11-13 23:24:34Z INFO ProcessInvokerWrapper]   Working directory: 'C:\Trabalho\actions-runner\_work\Trabalho\Trabalho'
[2025-11-13 23:24:34Z INFO ProcessInvokerWrapper]   Require exit code zero: 'False'
[2025-11-13 23:24:34Z INFO ProcessInvokerWrapper]   Encoding web name:  ; code page: ''
[2025-11-13 23:24:34Z INFO ProcessInvokerWrapper]   Force kill process on cancellation: 'False'
[2025-11-13 23:24:34Z INFO ProcessInvokerWrapper]   Redirected STDIN: 'False'
[2025-11-13 23:24:34Z INFO ProcessInvokerWrapper]   Persist current code page: 'True'
[2025-11-13 23:24:34Z INFO ProcessInvokerWrapper]   Keep redirected STDIN open: 'False'
[2025-11-13 23:24:34Z INFO ProcessInvokerWrapper]   High priority process: 'False'
[2025-11-13 23:24:34Z INFO ProcessInvokerWrapper] Process started with process id 17452, waiting for process exit.
[2025-11-13 23:24:34Z INFO JobServerQueue] Try to upload 1 log files or attachments, success rate: 1/1.
[2025-11-13 23:24:34Z INFO JobServerQueue] Try to append 1 batches web console lines for record 'cd749c3e-25ac-4490-bc7f-7639abee5b4a', success rate: 1/1.
[2025-11-13 23:24:34Z INFO JobServerQueue] Try to append 1 batches web console lines for record '711f105d-cd67-469c-8e2b-cd4cf094b5a4', success rate: 1/1.
[2025-11-13 23:24:35Z INFO JobServerQueue] Got a step log file to send to results service.
[2025-11-13 23:24:35Z INFO JobServerQueue] Starting upload of step log file to results service ResultsLog, C:\Trabalho\actions-runner\_diag\blocks\be150f4a-8978-4043-9a51-aaa375952667_cd749c3e-25ac-4490-bc7f-7639abee5b4a.1
[2025-11-13 23:24:35Z INFO ProcessInvokerWrapper] STDOUT/STDERR stream read finished.
[2025-11-13 23:24:35Z INFO ProcessInvokerWrapper] STDOUT/STDERR stream read finished.
[2025-11-13 23:24:35Z INFO ProcessInvokerWrapper] Finished process 17452 with exit code 0, and elapsed time 00:00:01.0378217.
[2025-11-13 23:24:35Z INFO CreateStepSummaryCommand] Step Summary file (C:\Trabalho\actions-runner\_work\_temp\_runner_file_commands\step_summary_2832ff73-bbdc-4512-930d-5214327dc2ce) is empty; skipping attachment upload
[2025-11-13 23:24:35Z INFO StepsRunner] Step result: 
[2025-11-13 23:24:35Z INFO ExecutionContext] Publish step telemetry for current step {
  "action": "powershell",
  "type": "run",
  "stage": "Main",
  "stepId": "711f105d-cd67-469c-8e2b-cd4cf094b5a4",
  "stepContextName": "vars",
  "result": "succeeded",
  "errorMessages": [],
  "executionTimeInSeconds": 2,
  "startTime": "2025-11-13T23:24:34.6807765Z",
  "finishTime": "2025-11-13T23:24:35.8075963Z"
}.
[2025-11-13 23:24:35Z INFO StepsRunner] No need for updating job result with current step result 'Succeeded'.
[2025-11-13 23:24:35Z INFO StepsRunner] Current state: job state = ''
[2025-11-13 23:24:35Z INFO StepsRunner] Processing step: DisplayName='Ensure kubectl'
[2025-11-13 23:24:35Z INFO StepsRunner] Evaluating: success()
[2025-11-13 23:24:35Z INFO StepsRunner] Result: true
[2025-11-13 23:24:35Z INFO StepsRunner] Starting the step.
[2025-11-13 23:24:35Z INFO HostContext] Well known directory 'Bin': 'C:\Trabalho\actions-runner\bin'
[2025-11-13 23:24:35Z INFO HostContext] Well known directory 'Root': 'C:\Trabalho\actions-runner'
[2025-11-13 23:24:35Z INFO HostContext] Well known directory 'Work': 'C:\Trabalho\actions-runner\_work'
[2025-11-13 23:24:35Z INFO StepsRunner] Which2: 'chcp'
[2025-11-13 23:24:35Z INFO StepsRunner] Location: 'C:\WINDOWS\system32\chcp.COM'
[2025-11-13 23:24:35Z INFO ProcessInvokerWrapper] Starting process:
[2025-11-13 23:24:35Z INFO ProcessInvokerWrapper]   File name: 'C:\WINDOWS\system32\chcp.COM'
[2025-11-13 23:24:35Z INFO ProcessInvokerWrapper]   Arguments: '65001'
[2025-11-13 23:24:35Z INFO ProcessInvokerWrapper]   Working directory: 'C:\Trabalho\actions-runner\_work'
[2025-11-13 23:24:35Z INFO ProcessInvokerWrapper]   Require exit code zero: 'False'
[2025-11-13 23:24:35Z INFO ProcessInvokerWrapper]   Encoding web name:  ; code page: ''
[2025-11-13 23:24:35Z INFO ProcessInvokerWrapper]   Force kill process on cancellation: 'False'
[2025-11-13 23:24:35Z INFO ProcessInvokerWrapper]   Redirected STDIN: 'False'
[2025-11-13 23:24:35Z INFO ProcessInvokerWrapper]   Persist current code page: 'True'
[2025-11-13 23:24:35Z INFO ProcessInvokerWrapper]   Keep redirected STDIN open: 'False'
[2025-11-13 23:24:35Z INFO ProcessInvokerWrapper]   High priority process: 'False'
[2025-11-13 23:24:35Z INFO JobServerQueue] Try to upload 1 log files or attachments, success rate: 1/1.
[2025-11-13 23:24:35Z INFO ProcessInvokerWrapper] Process started with process id 12180, waiting for process exit.
[2025-11-13 23:24:35Z INFO ProcessInvokerWrapper] STDOUT/STDERR stream read finished.
[2025-11-13 23:24:35Z INFO ProcessInvokerWrapper] STDOUT/STDERR stream read finished.
[2025-11-13 23:24:35Z INFO ProcessInvokerWrapper] Finished process 12180 with exit code 0, and elapsed time 00:00:00.0213743.
[2025-11-13 23:24:35Z INFO StepsRunner] Successfully returned to code page 65001 (UTF8)
[2025-11-13 23:24:35Z INFO HostContext] Well known directory 'Bin': 'C:\Trabalho\actions-runner\bin'
[2025-11-13 23:24:35Z INFO HostContext] Well known directory 'Root': 'C:\Trabalho\actions-runner'
[2025-11-13 23:24:35Z INFO HostContext] Well known directory 'Work': 'C:\Trabalho\actions-runner\_work'
[2025-11-13 23:24:35Z INFO HostContext] Well known directory 'Temp': 'C:\Trabalho\actions-runner\_work\_temp'
[2025-11-13 23:24:35Z INFO ExecutionContext] Write event payload to C:\Trabalho\actions-runner\_work\_temp\_github_workflow\event.json
[2025-11-13 23:24:35Z INFO HostContext] Well known directory 'Bin': 'C:\Trabalho\actions-runner\bin'
[2025-11-13 23:24:35Z INFO HostContext] Well known directory 'Root': 'C:\Trabalho\actions-runner'
[2025-11-13 23:24:35Z INFO HostContext] Well known directory 'Work': 'C:\Trabalho\actions-runner\_work'
[2025-11-13 23:24:35Z INFO HostContext] Well known directory 'Temp': 'C:\Trabalho\actions-runner\_work\_temp'
[2025-11-13 23:24:35Z INFO ExtensionManager] Getting extensions for interface: 'GitHub.Runner.Worker.IFileCommandExtension'
[2025-11-13 23:24:35Z INFO ExtensionManager] Getting extensions for interface: 'GitHub.Runner.Worker.IActionCommandExtension'
[2025-11-13 23:24:35Z INFO ActionCommandManager] Register action command extension for command internal-set-repo-path
[2025-11-13 23:24:35Z INFO ActionCommandManager] Register action command extension for command set-env
[2025-11-13 23:24:35Z INFO ActionCommandManager] Register action command extension for command set-output
[2025-11-13 23:24:35Z INFO ActionCommandManager] Register action command extension for command save-state
[2025-11-13 23:24:35Z INFO ActionCommandManager] Register action command extension for command add-path
[2025-11-13 23:24:35Z INFO ActionCommandManager] Register action command extension for command add-mask
[2025-11-13 23:24:35Z INFO ActionCommandManager] Register action command extension for command add-matcher
[2025-11-13 23:24:35Z INFO ActionCommandManager] Register action command extension for command remove-matcher
[2025-11-13 23:24:35Z INFO ActionCommandManager] Register action command extension for command warning
[2025-11-13 23:24:35Z INFO ActionCommandManager] Register action command extension for command error
[2025-11-13 23:24:35Z INFO ActionCommandManager] Register action command extension for command notice
[2025-11-13 23:24:35Z INFO ActionCommandManager] Register action command extension for command debug
[2025-11-13 23:24:35Z INFO ActionCommandManager] Register action command extension for command group
[2025-11-13 23:24:35Z INFO ActionCommandManager] Register action command extension for command endgroup
[2025-11-13 23:24:35Z INFO ActionCommandManager] Register action command extension for command echo
[2025-11-13 23:24:35Z INFO ScriptHandler] Which2: 'powershell'
[2025-11-13 23:24:35Z INFO ScriptHandler] Location: 'C:\WINDOWS\System32\WindowsPowerShell\v1.0\powershell.EXE'
[2025-11-13 23:24:35Z INFO HostContext] Well known directory 'Bin': 'C:\Trabalho\actions-runner\bin'
[2025-11-13 23:24:35Z INFO HostContext] Well known directory 'Root': 'C:\Trabalho\actions-runner'
[2025-11-13 23:24:35Z INFO HostContext] Well known directory 'Work': 'C:\Trabalho\actions-runner\_work'
[2025-11-13 23:24:35Z INFO HostContext] Well known directory 'Temp': 'C:\Trabalho\actions-runner\_work\_temp'
[2025-11-13 23:24:35Z INFO ScriptHandler] Which2: 'powershell'
[2025-11-13 23:24:35Z INFO ScriptHandler] Location: 'C:\WINDOWS\System32\WindowsPowerShell\v1.0\powershell.EXE'
[2025-11-13 23:24:35Z INFO ProcessInvokerWrapper] Starting process:
[2025-11-13 23:24:35Z INFO ProcessInvokerWrapper]   File name: 'C:\WINDOWS\System32\WindowsPowerShell\v1.0\powershell.EXE'
[2025-11-13 23:24:35Z INFO ProcessInvokerWrapper]   Arguments: '-command ". 'C:\Trabalho\actions-runner\_work\_temp\a6c6c93f-4ad8-4d7a-a788-569c78cfa761.ps1'"'
[2025-11-13 23:24:35Z INFO ProcessInvokerWrapper]   Working directory: 'C:\Trabalho\actions-runner\_work\Trabalho\Trabalho'
[2025-11-13 23:24:35Z INFO ProcessInvokerWrapper]   Require exit code zero: 'False'
[2025-11-13 23:24:35Z INFO ProcessInvokerWrapper]   Encoding web name:  ; code page: ''
[2025-11-13 23:24:35Z INFO ProcessInvokerWrapper]   Force kill process on cancellation: 'False'
[2025-11-13 23:24:35Z INFO ProcessInvokerWrapper]   Redirected STDIN: 'False'
[2025-11-13 23:24:35Z INFO ProcessInvokerWrapper]   Persist current code page: 'True'
[2025-11-13 23:24:35Z INFO ProcessInvokerWrapper]   Keep redirected STDIN open: 'False'
[2025-11-13 23:24:35Z INFO ProcessInvokerWrapper]   High priority process: 'False'
[2025-11-13 23:24:35Z INFO ProcessInvokerWrapper] Process started with process id 6164, waiting for process exit.
[2025-11-13 23:24:36Z INFO JobServerQueue] Try to append 1 batches web console lines for record 'ad2c3a99-924a-4ffb-9a96-02c7e56c6732', success rate: 1/1.
[2025-11-13 23:24:36Z INFO JobServerQueue] Try to append 1 batches web console lines for record 'ad2c3a99-924a-4ffb-9a96-02c7e56c6732', success rate: 1/1.
[2025-11-13 23:24:36Z INFO ProcessInvokerWrapper] STDOUT/STDERR stream read finished.
[2025-11-13 23:24:36Z INFO ProcessInvokerWrapper] STDOUT/STDERR stream read finished.
[2025-11-13 23:24:36Z INFO ProcessInvokerWrapper] Finished process 6164 with exit code 0, and elapsed time 00:00:00.7135933.
[2025-11-13 23:24:36Z INFO CreateStepSummaryCommand] Step Summary file (C:\Trabalho\actions-runner\_work\_temp\_runner_file_commands\step_summary_c3ef6088-e4fd-4f55-adb2-7de5fa4f814c) is empty; skipping attachment upload
[2025-11-13 23:24:36Z INFO StepsRunner] Step result: 
[2025-11-13 23:24:36Z INFO ExecutionContext] Publish step telemetry for current step {
  "action": "powershell",
  "type": "run",
  "stage": "Main",
  "stepId": "ad2c3a99-924a-4ffb-9a96-02c7e56c6732",
  "stepContextName": "__run",
  "result": "succeeded",
  "errorMessages": [],
  "executionTimeInSeconds": 1,
  "startTime": "2025-11-13T23:24:35.8123713Z",
  "finishTime": "2025-11-13T23:24:36.5666557Z"
}.
[2025-11-13 23:24:36Z INFO StepsRunner] No need for updating job result with current step result 'Succeeded'.
[2025-11-13 23:24:36Z INFO StepsRunner] Current state: job state = ''
[2025-11-13 23:24:36Z INFO StepsRunner] Processing step: DisplayName='Ensure Minikube running'
[2025-11-13 23:24:36Z INFO StepsRunner] Evaluating: success()
[2025-11-13 23:24:36Z INFO StepsRunner] Result: true
[2025-11-13 23:24:36Z INFO StepsRunner] Starting the step.
[2025-11-13 23:24:36Z INFO HostContext] Well known directory 'Bin': 'C:\Trabalho\actions-runner\bin'
[2025-11-13 23:24:36Z INFO HostContext] Well known directory 'Root': 'C:\Trabalho\actions-runner'
[2025-11-13 23:24:36Z INFO HostContext] Well known directory 'Work': 'C:\Trabalho\actions-runner\_work'
[2025-11-13 23:24:36Z INFO StepsRunner] Which2: 'chcp'
[2025-11-13 23:24:36Z INFO StepsRunner] Location: 'C:\WINDOWS\system32\chcp.COM'
[2025-11-13 23:24:36Z INFO ProcessInvokerWrapper] Starting process:
[2025-11-13 23:24:36Z INFO ProcessInvokerWrapper]   File name: 'C:\WINDOWS\system32\chcp.COM'
[2025-11-13 23:24:36Z INFO ProcessInvokerWrapper]   Arguments: '65001'
[2025-11-13 23:24:36Z INFO ProcessInvokerWrapper]   Working directory: 'C:\Trabalho\actions-runner\_work'
[2025-11-13 23:24:36Z INFO ProcessInvokerWrapper]   Require exit code zero: 'False'
[2025-11-13 23:24:36Z INFO ProcessInvokerWrapper]   Encoding web name:  ; code page: ''
[2025-11-13 23:24:36Z INFO ProcessInvokerWrapper]   Force kill process on cancellation: 'False'
[2025-11-13 23:24:36Z INFO ProcessInvokerWrapper]   Redirected STDIN: 'False'
[2025-11-13 23:24:36Z INFO ProcessInvokerWrapper]   Persist current code page: 'True'
[2025-11-13 23:24:36Z INFO ProcessInvokerWrapper]   Keep redirected STDIN open: 'False'
[2025-11-13 23:24:36Z INFO ProcessInvokerWrapper]   High priority process: 'False'
[2025-11-13 23:24:36Z INFO ProcessInvokerWrapper] Process started with process id 9168, waiting for process exit.
[2025-11-13 23:24:36Z INFO ProcessInvokerWrapper] STDOUT/STDERR stream read finished.
[2025-11-13 23:24:36Z INFO ProcessInvokerWrapper] STDOUT/STDERR stream read finished.
[2025-11-13 23:24:36Z INFO ProcessInvokerWrapper] Finished process 9168 with exit code 0, and elapsed time 00:00:00.0109349.
[2025-11-13 23:24:36Z INFO StepsRunner] Successfully returned to code page 65001 (UTF8)
[2025-11-13 23:24:36Z INFO HostContext] Well known directory 'Bin': 'C:\Trabalho\actions-runner\bin'
[2025-11-13 23:24:36Z INFO HostContext] Well known directory 'Root': 'C:\Trabalho\actions-runner'
[2025-11-13 23:24:36Z INFO HostContext] Well known directory 'Work': 'C:\Trabalho\actions-runner\_work'
[2025-11-13 23:24:36Z INFO HostContext] Well known directory 'Temp': 'C:\Trabalho\actions-runner\_work\_temp'
[2025-11-13 23:24:36Z INFO ExecutionContext] Write event payload to C:\Trabalho\actions-runner\_work\_temp\_github_workflow\event.json
[2025-11-13 23:24:36Z INFO HostContext] Well known directory 'Bin': 'C:\Trabalho\actions-runner\bin'
[2025-11-13 23:24:36Z INFO HostContext] Well known directory 'Root': 'C:\Trabalho\actions-runner'
[2025-11-13 23:24:36Z INFO HostContext] Well known directory 'Work': 'C:\Trabalho\actions-runner\_work'
[2025-11-13 23:24:36Z INFO HostContext] Well known directory 'Temp': 'C:\Trabalho\actions-runner\_work\_temp'
[2025-11-13 23:24:36Z INFO ExtensionManager] Getting extensions for interface: 'GitHub.Runner.Worker.IFileCommandExtension'
[2025-11-13 23:24:36Z INFO ExtensionManager] Getting extensions for interface: 'GitHub.Runner.Worker.IActionCommandExtension'
[2025-11-13 23:24:36Z INFO ActionCommandManager] Register action command extension for command internal-set-repo-path
[2025-11-13 23:24:36Z INFO ActionCommandManager] Register action command extension for command set-env
[2025-11-13 23:24:36Z INFO ActionCommandManager] Register action command extension for command set-output
[2025-11-13 23:24:36Z INFO ActionCommandManager] Register action command extension for command save-state
[2025-11-13 23:24:36Z INFO ActionCommandManager] Register action command extension for command add-path
[2025-11-13 23:24:36Z INFO ActionCommandManager] Register action command extension for command add-mask
[2025-11-13 23:24:36Z INFO ActionCommandManager] Register action command extension for command add-matcher
[2025-11-13 23:24:36Z INFO ActionCommandManager] Register action command extension for command remove-matcher
[2025-11-13 23:24:36Z INFO ActionCommandManager] Register action command extension for command warning
[2025-11-13 23:24:36Z INFO ActionCommandManager] Register action command extension for command error
[2025-11-13 23:24:36Z INFO ActionCommandManager] Register action command extension for command notice
[2025-11-13 23:24:36Z INFO ActionCommandManager] Register action command extension for command debug
[2025-11-13 23:24:36Z INFO ActionCommandManager] Register action command extension for command group
[2025-11-13 23:24:36Z INFO ActionCommandManager] Register action command extension for command endgroup
[2025-11-13 23:24:36Z INFO ActionCommandManager] Register action command extension for command echo
[2025-11-13 23:24:36Z INFO ScriptHandler] Which2: 'powershell'
[2025-11-13 23:24:36Z INFO ScriptHandler] Location: 'C:\WINDOWS\System32\WindowsPowerShell\v1.0\powershell.EXE'
[2025-11-13 23:24:36Z INFO HostContext] Well known directory 'Bin': 'C:\Trabalho\actions-runner\bin'
[2025-11-13 23:24:36Z INFO HostContext] Well known directory 'Root': 'C:\Trabalho\actions-runner'
[2025-11-13 23:24:36Z INFO HostContext] Well known directory 'Work': 'C:\Trabalho\actions-runner\_work'
[2025-11-13 23:24:36Z INFO HostContext] Well known directory 'Temp': 'C:\Trabalho\actions-runner\_work\_temp'
[2025-11-13 23:24:36Z INFO ScriptHandler] Which2: 'powershell'
[2025-11-13 23:24:36Z INFO ScriptHandler] Location: 'C:\WINDOWS\System32\WindowsPowerShell\v1.0\powershell.EXE'
[2025-11-13 23:24:36Z INFO ProcessInvokerWrapper] Starting process:
[2025-11-13 23:24:36Z INFO ProcessInvokerWrapper]   File name: 'C:\WINDOWS\System32\WindowsPowerShell\v1.0\powershell.EXE'
[2025-11-13 23:24:36Z INFO ProcessInvokerWrapper]   Arguments: '-command ". 'C:\Trabalho\actions-runner\_work\_temp\b7c348bc-a709-473e-9171-c3fd1f9b3380.ps1'"'
[2025-11-13 23:24:36Z INFO ProcessInvokerWrapper]   Working directory: 'C:\Trabalho\actions-runner\_work\Trabalho\Trabalho'
[2025-11-13 23:24:36Z INFO ProcessInvokerWrapper]   Require exit code zero: 'False'
[2025-11-13 23:24:36Z INFO ProcessInvokerWrapper]   Encoding web name:  ; code page: ''
[2025-11-13 23:24:36Z INFO ProcessInvokerWrapper]   Force kill process on cancellation: 'False'
[2025-11-13 23:24:36Z INFO ProcessInvokerWrapper]   Redirected STDIN: 'False'
[2025-11-13 23:24:36Z INFO ProcessInvokerWrapper]   Persist current code page: 'True'
[2025-11-13 23:24:36Z INFO ProcessInvokerWrapper]   Keep redirected STDIN open: 'False'
[2025-11-13 23:24:36Z INFO ProcessInvokerWrapper]   High priority process: 'False'
[2025-11-13 23:24:36Z INFO ProcessInvokerWrapper] Process started with process id 2700, waiting for process exit.
[2025-11-13 23:24:36Z INFO JobServerQueue] Try to upload 1 log files or attachments, success rate: 1/1.
[2025-11-13 23:24:36Z INFO JobServerQueue] Tried to upload 1 file(s) to results, success rate: 1/1.
[2025-11-13 23:24:37Z INFO JobServerQueue] Try to append 1 batches web console lines for record '838b5625-37f8-4c76-9c54-9de787cbb3b0', success rate: 1/1.
[2025-11-13 23:24:37Z INFO JobServerQueue] Got a step log file to send to results service.
[2025-11-13 23:24:37Z INFO JobServerQueue] Starting upload of step log file to results service ResultsLog, C:\Trabalho\actions-runner\_diag\blocks\be150f4a-8978-4043-9a51-aaa375952667_711f105d-cd67-469c-8e2b-cd4cf094b5a4.1
[2025-11-13 23:24:38Z INFO JobServerQueue] Got a step log file to send to results service.
[2025-11-13 23:24:38Z INFO JobServerQueue] Starting upload of step log file to results service ResultsLog, C:\Trabalho\actions-runner\_diag\blocks\be150f4a-8978-4043-9a51-aaa375952667_ad2c3a99-924a-4ffb-9a96-02c7e56c6732.1
[2025-11-13 23:24:39Z INFO JobServerQueue] Try to append 1 batches web console lines for record '838b5625-37f8-4c76-9c54-9de787cbb3b0', success rate: 1/1.
[2025-11-13 23:24:39Z INFO ProcessInvokerWrapper] STDOUT/STDERR stream read finished.
[2025-11-13 23:24:39Z INFO ProcessInvokerWrapper] STDOUT/STDERR stream read finished.
[2025-11-13 23:24:39Z INFO ProcessInvokerWrapper] Finished process 2700 with exit code 0, and elapsed time 00:00:02.6125768.
[2025-11-13 23:24:39Z INFO CreateStepSummaryCommand] Step Summary file (C:\Trabalho\actions-runner\_work\_temp\_runner_file_commands\step_summary_3b69b7b5-fc12-4e50-be3d-b05c03342915) is empty; skipping attachment upload
[2025-11-13 23:24:39Z INFO StepsRunner] Step result: 
[2025-11-13 23:24:39Z INFO ExecutionContext] Publish step telemetry for current step {
  "action": "powershell",
  "type": "run",
  "stage": "Main",
  "stepId": "838b5625-37f8-4c76-9c54-9de787cbb3b0",
  "stepContextName": "__run_2",
  "result": "succeeded",
  "errorMessages": [],
  "executionTimeInSeconds": 3,
  "startTime": "2025-11-13T23:24:36.5682643Z",
  "finishTime": "2025-11-13T23:24:39.2116377Z"
}.
[2025-11-13 23:24:39Z INFO StepsRunner] No need for updating job result with current step result 'Succeeded'.
[2025-11-13 23:24:39Z INFO StepsRunner] Current state: job state = ''
[2025-11-13 23:24:39Z INFO StepsRunner] Processing step: DisplayName='Wait for API server (healthz)'
[2025-11-13 23:24:39Z INFO StepsRunner] Evaluating: success()
[2025-11-13 23:24:39Z INFO StepsRunner] Result: true
[2025-11-13 23:24:39Z INFO StepsRunner] Starting the step.
[2025-11-13 23:24:39Z INFO HostContext] Well known directory 'Bin': 'C:\Trabalho\actions-runner\bin'
[2025-11-13 23:24:39Z INFO HostContext] Well known directory 'Root': 'C:\Trabalho\actions-runner'
[2025-11-13 23:24:39Z INFO HostContext] Well known directory 'Work': 'C:\Trabalho\actions-runner\_work'
[2025-11-13 23:24:39Z INFO StepsRunner] Which2: 'chcp'
[2025-11-13 23:24:39Z INFO StepsRunner] Location: 'C:\WINDOWS\system32\chcp.COM'
[2025-11-13 23:24:39Z INFO ProcessInvokerWrapper] Starting process:
[2025-11-13 23:24:39Z INFO ProcessInvokerWrapper]   File name: 'C:\WINDOWS\system32\chcp.COM'
[2025-11-13 23:24:39Z INFO ProcessInvokerWrapper]   Arguments: '65001'
[2025-11-13 23:24:39Z INFO ProcessInvokerWrapper]   Working directory: 'C:\Trabalho\actions-runner\_work'
[2025-11-13 23:24:39Z INFO ProcessInvokerWrapper]   Require exit code zero: 'False'
[2025-11-13 23:24:39Z INFO ProcessInvokerWrapper]   Encoding web name:  ; code page: ''
[2025-11-13 23:24:39Z INFO ProcessInvokerWrapper]   Force kill process on cancellation: 'False'
[2025-11-13 23:24:39Z INFO ProcessInvokerWrapper]   Redirected STDIN: 'False'
[2025-11-13 23:24:39Z INFO ProcessInvokerWrapper]   Persist current code page: 'True'
[2025-11-13 23:24:39Z INFO ProcessInvokerWrapper]   Keep redirected STDIN open: 'False'
[2025-11-13 23:24:39Z INFO ProcessInvokerWrapper]   High priority process: 'False'
[2025-11-13 23:24:39Z INFO ProcessInvokerWrapper] Process started with process id 8984, waiting for process exit.
[2025-11-13 23:24:39Z INFO ProcessInvokerWrapper] STDOUT/STDERR stream read finished.
[2025-11-13 23:24:39Z INFO ProcessInvokerWrapper] STDOUT/STDERR stream read finished.
[2025-11-13 23:24:39Z INFO ProcessInvokerWrapper] Finished process 8984 with exit code 0, and elapsed time 00:00:00.0106102.
[2025-11-13 23:24:39Z INFO StepsRunner] Successfully returned to code page 65001 (UTF8)
[2025-11-13 23:24:39Z INFO HostContext] Well known directory 'Bin': 'C:\Trabalho\actions-runner\bin'
[2025-11-13 23:24:39Z INFO HostContext] Well known directory 'Root': 'C:\Trabalho\actions-runner'
[2025-11-13 23:24:39Z INFO HostContext] Well known directory 'Work': 'C:\Trabalho\actions-runner\_work'
[2025-11-13 23:24:39Z INFO HostContext] Well known directory 'Temp': 'C:\Trabalho\actions-runner\_work\_temp'
[2025-11-13 23:24:39Z INFO ExecutionContext] Write event payload to C:\Trabalho\actions-runner\_work\_temp\_github_workflow\event.json
[2025-11-13 23:24:39Z INFO HostContext] Well known directory 'Bin': 'C:\Trabalho\actions-runner\bin'
[2025-11-13 23:24:39Z INFO HostContext] Well known directory 'Root': 'C:\Trabalho\actions-runner'
[2025-11-13 23:24:39Z INFO HostContext] Well known directory 'Work': 'C:\Trabalho\actions-runner\_work'
[2025-11-13 23:24:39Z INFO HostContext] Well known directory 'Temp': 'C:\Trabalho\actions-runner\_work\_temp'
[2025-11-13 23:24:39Z INFO ExtensionManager] Getting extensions for interface: 'GitHub.Runner.Worker.IFileCommandExtension'
[2025-11-13 23:24:39Z INFO ExtensionManager] Getting extensions for interface: 'GitHub.Runner.Worker.IActionCommandExtension'
[2025-11-13 23:24:39Z INFO ActionCommandManager] Register action command extension for command internal-set-repo-path
[2025-11-13 23:24:39Z INFO ActionCommandManager] Register action command extension for command set-env
[2025-11-13 23:24:39Z INFO ActionCommandManager] Register action command extension for command set-output
[2025-11-13 23:24:39Z INFO ActionCommandManager] Register action command extension for command save-state
[2025-11-13 23:24:39Z INFO ActionCommandManager] Register action command extension for command add-path
[2025-11-13 23:24:39Z INFO ActionCommandManager] Register action command extension for command add-mask
[2025-11-13 23:24:39Z INFO ActionCommandManager] Register action command extension for command add-matcher
[2025-11-13 23:24:39Z INFO ActionCommandManager] Register action command extension for command remove-matcher
[2025-11-13 23:24:39Z INFO ActionCommandManager] Register action command extension for command warning
[2025-11-13 23:24:39Z INFO ActionCommandManager] Register action command extension for command error
[2025-11-13 23:24:39Z INFO ActionCommandManager] Register action command extension for command notice
[2025-11-13 23:24:39Z INFO ActionCommandManager] Register action command extension for command debug
[2025-11-13 23:24:39Z INFO ActionCommandManager] Register action command extension for command group
[2025-11-13 23:24:39Z INFO ActionCommandManager] Register action command extension for command endgroup
[2025-11-13 23:24:39Z INFO ActionCommandManager] Register action command extension for command echo
[2025-11-13 23:24:39Z INFO ScriptHandler] Which2: 'powershell'
[2025-11-13 23:24:39Z INFO ScriptHandler] Location: 'C:\WINDOWS\System32\WindowsPowerShell\v1.0\powershell.EXE'
[2025-11-13 23:24:39Z INFO HostContext] Well known directory 'Bin': 'C:\Trabalho\actions-runner\bin'
[2025-11-13 23:24:39Z INFO HostContext] Well known directory 'Root': 'C:\Trabalho\actions-runner'
[2025-11-13 23:24:39Z INFO HostContext] Well known directory 'Work': 'C:\Trabalho\actions-runner\_work'
[2025-11-13 23:24:39Z INFO HostContext] Well known directory 'Temp': 'C:\Trabalho\actions-runner\_work\_temp'
[2025-11-13 23:24:39Z INFO ScriptHandler] Which2: 'powershell'
[2025-11-13 23:24:39Z INFO ScriptHandler] Location: 'C:\WINDOWS\System32\WindowsPowerShell\v1.0\powershell.EXE'
[2025-11-13 23:24:39Z INFO ProcessInvokerWrapper] Starting process:
[2025-11-13 23:24:39Z INFO ProcessInvokerWrapper]   File name: 'C:\WINDOWS\System32\WindowsPowerShell\v1.0\powershell.EXE'
[2025-11-13 23:24:39Z INFO ProcessInvokerWrapper]   Arguments: '-command ". 'C:\Trabalho\actions-runner\_work\_temp\b43b5590-fe50-4461-ad5d-a444bf597f0d.ps1'"'
[2025-11-13 23:24:39Z INFO ProcessInvokerWrapper]   Working directory: 'C:\Trabalho\actions-runner\_work\Trabalho\Trabalho'
[2025-11-13 23:24:39Z INFO ProcessInvokerWrapper]   Require exit code zero: 'False'
[2025-11-13 23:24:39Z INFO ProcessInvokerWrapper]   Encoding web name:  ; code page: ''
[2025-11-13 23:24:39Z INFO ProcessInvokerWrapper]   Force kill process on cancellation: 'False'
[2025-11-13 23:24:39Z INFO ProcessInvokerWrapper]   Redirected STDIN: 'False'
[2025-11-13 23:24:39Z INFO ProcessInvokerWrapper]   Persist current code page: 'True'
[2025-11-13 23:24:39Z INFO ProcessInvokerWrapper]   Keep redirected STDIN open: 'False'
[2025-11-13 23:24:39Z INFO ProcessInvokerWrapper]   High priority process: 'False'
[2025-11-13 23:24:39Z INFO ProcessInvokerWrapper] Process started with process id 20220, waiting for process exit.
[2025-11-13 23:24:39Z INFO HostContext] Well known directory 'Bin': 'C:\Trabalho\actions-runner\bin'
[2025-11-13 23:24:39Z INFO HostContext] Well known directory 'Root': 'C:\Trabalho\actions-runner'
[2025-11-13 23:24:39Z INFO HostContext] Well known directory 'Work': 'C:\Trabalho\actions-runner\_work'
[2025-11-13 23:24:39Z INFO JobServerQueue] Tried to upload 2 file(s) to results, success rate: 2/2.
[2025-11-13 23:24:39Z INFO JobServerQueue] Try to append 1 batches web console lines for record '838b5625-37f8-4c76-9c54-9de787cbb3b0', success rate: 1/1.
[2025-11-13 23:24:39Z INFO JobServerQueue] Try to append 1 batches web console lines for record '06e7527a-0b10-4f43-8403-e339c80ca4f8', success rate: 1/1.
[2025-11-13 23:24:39Z INFO JobServerQueue] Try to upload 1 log files or attachments, success rate: 1/1.
[2025-11-13 23:24:40Z INFO JobServerQueue] Try to append 1 batches web console lines for record '06e7527a-0b10-4f43-8403-e339c80ca4f8', success rate: 1/1.
[2025-11-13 23:24:40Z INFO ProcessInvokerWrapper] STDOUT/STDERR stream read finished.
[2025-11-13 23:24:40Z INFO ProcessInvokerWrapper] STDOUT/STDERR stream read finished.
[2025-11-13 23:24:40Z INFO ProcessInvokerWrapper] Finished process 20220 with exit code 0, and elapsed time 00:00:01.0725868.
[2025-11-13 23:24:40Z INFO CreateStepSummaryCommand] Step Summary file (C:\Trabalho\actions-runner\_work\_temp\_runner_file_commands\step_summary_2d018070-4830-4f46-ac4b-6f6163028851) is empty; skipping attachment upload
[2025-11-13 23:24:40Z INFO StepsRunner] Step result: 
[2025-11-13 23:24:40Z INFO ExecutionContext] Publish step telemetry for current step {
  "action": "powershell",
  "type": "run",
  "stage": "Main",
  "stepId": "06e7527a-0b10-4f43-8403-e339c80ca4f8",
  "stepContextName": "__run_3",
  "result": "succeeded",
  "errorMessages": [],
  "executionTimeInSeconds": 2,
  "startTime": "2025-11-13T23:24:39.2141651Z",
  "finishTime": "2025-11-13T23:24:40.3175524Z"
}.
[2025-11-13 23:24:40Z INFO StepsRunner] No need for updating job result with current step result 'Succeeded'.
[2025-11-13 23:24:40Z INFO StepsRunner] Current state: job state = ''
[2025-11-13 23:24:40Z INFO StepsRunner] Processing step: DisplayName='Create namespace if not exists'
[2025-11-13 23:24:40Z INFO StepsRunner] Evaluating: success()
[2025-11-13 23:24:40Z INFO StepsRunner] Result: true
[2025-11-13 23:24:40Z INFO StepsRunner] Starting the step.
[2025-11-13 23:24:40Z INFO HostContext] Well known directory 'Bin': 'C:\Trabalho\actions-runner\bin'
[2025-11-13 23:24:40Z INFO HostContext] Well known directory 'Root': 'C:\Trabalho\actions-runner'
[2025-11-13 23:24:40Z INFO HostContext] Well known directory 'Work': 'C:\Trabalho\actions-runner\_work'
[2025-11-13 23:24:40Z INFO StepsRunner] Which2: 'chcp'
[2025-11-13 23:24:40Z INFO StepsRunner] Location: 'C:\WINDOWS\system32\chcp.COM'
[2025-11-13 23:24:40Z INFO ProcessInvokerWrapper] Starting process:
[2025-11-13 23:24:40Z INFO ProcessInvokerWrapper]   File name: 'C:\WINDOWS\system32\chcp.COM'
[2025-11-13 23:24:40Z INFO ProcessInvokerWrapper]   Arguments: '65001'
[2025-11-13 23:24:40Z INFO ProcessInvokerWrapper]   Working directory: 'C:\Trabalho\actions-runner\_work'
[2025-11-13 23:24:40Z INFO ProcessInvokerWrapper]   Require exit code zero: 'False'
[2025-11-13 23:24:40Z INFO ProcessInvokerWrapper]   Encoding web name:  ; code page: ''
[2025-11-13 23:24:40Z INFO ProcessInvokerWrapper]   Force kill process on cancellation: 'False'
[2025-11-13 23:24:40Z INFO ProcessInvokerWrapper]   Redirected STDIN: 'False'
[2025-11-13 23:24:40Z INFO ProcessInvokerWrapper]   Persist current code page: 'True'
[2025-11-13 23:24:40Z INFO ProcessInvokerWrapper]   Keep redirected STDIN open: 'False'
[2025-11-13 23:24:40Z INFO ProcessInvokerWrapper]   High priority process: 'False'
[2025-11-13 23:24:40Z INFO ProcessInvokerWrapper] Process started with process id 15384, waiting for process exit.
[2025-11-13 23:24:40Z INFO ProcessInvokerWrapper] STDOUT/STDERR stream read finished.
[2025-11-13 23:24:40Z INFO ProcessInvokerWrapper] STDOUT/STDERR stream read finished.
[2025-11-13 23:24:40Z INFO ProcessInvokerWrapper] Finished process 15384 with exit code 0, and elapsed time 00:00:00.0126163.
[2025-11-13 23:24:40Z INFO StepsRunner] Successfully returned to code page 65001 (UTF8)
[2025-11-13 23:24:40Z INFO HostContext] Well known directory 'Bin': 'C:\Trabalho\actions-runner\bin'
[2025-11-13 23:24:40Z INFO HostContext] Well known directory 'Root': 'C:\Trabalho\actions-runner'
[2025-11-13 23:24:40Z INFO HostContext] Well known directory 'Work': 'C:\Trabalho\actions-runner\_work'
[2025-11-13 23:24:40Z INFO HostContext] Well known directory 'Temp': 'C:\Trabalho\actions-runner\_work\_temp'
[2025-11-13 23:24:40Z INFO ExecutionContext] Write event payload to C:\Trabalho\actions-runner\_work\_temp\_github_workflow\event.json
[2025-11-13 23:24:40Z INFO JobServerQueue] Got a step log file to send to results service.
[2025-11-13 23:24:40Z INFO JobServerQueue] Starting upload of step log file to results service ResultsLog, C:\Trabalho\actions-runner\_diag\blocks\be150f4a-8978-4043-9a51-aaa375952667_838b5625-37f8-4c76-9c54-9de787cbb3b0.1
[2025-11-13 23:24:40Z INFO HostContext] Well known directory 'Bin': 'C:\Trabalho\actions-runner\bin'
[2025-11-13 23:24:40Z INFO HostContext] Well known directory 'Root': 'C:\Trabalho\actions-runner'
[2025-11-13 23:24:40Z INFO HostContext] Well known directory 'Work': 'C:\Trabalho\actions-runner\_work'
[2025-11-13 23:24:40Z INFO HostContext] Well known directory 'Temp': 'C:\Trabalho\actions-runner\_work\_temp'
[2025-11-13 23:24:40Z INFO ExtensionManager] Getting extensions for interface: 'GitHub.Runner.Worker.IFileCommandExtension'
[2025-11-13 23:24:40Z INFO ExtensionManager] Getting extensions for interface: 'GitHub.Runner.Worker.IActionCommandExtension'
[2025-11-13 23:24:40Z INFO ActionCommandManager] Register action command extension for command internal-set-repo-path
[2025-11-13 23:24:40Z INFO ActionCommandManager] Register action command extension for command set-env
[2025-11-13 23:24:40Z INFO ActionCommandManager] Register action command extension for command set-output
[2025-11-13 23:24:40Z INFO ActionCommandManager] Register action command extension for command save-state
[2025-11-13 23:24:40Z INFO ActionCommandManager] Register action command extension for command add-path
[2025-11-13 23:24:40Z INFO ActionCommandManager] Register action command extension for command add-mask
[2025-11-13 23:24:40Z INFO ActionCommandManager] Register action command extension for command add-matcher
[2025-11-13 23:24:40Z INFO ActionCommandManager] Register action command extension for command remove-matcher
[2025-11-13 23:24:40Z INFO ActionCommandManager] Register action command extension for command warning
[2025-11-13 23:24:40Z INFO ActionCommandManager] Register action command extension for command error
[2025-11-13 23:24:40Z INFO ActionCommandManager] Register action command extension for command notice
[2025-11-13 23:24:40Z INFO ActionCommandManager] Register action command extension for command debug
[2025-11-13 23:24:40Z INFO ActionCommandManager] Register action command extension for command group
[2025-11-13 23:24:40Z INFO ActionCommandManager] Register action command extension for command endgroup
[2025-11-13 23:24:40Z INFO ActionCommandManager] Register action command extension for command echo
[2025-11-13 23:24:40Z INFO ScriptHandler] Which2: 'powershell'
[2025-11-13 23:24:40Z INFO ScriptHandler] Location: 'C:\WINDOWS\System32\WindowsPowerShell\v1.0\powershell.EXE'
[2025-11-13 23:24:40Z INFO HostContext] Well known directory 'Bin': 'C:\Trabalho\actions-runner\bin'
[2025-11-13 23:24:40Z INFO HostContext] Well known directory 'Root': 'C:\Trabalho\actions-runner'
[2025-11-13 23:24:40Z INFO HostContext] Well known directory 'Work': 'C:\Trabalho\actions-runner\_work'
[2025-11-13 23:24:40Z INFO HostContext] Well known directory 'Temp': 'C:\Trabalho\actions-runner\_work\_temp'
[2025-11-13 23:24:40Z INFO ScriptHandler] Which2: 'powershell'
[2025-11-13 23:24:40Z INFO ScriptHandler] Location: 'C:\WINDOWS\System32\WindowsPowerShell\v1.0\powershell.EXE'
[2025-11-13 23:24:40Z INFO ProcessInvokerWrapper] Starting process:
[2025-11-13 23:24:40Z INFO ProcessInvokerWrapper]   File name: 'C:\WINDOWS\System32\WindowsPowerShell\v1.0\powershell.EXE'
[2025-11-13 23:24:40Z INFO ProcessInvokerWrapper]   Arguments: '-command ". 'C:\Trabalho\actions-runner\_work\_temp\c90dbd9f-8469-4c22-8429-230d5db2916e.ps1'"'
[2025-11-13 23:24:40Z INFO ProcessInvokerWrapper]   Working directory: 'C:\Trabalho\actions-runner\_work\Trabalho\Trabalho'
[2025-11-13 23:24:40Z INFO ProcessInvokerWrapper]   Require exit code zero: 'False'
[2025-11-13 23:24:40Z INFO ProcessInvokerWrapper]   Encoding web name:  ; code page: ''
[2025-11-13 23:24:40Z INFO ProcessInvokerWrapper]   Force kill process on cancellation: 'False'
[2025-11-13 23:24:40Z INFO ProcessInvokerWrapper]   Redirected STDIN: 'False'
[2025-11-13 23:24:40Z INFO ProcessInvokerWrapper]   Persist current code page: 'True'
[2025-11-13 23:24:40Z INFO ProcessInvokerWrapper]   Keep redirected STDIN open: 'False'
[2025-11-13 23:24:40Z INFO ProcessInvokerWrapper]   High priority process: 'False'
[2025-11-13 23:24:40Z INFO ProcessInvokerWrapper] Process started with process id 12004, waiting for process exit.
[2025-11-13 23:24:40Z INFO JobServerQueue] Try to append 1 batches web console lines for record '06e7527a-0b10-4f43-8403-e339c80ca4f8', success rate: 1/1.
[2025-11-13 23:24:40Z INFO JobServerQueue] Try to append 1 batches web console lines for record 'b445f06b-df98-4f73-b9b1-0158dbc11e5f', success rate: 1/1.
[2025-11-13 23:24:40Z INFO JobServerQueue] Try to upload 1 log files or attachments, success rate: 1/1.
[2025-11-13 23:24:41Z INFO JobServerQueue] Got a step log file to send to results service.
[2025-11-13 23:24:41Z INFO JobServerQueue] Starting upload of step log file to results service ResultsLog, C:\Trabalho\actions-runner\_diag\blocks\be150f4a-8978-4043-9a51-aaa375952667_06e7527a-0b10-4f43-8403-e339c80ca4f8.1
[2025-11-13 23:24:41Z INFO JobServerQueue] Try to append 1 batches web console lines for record 'b445f06b-df98-4f73-b9b1-0158dbc11e5f', success rate: 1/1.
[2025-11-13 23:24:41Z INFO ProcessInvokerWrapper] STDOUT/STDERR stream read finished.
[2025-11-13 23:24:41Z INFO ProcessInvokerWrapper] STDOUT/STDERR stream read finished.
[2025-11-13 23:24:41Z INFO ProcessInvokerWrapper] Finished process 12004 with exit code 0, and elapsed time 00:00:00.7762191.
[2025-11-13 23:24:41Z INFO CreateStepSummaryCommand] Step Summary file (C:\Trabalho\actions-runner\_work\_temp\_runner_file_commands\step_summary_a1f8637d-3a67-4c07-af51-f65b9a462fac) is empty; skipping attachment upload
[2025-11-13 23:24:41Z INFO StepsRunner] Step result: 
[2025-11-13 23:24:41Z INFO ExecutionContext] Publish step telemetry for current step {
  "action": "powershell",
  "type": "run",
  "stage": "Main",
  "stepId": "b445f06b-df98-4f73-b9b1-0158dbc11e5f",
  "stepContextName": "__run_4",
  "result": "succeeded",
  "errorMessages": [],
  "executionTimeInSeconds": 1,
  "startTime": "2025-11-13T23:24:40.3186434Z",
  "finishTime": "2025-11-13T23:24:41.1296601Z"
}.
[2025-11-13 23:24:41Z INFO StepsRunner] No need for updating job result with current step result 'Succeeded'.
[2025-11-13 23:24:41Z INFO StepsRunner] Current state: job state = ''
[2025-11-13 23:24:41Z INFO StepsRunner] Processing step: DisplayName='Apply base manifests'
[2025-11-13 23:24:41Z INFO StepsRunner] Evaluating: success()
[2025-11-13 23:24:41Z INFO StepsRunner] Result: true
[2025-11-13 23:24:41Z INFO StepsRunner] Starting the step.
[2025-11-13 23:24:41Z INFO HostContext] Well known directory 'Bin': 'C:\Trabalho\actions-runner\bin'
[2025-11-13 23:24:41Z INFO HostContext] Well known directory 'Root': 'C:\Trabalho\actions-runner'
[2025-11-13 23:24:41Z INFO HostContext] Well known directory 'Work': 'C:\Trabalho\actions-runner\_work'
[2025-11-13 23:24:41Z INFO StepsRunner] Which2: 'chcp'
[2025-11-13 23:24:41Z INFO StepsRunner] Location: 'C:\WINDOWS\system32\chcp.COM'
[2025-11-13 23:24:41Z INFO ProcessInvokerWrapper] Starting process:
[2025-11-13 23:24:41Z INFO ProcessInvokerWrapper]   File name: 'C:\WINDOWS\system32\chcp.COM'
[2025-11-13 23:24:41Z INFO ProcessInvokerWrapper]   Arguments: '65001'
[2025-11-13 23:24:41Z INFO ProcessInvokerWrapper]   Working directory: 'C:\Trabalho\actions-runner\_work'
[2025-11-13 23:24:41Z INFO ProcessInvokerWrapper]   Require exit code zero: 'False'
[2025-11-13 23:24:41Z INFO ProcessInvokerWrapper]   Encoding web name:  ; code page: ''
[2025-11-13 23:24:41Z INFO ProcessInvokerWrapper]   Force kill process on cancellation: 'False'
[2025-11-13 23:24:41Z INFO ProcessInvokerWrapper]   Redirected STDIN: 'False'
[2025-11-13 23:24:41Z INFO ProcessInvokerWrapper]   Persist current code page: 'True'
[2025-11-13 23:24:41Z INFO ProcessInvokerWrapper]   Keep redirected STDIN open: 'False'
[2025-11-13 23:24:41Z INFO ProcessInvokerWrapper]   High priority process: 'False'
[2025-11-13 23:24:41Z INFO ProcessInvokerWrapper] Process started with process id 7092, waiting for process exit.
[2025-11-13 23:24:41Z INFO ProcessInvokerWrapper] STDOUT/STDERR stream read finished.
[2025-11-13 23:24:41Z INFO ProcessInvokerWrapper] STDOUT/STDERR stream read finished.
[2025-11-13 23:24:41Z INFO ProcessInvokerWrapper] Finished process 7092 with exit code 0, and elapsed time 00:00:00.0107105.
[2025-11-13 23:24:41Z INFO StepsRunner] Successfully returned to code page 65001 (UTF8)
[2025-11-13 23:24:41Z INFO HostContext] Well known directory 'Bin': 'C:\Trabalho\actions-runner\bin'
[2025-11-13 23:24:41Z INFO HostContext] Well known directory 'Root': 'C:\Trabalho\actions-runner'
[2025-11-13 23:24:41Z INFO HostContext] Well known directory 'Work': 'C:\Trabalho\actions-runner\_work'
[2025-11-13 23:24:41Z INFO HostContext] Well known directory 'Temp': 'C:\Trabalho\actions-runner\_work\_temp'
[2025-11-13 23:24:41Z INFO ExecutionContext] Write event payload to C:\Trabalho\actions-runner\_work\_temp\_github_workflow\event.json
[2025-11-13 23:24:41Z INFO HostContext] Well known directory 'Bin': 'C:\Trabalho\actions-runner\bin'
[2025-11-13 23:24:41Z INFO HostContext] Well known directory 'Root': 'C:\Trabalho\actions-runner'
[2025-11-13 23:24:41Z INFO HostContext] Well known directory 'Work': 'C:\Trabalho\actions-runner\_work'
[2025-11-13 23:24:41Z INFO HostContext] Well known directory 'Temp': 'C:\Trabalho\actions-runner\_work\_temp'
[2025-11-13 23:24:41Z INFO ExtensionManager] Getting extensions for interface: 'GitHub.Runner.Worker.IFileCommandExtension'
[2025-11-13 23:24:41Z INFO ExtensionManager] Getting extensions for interface: 'GitHub.Runner.Worker.IActionCommandExtension'
[2025-11-13 23:24:41Z INFO ActionCommandManager] Register action command extension for command internal-set-repo-path
[2025-11-13 23:24:41Z INFO ActionCommandManager] Register action command extension for command set-env
[2025-11-13 23:24:41Z INFO ActionCommandManager] Register action command extension for command set-output
[2025-11-13 23:24:41Z INFO ActionCommandManager] Register action command extension for command save-state
[2025-11-13 23:24:41Z INFO ActionCommandManager] Register action command extension for command add-path
[2025-11-13 23:24:41Z INFO ActionCommandManager] Register action command extension for command add-mask
[2025-11-13 23:24:41Z INFO ActionCommandManager] Register action command extension for command add-matcher
[2025-11-13 23:24:41Z INFO ActionCommandManager] Register action command extension for command remove-matcher
[2025-11-13 23:24:41Z INFO ActionCommandManager] Register action command extension for command warning
[2025-11-13 23:24:41Z INFO ActionCommandManager] Register action command extension for command error
[2025-11-13 23:24:41Z INFO ActionCommandManager] Register action command extension for command notice
[2025-11-13 23:24:41Z INFO ActionCommandManager] Register action command extension for command debug
[2025-11-13 23:24:41Z INFO ActionCommandManager] Register action command extension for command group
[2025-11-13 23:24:41Z INFO ActionCommandManager] Register action command extension for command endgroup
[2025-11-13 23:24:41Z INFO ActionCommandManager] Register action command extension for command echo
[2025-11-13 23:24:41Z INFO ScriptHandler] Which2: 'powershell'
[2025-11-13 23:24:41Z INFO ScriptHandler] Location: 'C:\WINDOWS\System32\WindowsPowerShell\v1.0\powershell.EXE'
[2025-11-13 23:24:41Z INFO HostContext] Well known directory 'Bin': 'C:\Trabalho\actions-runner\bin'
[2025-11-13 23:24:41Z INFO HostContext] Well known directory 'Root': 'C:\Trabalho\actions-runner'
[2025-11-13 23:24:41Z INFO HostContext] Well known directory 'Work': 'C:\Trabalho\actions-runner\_work'
[2025-11-13 23:24:41Z INFO HostContext] Well known directory 'Temp': 'C:\Trabalho\actions-runner\_work\_temp'
[2025-11-13 23:24:41Z INFO ScriptHandler] Which2: 'powershell'
[2025-11-13 23:24:41Z INFO ScriptHandler] Location: 'C:\WINDOWS\System32\WindowsPowerShell\v1.0\powershell.EXE'
[2025-11-13 23:24:41Z INFO ProcessInvokerWrapper] Starting process:
[2025-11-13 23:24:41Z INFO ProcessInvokerWrapper]   File name: 'C:\WINDOWS\System32\WindowsPowerShell\v1.0\powershell.EXE'
[2025-11-13 23:24:41Z INFO ProcessInvokerWrapper]   Arguments: '-command ". 'C:\Trabalho\actions-runner\_work\_temp\67e8a66c-3bb4-41d1-bfc9-6598b6c9bf22.ps1'"'
[2025-11-13 23:24:41Z INFO ProcessInvokerWrapper]   Working directory: 'C:\Trabalho\actions-runner\_work\Trabalho\Trabalho'
[2025-11-13 23:24:41Z INFO ProcessInvokerWrapper]   Require exit code zero: 'False'
[2025-11-13 23:24:41Z INFO ProcessInvokerWrapper]   Encoding web name:  ; code page: ''
[2025-11-13 23:24:41Z INFO ProcessInvokerWrapper]   Force kill process on cancellation: 'False'
[2025-11-13 23:24:41Z INFO ProcessInvokerWrapper]   Redirected STDIN: 'False'
[2025-11-13 23:24:41Z INFO ProcessInvokerWrapper]   Persist current code page: 'True'
[2025-11-13 23:24:41Z INFO ProcessInvokerWrapper]   Keep redirected STDIN open: 'False'
[2025-11-13 23:24:41Z INFO ProcessInvokerWrapper]   High priority process: 'False'
[2025-11-13 23:24:41Z INFO ProcessInvokerWrapper] Process started with process id 10896, waiting for process exit.
[2025-11-13 23:24:41Z INFO JobServerQueue] Try to append 1 batches web console lines for record '43841b72-aa9d-46b6-ab84-5ec5895954f5', success rate: 1/1.
[2025-11-13 23:24:41Z INFO JobServerQueue] Tried to upload 2 file(s) to results, success rate: 2/2.
[2025-11-13 23:24:41Z INFO ProcessInvokerWrapper] STDOUT/STDERR stream read finished.
[2025-11-13 23:24:41Z INFO ProcessInvokerWrapper] STDOUT/STDERR stream read finished.
[2025-11-13 23:24:41Z INFO ProcessInvokerWrapper] Finished process 10896 with exit code 1, and elapsed time 00:00:00.6914179.
[2025-11-13 23:24:41Z INFO CreateStepSummaryCommand] Step Summary file (C:\Trabalho\actions-runner\_work\_temp\_runner_file_commands\step_summary_20d50dc9-1dd6-4a68-947d-b607c13010f5) is empty; skipping attachment upload
[2025-11-13 23:24:41Z INFO StepsRunner] Step result: Failed
[2025-11-13 23:24:41Z INFO ExecutionContext] Publish step telemetry for current step {
  "action": "powershell",
  "type": "run",
  "stage": "Main",
  "stepId": "43841b72-aa9d-46b6-ab84-5ec5895954f5",
  "stepContextName": "__run_5",
  "result": "failed",
  "errorMessages": [
    "Process completed with exit code 1."
  ],
  "executionTimeInSeconds": 1,
  "startTime": "2025-11-13T23:24:41.1309423Z",
  "finishTime": "2025-11-13T23:24:41.8554402Z"
}.
[2025-11-13 23:24:41Z INFO StepsRunner] Update job result with current step result 'Failed'.
[2025-11-13 23:24:41Z INFO StepsRunner] Current state: job state = 'Failed'
[2025-11-13 23:24:41Z INFO StepsRunner] Processing step: DisplayName='Apply app deployment'
[2025-11-13 23:24:41Z INFO StepsRunner] Evaluating: success()
[2025-11-13 23:24:41Z INFO StepsRunner] Result: false
[2025-11-13 23:24:41Z INFO StepsRunner] Skipping step due to condition evaluation.
[2025-11-13 23:24:41Z INFO StepsRunner] No need for updating job result with current step result 'Skipped'.
[2025-11-13 23:24:41Z INFO StepsRunner] Current state: job state = 'Failed'
[2025-11-13 23:24:41Z INFO StepsRunner] Processing step: DisplayName='Set image to new tag'
[2025-11-13 23:24:41Z INFO StepsRunner] Evaluating: success()
[2025-11-13 23:24:41Z INFO StepsRunner] Result: false
[2025-11-13 23:24:41Z INFO StepsRunner] Skipping step due to condition evaluation.
[2025-11-13 23:24:41Z INFO StepsRunner] No need for updating job result with current step result 'Skipped'.
[2025-11-13 23:24:41Z INFO StepsRunner] Current state: job state = 'Failed'
[2025-11-13 23:24:41Z INFO StepsRunner] Processing step: DisplayName='Wait rollout'
[2025-11-13 23:24:41Z INFO StepsRunner] Evaluating: success()
[2025-11-13 23:24:41Z INFO StepsRunner] Result: false
[2025-11-13 23:24:41Z INFO StepsRunner] Skipping step due to condition evaluation.
[2025-11-13 23:24:41Z INFO StepsRunner] No need for updating job result with current step result 'Skipped'.
[2025-11-13 23:24:41Z INFO StepsRunner] Current state: job state = 'Failed'
[2025-11-13 23:24:41Z INFO StepsRunner] Processing step: DisplayName='Show services/pods'
[2025-11-13 23:24:41Z INFO StepsRunner] Evaluating: success()
[2025-11-13 23:24:41Z INFO StepsRunner] Result: false
[2025-11-13 23:24:41Z INFO StepsRunner] Skipping step due to condition evaluation.
[2025-11-13 23:24:41Z INFO StepsRunner] No need for updating job result with current step result 'Skipped'.
[2025-11-13 23:24:41Z INFO StepsRunner] Current state: job state = 'Failed'
[2025-11-13 23:24:41Z INFO StepsRunner] Processing step: DisplayName='Post Checkout'
[2025-11-13 23:24:41Z INFO StepsRunner] Evaluating: always()
[2025-11-13 23:24:41Z INFO StepsRunner] Result: true
[2025-11-13 23:24:41Z INFO StepsRunner] Starting the step.
[2025-11-13 23:24:41Z INFO HostContext] Well known directory 'Bin': 'C:\Trabalho\actions-runner\bin'
[2025-11-13 23:24:41Z INFO HostContext] Well known directory 'Root': 'C:\Trabalho\actions-runner'
[2025-11-13 23:24:41Z INFO HostContext] Well known directory 'Work': 'C:\Trabalho\actions-runner\_work'
[2025-11-13 23:24:41Z INFO StepsRunner] Which2: 'chcp'
[2025-11-13 23:24:41Z INFO StepsRunner] Location: 'C:\WINDOWS\system32\chcp.COM'
[2025-11-13 23:24:41Z INFO ProcessInvokerWrapper] Starting process:
[2025-11-13 23:24:41Z INFO ProcessInvokerWrapper]   File name: 'C:\WINDOWS\system32\chcp.COM'
[2025-11-13 23:24:41Z INFO ProcessInvokerWrapper]   Arguments: '65001'
[2025-11-13 23:24:41Z INFO ProcessInvokerWrapper]   Working directory: 'C:\Trabalho\actions-runner\_work'
[2025-11-13 23:24:41Z INFO ProcessInvokerWrapper]   Require exit code zero: 'False'
[2025-11-13 23:24:41Z INFO ProcessInvokerWrapper]   Encoding web name:  ; code page: ''
[2025-11-13 23:24:41Z INFO ProcessInvokerWrapper]   Force kill process on cancellation: 'False'
[2025-11-13 23:24:41Z INFO ProcessInvokerWrapper]   Redirected STDIN: 'False'
[2025-11-13 23:24:41Z INFO ProcessInvokerWrapper]   Persist current code page: 'True'
[2025-11-13 23:24:41Z INFO ProcessInvokerWrapper]   Keep redirected STDIN open: 'False'
[2025-11-13 23:24:41Z INFO ProcessInvokerWrapper]   High priority process: 'False'
[2025-11-13 23:24:41Z INFO JobServerQueue] Try to upload 2 log files or attachments, success rate: 2/2.
[2025-11-13 23:24:41Z INFO ProcessInvokerWrapper] Process started with process id 2116, waiting for process exit.
[2025-11-13 23:24:41Z INFO ProcessInvokerWrapper] STDOUT/STDERR stream read finished.
[2025-11-13 23:24:41Z INFO ProcessInvokerWrapper] STDOUT/STDERR stream read finished.
[2025-11-13 23:24:41Z INFO ProcessInvokerWrapper] Finished process 2116 with exit code 0, and elapsed time 00:00:00.0197783.
[2025-11-13 23:24:41Z INFO StepsRunner] Successfully returned to code page 65001 (UTF8)
[2025-11-13 23:24:41Z INFO HostContext] Well known directory 'Bin': 'C:\Trabalho\actions-runner\bin'
[2025-11-13 23:24:41Z INFO HostContext] Well known directory 'Root': 'C:\Trabalho\actions-runner'
[2025-11-13 23:24:41Z INFO HostContext] Well known directory 'Work': 'C:\Trabalho\actions-runner\_work'
[2025-11-13 23:24:41Z INFO HostContext] Well known directory 'Actions': 'C:\Trabalho\actions-runner\_work\_actions'
[2025-11-13 23:24:41Z INFO ActionManager] Load action that reference repository from 'C:\Trabalho\actions-runner\_work\_actions\actions\checkout\v4'
[2025-11-13 23:24:41Z INFO HostContext] Well known directory 'Bin': 'C:\Trabalho\actions-runner\bin'
[2025-11-13 23:24:41Z INFO HostContext] Well known directory 'Root': 'C:\Trabalho\actions-runner'
[2025-11-13 23:24:41Z INFO HostContext] Well known directory 'Work': 'C:\Trabalho\actions-runner\_work'
[2025-11-13 23:24:41Z INFO HostContext] Well known directory 'Actions': 'C:\Trabalho\actions-runner\_work\_actions'
[2025-11-13 23:24:41Z INFO ActionManifestManager] Loaded action.yml file: {
  "name": "Checkout",
  "description": "Checkout a Git repository at a particular version",
  "inputs": {
    "type": 2,
    "map": [
      {
        "key": {
          "type": 0,
          "file": 2,
          "line": 4,
          "col": 3,
          "lit": "repository"
        },
        "value": {
          "type": 3,
          "file": 2,
          "line": 6,
          "col": 14,
          "expr": "github.repository"
        }
      },
      {
        "key": {
          "type": 0,
          "file": 2,
          "line": 7,
          "col": 3,
          "lit": "ref"
        },
        "value": ""
      },
      {
        "key": {
          "type": 0,
          "file": 2,
          "line": 12,
          "col": 3,
          "lit": "token"
        },
        "value": {
          "type": 3,
          "file": 2,
          "line": 24,
          "col": 14,
          "expr": "github.token"
        }
      },
      {
        "key": {
          "type": 0,
          "file": 2,
          "line": 25,
          "col": 3,
          "lit": "ssh-key"
        },
        "value": ""
      },
      {
        "key": {
          "type": 0,
          "file": 2,
          "line": 37,
          "col": 3,
          "lit": "ssh-known-hosts"
        },
        "value": ""
      },
      {
        "key": {
          "type": 0,
          "file": 2,
          "line": 42,
          "col": 3,
          "lit": "ssh-strict"
        },
        "value": {
          "type": 0,
          "file": 2,
          "line": 47,
          "col": 14,
          "lit": "true"
        }
      },
      {
        "key": {
          "type": 0,
          "file": 2,
          "line": 48,
          "col": 3,
          "lit": "ssh-user"
        },
        "value": {
          "type": 0,
          "file": 2,
          "line": 51,
          "col": 14,
          "lit": "git"
        }
      },
      {
        "key": {
          "type": 0,
          "file": 2,
          "line": 52,
          "col": 3,
          "lit": "persist-credentials"
        },
        "value": {
          "type": 0,
          "file": 2,
          "line": 54,
          "col": 14,
          "lit": "true"
        }
      },
      {
        "key": {
          "type": 0,
          "file": 2,
          "line": 55,
          "col": 3,
          "lit": "path"
        },
        "value": ""
      },
      {
        "key": {
          "type": 0,
          "file": 2,
          "line": 57,
          "col": 3,
          "lit": "clean"
        },
        "value": {
          "type": 0,
          "file": 2,
          "line": 59,
          "col": 14,
          "lit": "true"
        }
      },
      {
        "key": {
          "type": 0,
          "file": 2,
          "line": 60,
          "col": 3,
          "lit": "filter"
        },
        "value": {
          "type": 0,
          "file": 2,
          "line": 64,
          "col": 14,
          "lit": ""
        }
      },
      {
        "key": {
          "type": 0,
          "file": 2,
          "line": 65,
          "col": 3,
          "lit": "sparse-checkout"
        },
        "value": {
          "type": 0,
          "file": 2,
          "line": 69,
          "col": 14,
          "lit": ""
        }
      },
      {
        "key": {
          "type": 0,
          "file": 2,
          "line": 70,
          "col": 3,
          "lit": "sparse-checkout-cone-mode"
        },
        "value": {
          "type": 0,
          "file": 2,
          "line": 73,
          "col": 14,
          "lit": "true"
        }
      },
      {
        "key": {
          "type": 0,
          "file": 2,
          "line": 74,
          "col": 3,
          "lit": "fetch-depth"
        },
        "value": {
          "type": 0,
          "file": 2,
          "line": 76,
          "col": 14,
          "lit": "1"
        }
      },
      {
        "key": {
          "type": 0,
          "file": 2,
          "line": 77,
          "col": 3,
          "lit": "fetch-tags"
        },
        "value": {
          "type": 0,
          "file": 2,
          "line": 79,
          "col": 14,
          "lit": "false"
        }
      },
      {
        "key": {
          "type": 0,
          "file": 2,
          "line": 80,
          "col": 3,
          "lit": "show-progress"
        },
        "value": {
          "type": 0,
          "file": 2,
          "line": 82,
          "col": 14,
          "lit": "true"
        }
      },
      {
        "key": {
          "type": 0,
          "file": 2,
          "line": 83,
          "col": 3,
          "lit": "lfs"
        },
        "value": {
          "type": 0,
          "file": 2,
          "line": 85,
          "col": 14,
          "lit": "false"
        }
      },
      {
        "key": {
          "type": 0,
          "file": 2,
          "line": 86,
          "col": 3,
          "lit": "submodules"
        },
        "value": {
          "type": 0,
          "file": 2,
          "line": 94,
          "col": 14,
          "lit": "false"
        }
      },
      {
        "key": {
          "type": 0,
          "file": 2,
          "line": 95,
          "col": 3,
          "lit": "set-safe-directory"
        },
        "value": {
          "type": 0,
          "file": 2,
          "line": 97,
          "col": 14,
          "lit": "true"
        }
      },
      {
        "key": {
          "type": 0,
          "file": 2,
          "line": 98,
          "col": 3,
          "lit": "github-server-url"
        },
        "value": ""
      }
    ]
  },
  "execution": {
    "executionType": "nodeJS",
    "hasPre": false,
    "hasPost": true,
    "script": "dist/index.js",
    "pre": null,
    "post": "dist/index.js",
    "nodeVersion": "node20",
    "cleanupCondition": "always()",
    "initCondition": "always()"
  },
  "deprecated": null
}
[2025-11-13 23:24:41Z INFO ActionManager] Action pre node.js file: N/A.
[2025-11-13 23:24:41Z INFO ActionManager] Action node.js file: dist/index.js.
[2025-11-13 23:24:41Z INFO ActionManager] Action post node.js file: dist/index.js.
[2025-11-13 23:24:41Z INFO HostContext] Well known directory 'Bin': 'C:\Trabalho\actions-runner\bin'
[2025-11-13 23:24:41Z INFO HostContext] Well known directory 'Root': 'C:\Trabalho\actions-runner'
[2025-11-13 23:24:41Z INFO HostContext] Well known directory 'Work': 'C:\Trabalho\actions-runner\_work'
[2025-11-13 23:24:41Z INFO HostContext] Well known directory 'Temp': 'C:\Trabalho\actions-runner\_work\_temp'
[2025-11-13 23:24:41Z INFO ExecutionContext] Write event payload to C:\Trabalho\actions-runner\_work\_temp\_github_workflow\event.json
[2025-11-13 23:24:41Z INFO HostContext] Well known directory 'Bin': 'C:\Trabalho\actions-runner\bin'
[2025-11-13 23:24:41Z INFO HostContext] Well known directory 'Root': 'C:\Trabalho\actions-runner'
[2025-11-13 23:24:41Z INFO HostContext] Well known directory 'Work': 'C:\Trabalho\actions-runner\_work'
[2025-11-13 23:24:41Z INFO HostContext] Well known directory 'Temp': 'C:\Trabalho\actions-runner\_work\_temp'
[2025-11-13 23:24:41Z INFO ExtensionManager] Getting extensions for interface: 'GitHub.Runner.Worker.IFileCommandExtension'
[2025-11-13 23:24:41Z INFO ActionManifestManager] Input 'repository': *** value evaluate result: {
  "type": 0,
  "file": 2,
  "line": 6,
  "col": 14,
  "lit": "potinhek/Trabalho"
}
[2025-11-13 23:24:41Z INFO ActionManifestManager] Input 'ref': *** value evaluate result: ""
[2025-11-13 23:24:41Z INFO ActionManifestManager] Input 'token': *** value evaluate result: {
  "type": 0,
  "file": 2,
  "line": 24,
  "col": 14,
  "lit": "***"
}
[2025-11-13 23:24:41Z INFO ActionManifestManager] Input 'ssh-key': *** value evaluate result: ""
[2025-11-13 23:24:41Z INFO ActionManifestManager] Input 'ssh-known-hosts': *** value evaluate result: ""
[2025-11-13 23:24:41Z INFO ActionManifestManager] Input 'ssh-strict': *** value evaluate result: {
  "type": 0,
  "file": 2,
  "line": 47,
  "col": 14,
  "lit": "true"
}
[2025-11-13 23:24:41Z INFO ActionManifestManager] Input 'ssh-user': *** value evaluate result: {
  "type": 0,
  "file": 2,
  "line": 51,
  "col": 14,
  "lit": "git"
}
[2025-11-13 23:24:41Z INFO ActionManifestManager] Input 'persist-credentials': *** value evaluate result: {
  "type": 0,
  "file": 2,
  "line": 54,
  "col": 14,
  "lit": "true"
}
[2025-11-13 23:24:41Z INFO ActionManifestManager] Input 'path': *** value evaluate result: ""
[2025-11-13 23:24:41Z INFO ActionManifestManager] Input 'clean': *** value evaluate result: {
  "type": 0,
  "file": 2,
  "line": 59,
  "col": 14,
  "lit": "true"
}
[2025-11-13 23:24:41Z INFO ActionManifestManager] Input 'filter': *** value evaluate result: {
  "type": 0,
  "file": 2,
  "line": 64,
  "col": 14,
  "lit": ""
}
[2025-11-13 23:24:41Z INFO ActionManifestManager] Input 'sparse-checkout': *** value evaluate result: {
  "type": 0,
  "file": 2,
  "line": 69,
  "col": 14,
  "lit": ""
}
[2025-11-13 23:24:41Z INFO ActionManifestManager] Input 'sparse-checkout-cone-mode': *** value evaluate result: {
  "type": 0,
  "file": 2,
  "line": 73,
  "col": 14,
  "lit": "true"
}
[2025-11-13 23:24:41Z INFO ActionManifestManager] Input 'fetch-depth': *** value evaluate result: {
  "type": 0,
  "file": 2,
  "line": 76,
  "col": 14,
  "lit": "1"
}
[2025-11-13 23:24:41Z INFO ActionManifestManager] Input 'fetch-tags': *** value evaluate result: {
  "type": 0,
  "file": 2,
  "line": 79,
  "col": 14,
  "lit": "false"
}
[2025-11-13 23:24:41Z INFO ActionManifestManager] Input 'show-progress': *** value evaluate result: {
  "type": 0,
  "file": 2,
  "line": 82,
  "col": 14,
  "lit": "true"
}
[2025-11-13 23:24:41Z INFO ActionManifestManager] Input 'lfs': *** value evaluate result: {
  "type": 0,
  "file": 2,
  "line": 85,
  "col": 14,
  "lit": "false"
}
[2025-11-13 23:24:41Z INFO ActionManifestManager] Input 'submodules': *** value evaluate result: {
  "type": 0,
  "file": 2,
  "line": 94,
  "col": 14,
  "lit": "false"
}
[2025-11-13 23:24:41Z INFO ActionManifestManager] Input 'set-safe-directory': *** value evaluate result: {
  "type": 0,
  "file": 2,
  "line": 97,
  "col": 14,
  "lit": "true"
}
[2025-11-13 23:24:41Z INFO ActionManifestManager] Input 'github-server-url': *** value evaluate result: ""
[2025-11-13 23:24:41Z INFO ExtensionManager] Getting extensions for interface: 'GitHub.Runner.Worker.IActionCommandExtension'
[2025-11-13 23:24:41Z INFO ActionCommandManager] Register action command extension for command internal-set-repo-path
[2025-11-13 23:24:41Z INFO ActionCommandManager] Register action command extension for command set-env
[2025-11-13 23:24:41Z INFO ActionCommandManager] Register action command extension for command set-output
[2025-11-13 23:24:41Z INFO ActionCommandManager] Register action command extension for command save-state
[2025-11-13 23:24:41Z INFO ActionCommandManager] Register action command extension for command add-path
[2025-11-13 23:24:41Z INFO ActionCommandManager] Register action command extension for command add-mask
[2025-11-13 23:24:41Z INFO ActionCommandManager] Register action command extension for command add-matcher
[2025-11-13 23:24:41Z INFO ActionCommandManager] Register action command extension for command remove-matcher
[2025-11-13 23:24:41Z INFO ActionCommandManager] Register action command extension for command warning
[2025-11-13 23:24:41Z INFO ActionCommandManager] Register action command extension for command error
[2025-11-13 23:24:41Z INFO ActionCommandManager] Register action command extension for command notice
[2025-11-13 23:24:41Z INFO ActionCommandManager] Register action command extension for command debug
[2025-11-13 23:24:41Z INFO ActionCommandManager] Register action command extension for command group
[2025-11-13 23:24:41Z INFO ActionCommandManager] Register action command extension for command endgroup
[2025-11-13 23:24:41Z INFO ActionCommandManager] Register action command extension for command echo
[2025-11-13 23:24:41Z INFO HostContext] Well known directory 'Bin': 'C:\Trabalho\actions-runner\bin'
[2025-11-13 23:24:41Z INFO HostContext] Well known directory 'Root': 'C:\Trabalho\actions-runner'
[2025-11-13 23:24:41Z INFO HostContext] Well known directory 'Externals': 'C:\Trabalho\actions-runner\externals'
[2025-11-13 23:24:41Z INFO ProcessInvokerWrapper] Starting process:
[2025-11-13 23:24:41Z INFO ProcessInvokerWrapper]   File name: 'C:\Trabalho\actions-runner\externals\node20\bin\node.exe'
[2025-11-13 23:24:41Z INFO ProcessInvokerWrapper]   Arguments: '"C:\Trabalho\actions-runner\_work\_actions\actions\checkout\v4\dist/index.js"'
[2025-11-13 23:24:41Z INFO ProcessInvokerWrapper]   Working directory: 'C:\Trabalho\actions-runner\_work\Trabalho\Trabalho'
[2025-11-13 23:24:41Z INFO ProcessInvokerWrapper]   Require exit code zero: 'False'
[2025-11-13 23:24:41Z INFO ProcessInvokerWrapper]   Encoding web name: utf-8 ; code page: '65001'
[2025-11-13 23:24:41Z INFO ProcessInvokerWrapper]   Force kill process on cancellation: 'False'
[2025-11-13 23:24:41Z INFO ProcessInvokerWrapper]   Redirected STDIN: 'False'
[2025-11-13 23:24:41Z INFO ProcessInvokerWrapper]   Persist current code page: 'True'
[2025-11-13 23:24:41Z INFO ProcessInvokerWrapper]   Keep redirected STDIN open: 'False'
[2025-11-13 23:24:41Z INFO ProcessInvokerWrapper]   High priority process: 'False'
[2025-11-13 23:24:41Z INFO ProcessInvokerWrapper] Process started with process id 2468, waiting for process exit.
[2025-11-13 23:24:42Z INFO JobServerQueue] Try to append 1 batches web console lines for record '43841b72-aa9d-46b6-ab84-5ec5895954f5', success rate: 1/1.
[2025-11-13 23:24:42Z INFO JobServerQueue] Try to append 1 batches web console lines for record '355d518d-081e-498b-a92b-d77c9a1f833a', success rate: 1/1.
[2025-11-13 23:24:42Z INFO AddMaskCommandExtension] Add new secret mask with length of 32
[2025-11-13 23:24:42Z INFO JobServerQueue] Try to append 1 batches web console lines for record '355d518d-081e-498b-a92b-d77c9a1f833a', success rate: 1/1.
[2025-11-13 23:24:42Z INFO JobServerQueue] Got a step log file to send to results service.
[2025-11-13 23:24:42Z INFO JobServerQueue] Starting upload of step log file to results service ResultsLog, C:\Trabalho\actions-runner\_diag\blocks\be150f4a-8978-4043-9a51-aaa375952667_b445f06b-df98-4f73-b9b1-0158dbc11e5f.1
[2025-11-13 23:24:43Z INFO JobServerQueue] Got a step log file to send to results service.
[2025-11-13 23:24:43Z INFO JobServerQueue] Starting upload of step log file to results service ResultsLog, C:\Trabalho\actions-runner\_diag\blocks\be150f4a-8978-4043-9a51-aaa375952667_43841b72-aa9d-46b6-ab84-5ec5895954f5.1
[2025-11-13 23:24:43Z INFO ProcessInvokerWrapper] STDOUT/STDERR stream read finished.
[2025-11-13 23:24:43Z INFO ProcessInvokerWrapper] STDOUT/STDERR stream read finished.
[2025-11-13 23:24:43Z INFO ProcessInvokerWrapper] Finished process 2468 with exit code 0, and elapsed time 00:00:01.6712839.
[2025-11-13 23:24:43Z INFO CreateStepSummaryCommand] Step Summary file (C:\Trabalho\actions-runner\_work\_temp\_runner_file_commands\step_summary_c3e83ab7-6997-4158-b63d-de30a9760225) is empty; skipping attachment upload
[2025-11-13 23:24:43Z INFO StepsRunner] Step result: 
[2025-11-13 23:24:43Z INFO ExecutionContext] Publish step telemetry for current step {
  "action": "actions/checkout",
  "ref": "v4",
  "type": "node20",
  "stage": "Post",
  "stepId": "355d518d-081e-498b-a92b-d77c9a1f833a",
  "result": "succeeded",
  "errorMessages": [
    "The process 'C:\\Program Files\\Git\\cmd\\git.exe' failed with exit code 128"
  ],
  "executionTimeInSeconds": 2,
  "startTime": "2025-11-13T23:24:41.8628241Z",
  "finishTime": "2025-11-13T23:24:43.5840493Z"
}.
[2025-11-13 23:24:43Z INFO StepsRunner] No need for updating job result with current step result 'Succeeded'.
[2025-11-13 23:24:43Z INFO StepsRunner] Current state: job state = 'Failed'
[2025-11-13 23:24:43Z INFO JobRunner] Finalize job.
[2025-11-13 23:24:43Z INFO HostContext] Well known directory 'Bin': 'C:\Trabalho\actions-runner\bin'
[2025-11-13 23:24:43Z INFO HostContext] Well known directory 'Root': 'C:\Trabalho\actions-runner'
[2025-11-13 23:24:43Z INFO HostContext] Well known directory 'Diag': 'C:\Trabalho\actions-runner\_diag'
[2025-11-13 23:24:43Z INFO HostContext] Well known directory 'Bin': 'C:\Trabalho\actions-runner\bin'
[2025-11-13 23:24:43Z INFO HostContext] Well known directory 'Root': 'C:\Trabalho\actions-runner'
[2025-11-13 23:24:43Z INFO HostContext] Well known directory 'Diag': 'C:\Trabalho\actions-runner\_diag'
[2025-11-13 23:24:43Z INFO JobExtension] Initialize Env context
[2025-11-13 23:24:43Z INFO JobExtension] Initialize steps context
[2025-11-13 23:24:43Z INFO JobExtension] Total accessible running process: 275.
[2025-11-13 23:24:43Z INFO JobExtension] Inspecting process environment variables. PID: 3380 (svchost)
[2025-11-13 23:24:43Z WARN JobExtension] Ignore exception during read process environment variables: Acesso negado.
[2025-11-13 23:24:43Z INFO JobServerQueue] Try to append 1 batches web console lines for record '355d518d-081e-498b-a92b-d77c9a1f833a', success rate: 1/1.
[2025-11-13 23:24:43Z INFO JobServerQueue] Try to append 1 batches web console lines for record 'c61f7694-c070-4c50-8cde-ba418cf1c666', success rate: 1/1.
[2025-11-13 23:24:43Z INFO JobExtension] Inspecting process environment variables. PID: 16728 (RuntimeBroker)
[2025-11-13 23:24:43Z INFO JobExtension] Inspecting process environment variables. PID: 7732 (docker)
[2025-11-13 23:24:43Z WARN JobExtension] Ignore exception during read process environment variables: Cannot process request because the process (7732) has exited.
[2025-11-13 23:24:43Z INFO JobExtension] Inspecting process environment variables. PID: 15216 (conhost)
[2025-11-13 23:24:43Z WARN JobExtension] Ignore exception during read process environment variables: Cannot process request because the process (15216) has exited.
[2025-11-13 23:24:43Z INFO ExecutionContext] Publish step telemetry for current step {
  "action": "complete_job",
  "type": "runner",
  "stage": "Post",
  "stepId": "c61f7694-c070-4c50-8cde-ba418cf1c666",
  "result": "succeeded",
  "errorMessages": [],
  "executionTimeInSeconds": 1,
  "startTime": "2025-11-13T23:24:43.5956912Z",
  "finishTime": "2025-11-13T23:24:43.6455226Z"
}.
[2025-11-13 23:24:43Z INFO JobRunner] Job result after all job steps finish: Failed
[2025-11-13 23:24:43Z INFO JobRunner] Completing the job execution context.
[2025-11-13 23:24:43Z INFO JobRunner] Shutting down the job server queue.
[2025-11-13 23:24:43Z INFO JobServerQueue] Fire signal to shutdown all queues.
[2025-11-13 23:24:44Z INFO JobServerQueue] Tried to upload 2 file(s) to results, success rate: 2/2.
[2025-11-13 23:24:45Z INFO JobServerQueue] All queue process task stopped.
[2025-11-13 23:24:45Z INFO JobServerQueue] Web console line queue drained.
[2025-11-13 23:24:45Z INFO JobServerQueue] Uploading 3 files in one shot.
[2025-11-13 23:24:45Z INFO JobServerQueue] Try to upload 3 log files or attachments, success rate: 3/3.
[2025-11-13 23:24:45Z INFO JobServerQueue] File upload queue drained.
[2025-11-13 23:24:45Z INFO JobServerQueue] Starting results-based upload queue...
[2025-11-13 23:24:45Z INFO JobServerQueue] Uploading 3 file(s) in one shot through results service.
[2025-11-13 23:24:45Z INFO JobServerQueue] Got a step log file to send to results service.
[2025-11-13 23:24:45Z INFO JobServerQueue] Starting upload of step log file to results service ResultsLog, C:\Trabalho\actions-runner\_diag\blocks\be150f4a-8978-4043-9a51-aaa375952667_355d518d-081e-498b-a92b-d77c9a1f833a.1
[2025-11-13 23:24:46Z INFO JobServerQueue] Got a step log file to send to results service.
[2025-11-13 23:24:46Z INFO JobServerQueue] Starting upload of step log file to results service ResultsLog, C:\Trabalho\actions-runner\_diag\blocks\be150f4a-8978-4043-9a51-aaa375952667_c61f7694-c070-4c50-8cde-ba418cf1c666.1
[2025-11-13 23:24:47Z INFO JobServerQueue] Got a job log file to send to results service.
[2025-11-13 23:24:47Z INFO JobServerQueue] Starting upload of job log file to results service ResultsLog, C:\Trabalho\actions-runner\_diag\blocks\be150f4a-8978-4043-9a51-aaa375952667_365449bc-f54e-5e9a-b0ce-8856d33cd74d.1
[2025-11-13 23:24:47Z INFO JobServerQueue] Tried to upload 3 file(s) to results, success rate: 3/3.
[2025-11-13 23:24:47Z INFO JobServerQueue] Results upload queue drained.
[2025-11-13 23:24:47Z INFO JobServerQueue] Timeline update queue drained.
[2025-11-13 23:24:47Z INFO JobServerQueue] Disposing job server ...
[2025-11-13 23:24:47Z INFO JobServerQueue] Disposing results server ...
[2025-11-13 23:24:47Z INFO JobServerQueue] All queue process tasks have been stopped, and all queues are drained.
[2025-11-13 23:24:47Z INFO TempDirectoryManager] Cleaning runner temp folder: C:\Trabalho\actions-runner\_work\_temp
[2025-11-13 23:24:48Z INFO HostContext] Well known directory 'Bin': 'C:\Trabalho\actions-runner\bin'
[2025-11-13 23:24:48Z INFO HostContext] Well known directory 'Root': 'C:\Trabalho\actions-runner'
[2025-11-13 23:24:48Z INFO HostContext] Well known directory 'Diag': 'C:\Trabalho\actions-runner\_diag'
[2025-11-13 23:24:48Z INFO HostContext] Well known config file 'Telemetry': 'C:\Trabalho\actions-runner\_diag\.telemetry'
[2025-11-13 23:24:48Z INFO JobRunner] Raising job completed against run service
[2025-11-13 23:24:48Z INFO Worker] Job completed.
